NEV;VALUE;M_KOD;VON_IDO
Ajkai járás;111,2268446;TYWA001;2024
Aszódi járás;125,885586;TYWA001;2024
Bácsalmási járás;32,47541046;TYWA001;2024
Bajai járás;58,6493079;TYWA001;2024
Baktalórántházai járás;68,03033876;TYWA001;2024
Balassagyarmati járás;67,16272078;TYWA001;2024
Balatonalmádi járás;112,5338895;TYWA001;2024
Balatonfüredi járás;71,21212121;TYWA001;2024
Balmazújvárosi járás;34,5556509;TYWA001;2024
Barcsi járás;29,26759229;TYWA001;2024
Bátonyterenyei járás;86,40983987;TYWA001;2024
Békéscsabai járás;114,7997359;TYWA001;2024
Békési járás;61,31716233;TYWA001;2024
Bélapátfalvai járás;42,99297916;TYWA001;2024
Berettyóújfalui járás;37,65771806;TYWA001;2024
Bicskei járás;62,45568526;TYWA001;2024
Bólyi járás;49,87050752;TYWA001;2024
Bonyhádi járás;57,54257908;TYWA001;2024
Budakeszi járás;342,0008998;TYWA001;2024
Budapest, illetve fiktív területi egység;3209,249491;TYWA001;2024
Ceglédi járás;100,9882895;TYWA001;2024
Celldömölki járás;46,84580178;TYWA001;2024
Cigándi járás;36,52238576;TYWA001;2024
Csengeri járás;50,08721756;TYWA001;2024
Csongrádi járás;60,58542625;TYWA001;2024
Csornai járás;54,8209604;TYWA001;2024
Csurgói járás;29,35972107;TYWA001;2024
Dabasi járás;83,51789727;TYWA001;2024
Debreceni járás;407,3390695;TYWA001;2024
Derecskei járás;62,3631443;TYWA001;2024
Devecseri járás;32,91592553;TYWA001;2024
Dombóvári járás;55,5479156;TYWA001;2024
Dunakeszi járás;827,7165654;TYWA001;2024
Dunaújvárosi járás;134,329667;TYWA001;2024
Edelényi járás;44,17914606;TYWA001;2024
Egri járás;132,4192343;TYWA001;2024
Encsi járás;56,19334549;TYWA001;2024
Enyingi járás;44,62529436;TYWA001;2024
Érdi járás;715,084102;TYWA001;2024
Esztergomi járás;170,8093023;TYWA001;2024
Fehérgyarmati járás;48,56750947;TYWA001;2024
Fonyódi járás;50,63832424;TYWA001;2024
Füzesabonyi járás;48,1479561;TYWA001;2024
Gárdonyi járás;125,4147248;TYWA001;2024
Gödöllői járás;357,4193835;TYWA001;2024
Gönci járás;31,7544698;TYWA001;2024
Gyáli járás;254,734195;TYWA001;2024
Gyomaendrődi járás;29,4516256;TYWA001;2024
Gyöngyösi járás;90,03149671;TYWA001;2024
Győri járás;223,8234286;TYWA001;2024
Gyulai járás;88,36911014;TYWA001;2024
Hajdúböszörményi járás;79,71318865;TYWA001;2024
Hajdúhadházi járás;172,2051956;TYWA001;2024
Hajdúnánási járás;50,58563415;TYWA001;2024
Hajdúszoboszlói járás;57,63718264;TYWA001;2024
Hatvani járás;134,0342047;TYWA001;2024
Hegyháti járás;30,16467066;TYWA001;2024
Hevesi járás;47,26808852;TYWA001;2024
Hódmezővásárhelyi járás;71,92979983;TYWA001;2024
Ibrányi járás;71,4683893;TYWA001;2024
Jánoshalmai járás;34,63465743;TYWA001;2024
Jászapáti járás;56,71962531;TYWA001;2024
Jászberényi járás;78,86906209;TYWA001;2024
Kalocsai járás;42,27872649;TYWA001;2024
Kaposvári járás;66,76050674;TYWA001;2024
Kapuvári járás;61,03260038;TYWA001;2024
Karcagi járás;43,77201782;TYWA001;2024
Kazincbarcikai járás;168,229441;TYWA001;2024
Kecskeméti járás;128,2830533;TYWA001;2024
Kemecsei járás;83,36648131;TYWA001;2024
Keszthelyi járás;89,47918416;TYWA001;2024
Kisbéri járás;37,1371489;TYWA001;2024
Kiskőrösi járás;45,19653553;TYWA001;2024
Kiskunfélegyházi járás;60,40661435;TYWA001;2024
Kiskunhalasi járás;47,85139469;TYWA001;2024
Kiskunmajsai járás;36,85338168;TYWA001;2024
Kisteleki járás;41,72598732;TYWA001;2024
Kisvárdai járás;96,07303317;TYWA001;2024
Komáromi járás;103,9096553;TYWA001;2024
Komlói járás;107,1150164;TYWA001;2024
Körmendi járás;39,98502921;TYWA001;2024
Kőszegi járás;89,34892651;TYWA001;2024
Kunhegyesi járás;40,88639201;TYWA001;2024
Kunszentmártoni járás;54,06858749;TYWA001;2024
Kunszentmiklósi járás;37,69972201;TYWA001;2024
Lenti járás;28,05395793;TYWA001;2024
Letenyei járás;36,5505352;TYWA001;2024
Makói járás;59,37799321;TYWA001;2024
Marcali járás;35,53639529;TYWA001;2024
Martonvásári járás;101,4213564;TYWA001;2024
Mátészalkai járás;94,62933615;TYWA001;2024
Mezőcsáti járás;37,96077538;TYWA001;2024
Mezőkovácsházai járás;36,27834689;TYWA001;2024
Mezőkövesdi járás;52,99035459;TYWA001;2024
Mezőtúri járás;33,65254774;TYWA001;2024
Miskolci járás;226,8132478;TYWA001;2024
Mohácsi járás;53,39356728;TYWA001;2024
Monori járás;210,9769609;TYWA001;2024
Mórahalmi járás;50,62040482;TYWA001;2024
Móri járás;79,8419351;TYWA001;2024
Mosonmagyaróvári járás;88,88604894;TYWA001;2024
Nagyatádi járás;34,47385909;TYWA001;2024
Nagykállói járás;73,90268439;TYWA001;2024
Nagykanizsai járás;76,16446202;TYWA001;2024
Nagykátai járás;106,8739462;TYWA001;2024
Nagykőrösi járás;76,77308518;TYWA001;2024
Nyíradonyi járás;54,59355648;TYWA001;2024
Nyírbátori járás;56,71939882;TYWA001;2024
Nyíregyházai járás;199,2057904;TYWA001;2024
Orosházi járás;61,41833292;TYWA001;2024
Oroszlányi járás;126,525904;TYWA001;2024
Ózdi járás;123,4312988;TYWA001;2024
Paksi járás;54,48803828;TYWA001;2024
Pannonhalmi járás;50,81961965;TYWA001;2024
Pápai járás;52,6422426;TYWA001;2024
Pásztói járás;51,84285429;TYWA001;2024
Pécsi járás;278,3703537;TYWA001;2024
Pécsváradi járás;43,79970784;TYWA001;2024
Pétervásárai járás;39,14242411;TYWA001;2024
Pilisvörösvári járás;442,392052;TYWA001;2024
Putnoki járás;42,62274133;TYWA001;2024
Püspökladányi járás;48,34988478;TYWA001;2024
Ráckevei járás;94,29597701;TYWA001;2024
Rétsági járás;55,69960692;TYWA001;2024
Salgótarjáni járás;103,4537908;TYWA001;2024
Sárbogárdi járás;39,8488187;TYWA001;2024
Sarkadi járás;34,22421493;TYWA001;2024
Sárospataki járás;42,92802412;TYWA001;2024
Sárvári járás;53,92291308;TYWA001;2024
Sátoraljaújhelyi járás;60,24643724;TYWA001;2024
Sellyei járás;24,92859892;TYWA001;2024
Siklósi járás;50,99924961;TYWA001;2024
Siófoki járás;76,93174035;TYWA001;2024
Soproni járás;120,7230905;TYWA001;2024
Sümegi járás;45,76287785;TYWA001;2024
Szarvasi járás;50,28862409;TYWA001;2024
Szécsényi járás;60,67869175;TYWA001;2024
Szegedi járás;262,7081366;TYWA001;2024
Szeghalmi járás;35,27072628;TYWA001;2024
Székesfehérvári járás;143,7762104;TYWA001;2024
Szekszárdi járás;79,9670817;TYWA001;2024
Szentendrei járás;269,5602915;TYWA001;2024
Szentesi járás;43,45694485;TYWA001;2024
Szentgotthárdi járás;53,88174404;TYWA001;2024
Szentlőrinci járás;48,11273989;TYWA001;2024
Szerencsi járás;75,75656454;TYWA001;2024
Szigetszentmiklósi járás;610,6686844;TYWA001;2024
Szigetvári járás;34,17534564;TYWA001;2024
Szikszói járás;55,86276032;TYWA001;2024
Szobi járás;57,31821397;TYWA001;2024
Szolnoki járás;117,4689441;TYWA001;2024
Szombathelyi járás;169,8093942;TYWA001;2024
Tabi járás;26,6033143;TYWA001;2024
Tamási járás;32,99901961;TYWA001;2024
Tapolcai járás;59,66153162;TYWA001;2024
Tatabányai járás;253,7234684;TYWA001;2024
Tatai járás;129,6710462;TYWA001;2024
Téti járás;56,40658817;TYWA001;2024
Tiszafüredi járás;42,12141556;TYWA001;2024
Tiszakécskei járás;59,32412128;TYWA001;2024
Tiszaújvárosi járás;116,4798071;TYWA001;2024
Tiszavasvári járás;65,94417508;TYWA001;2024
Tokaji járás;43,88413275;TYWA001;2024
Tolnai járás;83,68251803;TYWA001;2024
Törökszentmiklósi járás;71,20807681;TYWA001;2024
Váci járás;197,2244603;TYWA001;2024
Várpalotai járás;120,2874911;TYWA001;2024
Vásárosnaményi járás;55,01456782;TYWA001;2024
Vasvári járás;34,10129627;TYWA001;2024
Vecsési járás;421,5782881;TYWA001;2024
Veszprémi járás;123,7040214;TYWA001;2024
Záhonyi járás;116,8358946;TYWA001;2024
Zalaegerszegi járás;90,5146172;TYWA001;2024
Zalaszentgróti járás;49,5345627;TYWA001;2024
Zirci járás;54,48613377;TYWA001;2024
Ajkai járás;3242,363636;TYWA002;2024
Aszódi járás;3414,818182;TYWA002;2024
Bácsalmási járás;1697,1;TYWA002;2024
Bajai járás;3479,352941;TYWA002;2024
Baktalórántházai járás;1442,583333;TYWA002;2024
Balassagyarmati járás;1232,551724;TYWA002;2024
Balatonalmádi járás;2452,727273;TYWA002;2024
Balatonfüredi járás;1157,909091;TYWA002;2024
Balmazújvárosi járás;5718,2;TYWA002;2024
Barcsi járás;784;TYWA002;2024
Bátonyterenyei járás;2327,125;TYWA002;2024
Békéscsabai járás;8114,555556;TYWA002;2024
Békési járás;4600,714286;TYWA002;2024
Bélapátfalvai járás;972,125;TYWA002;2024
Berettyóújfalui járás;1617,64;TYWA002;2024
Bicskei járás;2407,666667;TYWA002;2024
Bólyi járás;686;TYWA002;2024
Bonyhádi járás;1097,36;TYWA002;2024
Budakeszi járás;8235,666667;TYWA002;2024
Budapest, illetve fiktív területi egység;1685209;TYWA002;2024
Ceglédi járás;7459,5;TYWA002;2024
Celldömölki járás;793,25;TYWA002;2024
Cigándi járás;949,5333333;TYWA002;2024
Csengeri járás;1122,454545;TYWA002;2024
Csongrádi járás;5138,25;TYWA002;2024
Csornai járás;963,1212121;TYWA002;2024
Csurgói járás;809,3333333;TYWA002;2024
Dabasi járás;4662,272727;TYWA002;2024
Debreceni járás;108175;TYWA002;2024
Derecskei járás;3119,692308;TYWA002;2024
Devecseri járás;495,6785714;TYWA002;2024
Dombóvári járás;1767,1875;TYWA002;2024
Dunakeszi járás;21785,5;TYWA002;2024
Dunaújvárosi járás;5457,5625;TYWA002;2024
Edelényi járás;704,7555556;TYWA002;2024
Egri járás;3623,772727;TYWA002;2024
Encsi járás;733,2068966;TYWA002;2024
Enyingi járás;2147,666667;TYWA002;2024
Érdi járás;18827,14286;TYWA002;2024
Esztergomi járás;3825,416667;TYWA002;2024
Fehérgyarmati járás;686,9;TYWA002;2024
Fonyódi járás;1556,380952;TYWA002;2024
Füzesabonyi járás;1741;TYWA002;2024
Gárdonyi járás;3848,1;TYWA002;2024
Gödöllői járás;10721,86667;TYWA002;2024
Gönci járás;531,6333333;TYWA002;2024
Gyáli járás;10889,25;TYWA002;2024
Gyomaendrődi járás;4042;TYWA002;2024
Gyöngyösi járás;2751,25;TYWA002;2024
Győri járás;5781,742857;TYWA002;2024
Gyulai járás;9128,75;TYWA002;2024
Hajdúböszörményi járás;18788;TYWA002;2024
Hajdúhadházi járás;7866,333333;TYWA002;2024
Hajdúnánási járás;4614;TYWA002;2024
Hajdúszoboszlói járás;8445;TYWA002;2024
Hatvani járás;3537,928571;TYWA002;2024
Hegyháti járás;435,24;TYWA002;2024
Hevesi járás;1939,882353;TYWA002;2024
Hódmezővásárhelyi járás;12756,75;TYWA002;2024
Ibrányi járás;2724,375;TYWA002;2024
Jánoshalmai járás;3041,2;TYWA002;2024
Jászapáti járás;3431,222222;TYWA002;2024
Jászberényi járás;5407;TYWA002;2024
Kalocsai járás;2138,619048;TYWA002;2024
Kaposvári járás;1362,051282;TYWA002;2024
Kapuvári járás;1196,3;TYWA002;2024
Karcagi járás;7504,8;TYWA002;2024
Kazincbarcikai járás;2612,909091;TYWA002;2024
Kecskeméti járás;9719,125;TYWA002;2024
Kemecsei járás;1867,181818;TYWA002;2024
Keszthelyi járás;1598,366667;TYWA002;2024
Kisbéri járás;1115,294118;TYWA002;2024
Kiskőrösi járás;3405,8;TYWA002;2024
Kiskunfélegyházi járás;5863,166667;TYWA002;2024
Kiskunhalasi járás;4393,555556;TYWA002;2024
Kiskunmajsai járás;2981,5;TYWA002;2024
Kisteleki járás;2852,666667;TYWA002;2024
Kisvárdai járás;2184,826087;TYWA002;2024
Komáromi járás;4370,555556;TYWA002;2024
Komlói járás;1566,45;TYWA002;2024
Körmendi járás;534,173913;TYWA002;2024
Kőszegi járás;1218,761905;TYWA002;2024
Kunhegyesi járás;2713,571429;TYWA002;2024
Kunszentmártoni járás;2833,636364;TYWA002;2024
Kunszentmiklósi járás;3224,666667;TYWA002;2024
Lenti járás;364,8125;TYWA002;2024
Letenyei járás;526,1111111;TYWA002;2024
Makói járás;2727,666667;TYWA002;2024
Marcali járás;868,8648649;TYWA002;2024
Martonvásári járás;3514,25;TYWA002;2024
Mátészalkai járás;2273,615385;TYWA002;2024
Mezőcsáti járás;1667;TYWA002;2024
Mezőkovácsházai járás;1776,611111;TYWA002;2024
Mezőkövesdi járás;1667,26087;TYWA002;2024
Mezőtúri járás;4884,6;TYWA002;2024
Miskolci járás;5657,769231;TYWA002;2024
Mohácsi járás;1234,192308;TYWA002;2024
Monori járás;6188,833333;TYWA002;2024
Mórahalmi járás;2843,5;TYWA002;2024
Móri járás;2564,461538;TYWA002;2024
Mosonmagyaróvári járás;3076,346154;TYWA002;2024
Nagyatádi járás;1239,277778;TYWA002;2024
Nagykállói járás;3489,5;TYWA002;2024
Nagykanizsai járás;1411,265306;TYWA002;2024
Nagykátai járás;4901,666667;TYWA002;2024
Nagykőrösi járás;8937,666667;TYWA002;2024
Nyíradonyi járás;3095,333333;TYWA002;2024
Nyírbátori járás;1973,75;TYWA002;2024
Nyíregyházai járás;10751,93333;TYWA002;2024
Orosházi járás;5506;TYWA002;2024
Oroszlányi járás;4204,666667;TYWA002;2024
Ózdi járás;2799,058824;TYWA002;2024
Paksi járás;3036,8;TYWA002;2024
Pannonhalmi járás;933,7058824;TYWA002;2024
Pápai járás;1097,612245;TYWA002;2024
Pásztói járás;1099,846154;TYWA002;2024
Pécsi járás;4336,175;TYWA002;2024
Pécsváradi járás;634,9411765;TYWA002;2024
Pétervásárai járás;929,75;TYWA002;2024
Pilisvörösvári járás;6431,888889;TYWA002;2024
Putnoki járás;641,4230769;TYWA002;2024
Püspökladányi járás;2937,416667;TYWA002;2024
Ráckevei járás;3579,818182;TYWA002;2024
Rétsági járás;969,24;TYWA002;2024
Salgótarjáni járás;1873,655172;TYWA002;2024
Sárbogárdi járás;2170,166667;TYWA002;2024
Sarkadi járás;1776,454545;TYWA002;2024
Sárospataki járás;1281,5625;TYWA002;2024
Sárvári járás;880,0476191;TYWA002;2024
Sátoraljaújhelyi járás;922;TYWA002;2024
Sellyei járás;323,8684211;TYWA002;2024
Siklósi járás;628,3396226;TYWA002;2024
Siófoki járás;2106,166667;TYWA002;2024
Soproni járás;2693,236842;TYWA002;2024
Sümegi járás;667,5714286;TYWA002;2024
Szarvasi járás;4065,5;TYWA002;2024
Szécsényi járás;1235,071429;TYWA002;2024
Szegedi járás;14976,38462;TYWA002;2024
Szeghalmi járás;3598,571429;TYWA002;2024
Székesfehérvári járás;5992,88;TYWA002;2024
Szekszárdi járás;3086,588235;TYWA002;2024
Szentendrei járás;6771,769231;TYWA002;2024
Szentesi járás;4420,875;TYWA002;2024
Szentgotthárdi járás;858,875;TYWA002;2024
Szentlőrinci járás;647,0476191;TYWA002;2024
Szerencsi járás;2270,1875;TYWA002;2024
Szigetszentmiklósi járás;14348;TYWA002;2024
Szigetvári járás;498,7777778;TYWA002;2024
Szikszói járás;719,7916667;TYWA002;2024
Szobi járás;1477,764706;TYWA002;2024
Szolnoki járás;5967,944444;TYWA002;2024
Szombathelyi járás;2743,95;TYWA002;2024
Tabi járás;473,5833333;TYWA002;2024
Tamási járás;1051,84375;TYWA002;2024
Tapolcai járás;976,4242424;TYWA002;2024
Tatabányai járás;8415,5;TYWA002;2024
Tatai járás;3977,4;TYWA002;2024
Téti járás;1098,357143;TYWA002;2024
Tiszafüredi járás;2509,714286;TYWA002;2024
Tiszakécskei járás;4817;TYWA002;2024
Tiszaújvárosi járás;1811,625;TYWA002;2024
Tiszavasvári járás;4193,5;TYWA002;2024
Tokaji járás;1020,545455;TYWA002;2024
Tolnai járás;4293,75;TYWA002;2024
Törökszentmiklósi járás;4725,571429;TYWA002;2024
Váci járás;3943,722222;TYWA002;2024
Várpalotai járás;4424,625;TYWA002;2024
Vásárosnaményi járás;1213,857143;TYWA002;2024
Vasvári járás;554,7391304;TYWA002;2024
Vecsési járás;12621;TYWA002;2024
Veszprémi járás;4099,421053;TYWA002;2024
Záhonyi járás;1548,181818;TYWA002;2024
Zalaegerszegi járás;1125,678571;TYWA002;2024
Zalaszentgróti járás;699,75;TYWA002;2024
Zirci járás;1202,4;TYWA002;2024
Ajkai járás;38,709966;TYWA101;2024
Aszódi járás;27,98913043;TYWA101;2024
Bácsalmási járás;40,44414536;TYWA101;2024
Bajai járás;40,73132738;TYWA101;2024
Baktalórántházai járás;25,91047371;TYWA101;2024
Balassagyarmati járás;36,19545012;TYWA101;2024
Balatonalmádi járás;38,92040365;TYWA101;2024
Balatonfüredi járás;43,84141647;TYWA101;2024
Balmazújvárosi járás;30,91386095;TYWA101;2024
Barcsi járás;34,68044393;TYWA101;2024
Bátonyterenyei járás;38,8035221;TYWA101;2024
Békéscsabai járás;38,94364197;TYWA101;2024
Békési járás;37,32373386;TYWA101;2024
Bélapátfalvai járás;38,79625864;TYWA101;2024
Berettyóújfalui járás;33,52900016;TYWA101;2024
Bicskei járás;28,2910806;TYWA101;2024
Bólyi járás;34,62928169;TYWA101;2024
Bonyhádi járás;39,25813246;TYWA101;2024
Budakeszi járás;27,92900714;TYWA101;2024
Budapest, illetve fiktív területi egység;31,06769351;TYWA101;2024
Ceglédi járás;29,97992454;TYWA101;2024
Celldömölki járás;37,8253449;TYWA101;2024
Cigándi járás;24,04215611;TYWA101;2024
Csengeri járás;31,88838417;TYWA101;2024
Csongrádi járás;41,12877583;TYWA101;2024
Csornai járás;34,58174811;TYWA101;2024
Csurgói járás;34,22904671;TYWA101;2024
Dabasi járás;26,59713168;TYWA101;2024
Debreceni járás;30,05759514;TYWA101;2024
Derecskei járás;27,66365169;TYWA101;2024
Devecseri járás;31,13101904;TYWA101;2024
Dombóvári járás;39,7887525;TYWA101;2024
Dunakeszi járás;26,23403221;TYWA101;2024
Dunaújvárosi járás;33,52471865;TYWA101;2024
Edelényi járás;26,46393566;TYWA101;2024
Egri járás;35,56146595;TYWA101;2024
Encsi járás;23,81793061;TYWA101;2024
Enyingi járás;28,23353764;TYWA101;2024
Érdi járás;27,59055227;TYWA101;2024
Esztergomi járás;31,45107126;TYWA101;2024
Fehérgyarmati járás;30,11118675;TYWA101;2024
Fonyódi járás;42,89784086;TYWA101;2024
Füzesabonyi járás;30,87996415;TYWA101;2024
Gárdonyi járás;33,35124855;TYWA101;2024
Gödöllői járás;25,58862895;TYWA101;2024
Gönci járás;25,51591128;TYWA101;2024
Gyáli járás;24,00840023;TYWA101;2024
Gyomaendrődi járás;39,96022275;TYWA101;2024
Gyöngyösi járás;36,89357714;TYWA101;2024
Győri járás;28,83382754;TYWA101;2024
Gyulai járás;40,70652413;TYWA101;2024
Hajdúböszörményi járás;30,97687433;TYWA101;2024
Hajdúhadházi járás;21,38295099;TYWA101;2024
Hajdúnánási járás;32,71012104;TYWA101;2024
Hajdúszoboszlói járás;34,06259382;TYWA101;2024
Hatvani járás;32,71865121;TYWA101;2024
Hegyháti járás;34,41342398;TYWA101;2024
Hevesi járás;29,21276804;TYWA101;2024
Hódmezővásárhelyi járás;36,26644224;TYWA101;2024
Ibrányi járás;26,38527987;TYWA101;2024
Jánoshalmai járás;34,51546392;TYWA101;2024
Jászapáti járás;30,51652893;TYWA101;2024
Jászberényi járás;33,2174249;TYWA101;2024
Kalocsai járás;39,55506356;TYWA101;2024
Kaposvári járás;36,75309528;TYWA101;2024
Kapuvári járás;36,18516087;TYWA101;2024
Karcagi járás;34,11167513;TYWA101;2024
Kazincbarcikai járás;32,31422161;TYWA101;2024
Kecskeméti járás;30,26427962;TYWA101;2024
Kemecsei járás;24,94238347;TYWA101;2024
Keszthelyi járás;44,42059355;TYWA101;2024
Kisbéri járás;30,01543837;TYWA101;2024
Kiskőrösi járás;36,45247447;TYWA101;2024
Kiskunfélegyházi járás;34,22317138;TYWA101;2024
Kiskunhalasi járás;35,5033557;TYWA101;2024
Kiskunmajsai járás;34,84740318;TYWA101;2024
Kisteleki járás;35,95143935;TYWA101;2024
Kisvárdai járás;28,57962264;TYWA101;2024
Komáromi járás;30,16316838;TYWA101;2024
Komlói járás;41,48303782;TYWA101;2024
Körmendi járás;36,79750223;TYWA101;2024
Kőszegi járás;31,32723384;TYWA101;2024
Kunhegyesi járás;28,10828877;TYWA101;2024
Kunszentmártoni járás;36,39450532;TYWA101;2024
Kunszentmiklósi járás;32,32972178;TYWA101;2024
Lenti járás;43,32805662;TYWA101;2024
Letenyei járás;39,32006263;TYWA101;2024
Makói járás;34,87070629;TYWA101;2024
Marcali járás;39,57602486;TYWA101;2024
Martonvásári járás;25,49885596;TYWA101;2024
Mátészalkai járás;28,01030603;TYWA101;2024
Mezőcsáti járás;25,05773672;TYWA101;2024
Mezőkovácsházai járás;38,51398427;TYWA101;2024
Mezőkövesdi járás;36,40089419;TYWA101;2024
Mezőtúri járás;38,55709825;TYWA101;2024
Miskolci járás;33,73966692;TYWA101;2024
Mohácsi járás;41,17587686;TYWA101;2024
Monori járás;24,4772373;TYWA101;2024
Mórahalmi járás;34,61985071;TYWA101;2024
Móri járás;31,63551402;TYWA101;2024
Mosonmagyaróvári járás;27,79296656;TYWA101;2024
Nagyatádi járás;35,83440217;TYWA101;2024
Nagykállói járás;27,14828897;TYWA101;2024
Nagykanizsai járás;40,24381813;TYWA101;2024
Nagykátai járás;28,82578506;TYWA101;2024
Nagykőrösi járás;30,94639621;TYWA101;2024
Nyíradonyi járás;26,09930628;TYWA101;2024
Nyírbátori járás;24,8199638;TYWA101;2024
Nyíregyházai járás;30,70157886;TYWA101;2024
Orosházi járás;39,62953491;TYWA101;2024
Oroszlányi járás;28,3030158;TYWA101;2024
Ózdi járás;29,6794036;TYWA101;2024
Paksi járás;33,35168806;TYWA101;2024
Pannonhalmi járás;27,51748587;TYWA101;2024
Pápai járás;34,06551845;TYWA101;2024
Pásztói járás;34,3100189;TYWA101;2024
Pécsi járás;34,59800865;TYWA101;2024
Pécsváradi járás;42,25244499;TYWA101;2024
Pétervásárai járás;45,61944495;TYWA101;2024
Pilisvörösvári járás;28,88139765;TYWA101;2024
Putnoki járás;27,82217323;TYWA101;2024
Püspökladányi járás;32,87243533;TYWA101;2024
Ráckevei járás;32,85759469;TYWA101;2024
Rétsági járás;31,31016895;TYWA101;2024
Salgótarjáni járás;37,79488087;TYWA101;2024
Sárbogárdi járás;29,39140811;TYWA101;2024
Sarkadi járás;35,07528787;TYWA101;2024
Sárospataki járás;35,2904725;TYWA101;2024
Sárvári járás;35,51847941;TYWA101;2024
Sátoraljaújhelyi járás;36,09597397;TYWA101;2024
Sellyei járás;30,52013003;TYWA101;2024
Siklósi járás;36,90259554;TYWA101;2024
Siófoki járás;43,25298491;TYWA101;2024
Soproni járás;30,29506931;TYWA101;2024
Sümegi járás;33,70538181;TYWA101;2024
Szarvasi járás;39,96591952;TYWA101;2024
Szécsényi járás;30,55679685;TYWA101;2024
Szegedi járás;32,43276863;TYWA101;2024
Szeghalmi járás;34,49909607;TYWA101;2024
Székesfehérvári járás;33,27783752;TYWA101;2024
Szekszárdi járás;39,66235676;TYWA101;2024
Szentendrei járás;30,96246119;TYWA101;2024
Szentesi járás;38,99584237;TYWA101;2024
Szentgotthárdi járás;34,81415337;TYWA101;2024
Szentlőrinci járás;30,75700829;TYWA101;2024
Szerencsi járás;30,63626493;TYWA101;2024
Szigetszentmiklósi járás;24,17618044;TYWA101;2024
Szigetvári járás;34,29938293;TYWA101;2024
Szikszói járás;25,98178714;TYWA101;2024
Szobi járás;33,1875;TYWA101;2024
Szolnoki járás;35,83928076;TYWA101;2024
Szombathelyi járás;33,17047071;TYWA101;2024
Tabi járás;40,42943919;TYWA101;2024
Tamási járás;36,16377476;TYWA101;2024
Tapolcai járás;41,79298614;TYWA101;2024
Tatabányai járás;29,78624202;TYWA101;2024
Tatai járás;31,34213167;TYWA101;2024
Téti járás;26,90747155;TYWA101;2024
Tiszafüredi járás;39,55436884;TYWA101;2024
Tiszakécskei járás;34,16919625;TYWA101;2024
Tiszaújvárosi járás;32,05335054;TYWA101;2024
Tiszavasvári járás;28,15521944;TYWA101;2024
Tokaji járás;33,93426709;TYWA101;2024
Tolnai járás;35,82548709;TYWA101;2024
Törökszentmiklósi járás;32,54435085;TYWA101;2024
Váci járás;29,5757602;TYWA101;2024
Várpalotai járás;32,87306096;TYWA101;2024
Vásárosnaményi járás;28,9763055;TYWA101;2024
Vasvári járás;33,30088819;TYWA101;2024
Vecsési járás;25,41654314;TYWA101;2024
Veszprémi járás;32,33665777;TYWA101;2024
Záhonyi járás;29,43537353;TYWA101;2024
Zalaegerszegi járás;37,17577813;TYWA101;2024
Zalaszentgróti járás;39,98864282;TYWA101;2024
Zirci járás;34,38669801;TYWA101;2024
Ajkai járás;20,82662373;TYWA102;2024
Aszódi járás;24,35918235;TYWA102;2024
Bácsalmási járás;22,7071717;TYWA102;2024
Bajai járás;20,91771201;TYWA102;2024
Baktalórántházai járás;24,5545415;TYWA102;2024
Balassagyarmati járás;22,00584226;TYWA102;2024
Balatonalmádi járás;22,18307757;TYWA102;2024
Balatonfüredi járás;19,57916346;TYWA102;2024
Balmazújvárosi járás;25,35526891;TYWA102;2024
Barcsi járás;21,33945656;TYWA102;2024
Bátonyterenyei járás;21,90953039;TYWA102;2024
Békéscsabai járás;20,64858722;TYWA102;2024
Békési járás;22,58192651;TYWA102;2024
Bélapátfalvai járás;19,33712891;TYWA102;2024
Berettyóújfalui járás;23,68216452;TYWA102;2024
Bicskei járás;23,79769224;TYWA102;2024
Bólyi járás;24,0063593;TYWA102;2024
Bonyhádi járás;21,24970747;TYWA102;2024
Budakeszi járás;27,84546759;TYWA102;2024
Budapest, illetve fiktív területi egység;18,31517028;TYWA102;2024
Ceglédi járás;24,93683154;TYWA102;2024
Celldömölki járás;20,12516001;TYWA102;2024
Cigándi járás;32,31968383;TYWA102;2024
Csengeri járás;28,35820896;TYWA102;2024
Csongrádi járás;22,24960254;TYWA102;2024
Csornai járás;22,45664311;TYWA102;2024
Csurgói járás;21,11324376;TYWA102;2024
Dabasi járás;25,36742918;TYWA102;2024
Debreceni járás;19,89077022;TYWA102;2024
Derecskei járás;27,77096428;TYWA102;2024
Devecseri járás;24,28891377;TYWA102;2024
Dombóvári járás;21,64430488;TYWA102;2024
Dunakeszi járás;25,0121494;TYWA102;2024
Dunaújvárosi járás;20,26629564;TYWA102;2024
Edelényi járás;32,94295049;TYWA102;2024
Egri járás;20,34849611;TYWA102;2024
Encsi járás;39,3920786;TYWA102;2024
Enyingi járás;23,65236524;TYWA102;2024
Érdi járás;24,77311352;TYWA102;2024
Esztergomi járás;22,7063604;TYWA102;2024
Fehérgyarmati járás;25,75448151;TYWA102;2024
Fonyódi járás;20,45681727;TYWA102;2024
Füzesabonyi járás;25,14983476;TYWA102;2024
Gárdonyi járás;25,74003638;TYWA102;2024
Gödöllői járás;26,00147039;TYWA102;2024
Gönci járás;28,28351013;TYWA102;2024
Gyáli járás;23,5274193;TYWA102;2024
Gyomaendrődi járás;20,8194113;TYWA102;2024
Gyöngyösi járás;21,76754692;TYWA102;2024
Győri járás;22,69296433;TYWA102;2024
Gyulai járás;19,93313097;TYWA102;2024
Hajdúböszörményi járás;23,64414451;TYWA102;2024
Hajdúhadházi járás;32,41657977;TYWA102;2024
Hajdúnánási járás;24,6121498;TYWA102;2024
Hajdúszoboszlói járás;24,39207445;TYWA102;2024
Hatvani járás;20,78968574;TYWA102;2024
Hegyháti járás;22,98567916;TYWA102;2024
Hevesi járás;32,23832371;TYWA102;2024
Hódmezővásárhelyi járás;22,78536251;TYWA102;2024
Ibrányi járás;26,6802444;TYWA102;2024
Jánoshalmai járás;22,24742268;TYWA102;2024
Jászapáti járás;28,9927686;TYWA102;2024
Jászberényi járás;23,46179851;TYWA102;2024
Kalocsai járás;20,81845451;TYWA102;2024
Kaposvári járás;22,10808063;TYWA102;2024
Kapuvári járás;20,91267236;TYWA102;2024
Karcagi járás;24,61928934;TYWA102;2024
Kazincbarcikai járás;23,07733896;TYWA102;2024
Kecskeméti járás;23,88826107;TYWA102;2024
Kemecsei járás;27,75258345;TYWA102;2024
Keszthelyi járás;18,96146376;TYWA102;2024
Kisbéri járás;24,04322743;TYWA102;2024
Kiskőrösi járás;24,07227023;TYWA102;2024
Kiskunfélegyházi járás;22,29489233;TYWA102;2024
Kiskunhalasi járás;20,60402685;TYWA102;2024
Kiskunmajsai járás;24,79029092;TYWA102;2024
Kisteleki járás;21,46601674;TYWA102;2024
Kisvárdai járás;23,12150943;TYWA102;2024
Komáromi járás;20,49946377;TYWA102;2024
Komlói járás;19,06323665;TYWA102;2024
Körmendi járás;19,77188735;TYWA102;2024
Kőszegi járás;20,72837452;TYWA102;2024
Kunhegyesi járás;30,60661765;TYWA102;2024
Kunszentmártoni járás;23,96974842;TYWA102;2024
Kunszentmiklósi járás;25,68192955;TYWA102;2024
Lenti járás;19,73181861;TYWA102;2024
Letenyei járás;19,53701633;TYWA102;2024
Makói járás;23,0412968;TYWA102;2024
Marcali járás;21,53452942;TYWA102;2024
Martonvásári járás;24,09939871;TYWA102;2024
Mátészalkai járás;27,40561573;TYWA102;2024
Mezőcsáti járás;28,93764434;TYWA102;2024
Mezőkovácsházai járás;20,63302478;TYWA102;2024
Mezőkövesdi járás;22,34641497;TYWA102;2024
Mezőtúri járás;23,68962997;TYWA102;2024
Miskolci járás;23,09775462;TYWA102;2024
Mohácsi járás;20,76709563;TYWA102;2024
Monori járás;25,85575191;TYWA102;2024
Mórahalmi járás;22,60989771;TYWA102;2024
Móri járás;24,14953271;TYWA102;2024
Mosonmagyaróvári járás;21,98606794;TYWA102;2024
Nagyatádi járás;23,11529144;TYWA102;2024
Nagykállói járás;24,48669202;TYWA102;2024
Nagykanizsai járás;19,11829097;TYWA102;2024
Nagykátai járás;23,5734273;TYWA102;2024
Nagykőrösi járás;25,79061203;TYWA102;2024
Nyíradonyi járás;26,07199432;TYWA102;2024
Nyírbátori járás;27,19990757;TYWA102;2024
Nyíregyházai járás;22,97211026;TYWA102;2024
Orosházi járás;21,29991597;TYWA102;2024
Oroszlányi járás;22,65438009;TYWA102;2024
Ózdi járás;29,39524621;TYWA102;2024
Paksi járás;23,41604433;TYWA102;2024
Pannonhalmi járás;24,5664463;TYWA102;2024
Pápai járás;22,40777377;TYWA102;2024
Pásztói járás;24,68030691;TYWA102;2024
Pécsi járás;19,04719722;TYWA102;2024
Pécsváradi járás;22,69254279;TYWA102;2024
Pétervásárai járás;23,02738981;TYWA102;2024
Pilisvörösvári járás;25,99192016;TYWA102;2024
Putnoki járás;25,36052172;TYWA102;2024
Püspökladányi járás;24,34879572;TYWA102;2024
Ráckevei járás;22,82359453;TYWA102;2024
Rétsági járás;23,17500797;TYWA102;2024
Salgótarjáni járás;22,43158764;TYWA102;2024
Sárbogárdi járás;25,99045346;TYWA102;2024
Sarkadi járás;22,27232466;TYWA102;2024
Sárospataki járás;23,53989156;TYWA102;2024
Sárvári járás;20,60401267;TYWA102;2024
Sátoraljaújhelyi járás;21,38267588;TYWA102;2024
Sellyei járás;23,35583896;TYWA102;2024
Siklósi járás;22,57446605;TYWA102;2024
Siófoki járás;19,42200624;TYWA102;2024
Soproni járás;21,60774186;TYWA102;2024
Sümegi járás;21,21781412;TYWA102;2024
Szarvasi járás;19,90431249;TYWA102;2024
Szécsényi járás;23,97890786;TYWA102;2024
Szegedi járás;18,9344052;TYWA102;2024
Szeghalmi járás;22,5360015;TYWA102;2024
Székesfehérvári járás;21,6506039;TYWA102;2024
Szekszárdi járás;21,10729824;TYWA102;2024
Szentendrei járás;24,33142817;TYWA102;2024
Szentesi járás;20,83333333;TYWA102;2024
Szentgotthárdi járás;18,57350151;TYWA102;2024
Szentlőrinci járás;23,45931222;TYWA102;2024
Szerencsi járás;27,11834962;TYWA102;2024
Szigetszentmiklósi járás;25,34099067;TYWA102;2024
Szigetvári járás;21,32011371;TYWA102;2024
Szikszói járás;37,88654904;TYWA102;2024
Szobi járás;23,825;TYWA102;2024
Szolnoki járás;20,9437074;TYWA102;2024
Szombathelyi járás;21,37255178;TYWA102;2024
Tabi járás;20,12996186;TYWA102;2024
Tamási járás;22,97290908;TYWA102;2024
Tapolcai járás;19,40567312;TYWA102;2024
Tatabányai járás;21,12653325;TYWA102;2024
Tatai járás;22,14247125;TYWA102;2024
Téti járás;25,26472044;TYWA102;2024
Tiszafüredi járás;22,19869257;TYWA102;2024
Tiszakécskei járás;24,76573842;TYWA102;2024
Tiszaújvárosi járás;23,83564591;TYWA102;2024
Tiszavasvári járás;27,81428217;TYWA102;2024
Tokaji járás;21,74455693;TYWA102;2024
Tolnai járás;24,28451571;TYWA102;2024
Törökszentmiklósi járás;23,11420639;TYWA102;2024
Váci járás;23,83998617;TYWA102;2024
Várpalotai járás;21,80030588;TYWA102;2024
Vásárosnaményi járás;27,39820566;TYWA102;2024
Vasvári járás;21,9369753;TYWA102;2024
Vecsési járás;24,25437296;TYWA102;2024
Veszprémi járás;20,57876551;TYWA102;2024
Záhonyi járás;25,90531789;TYWA102;2024
Zalaegerszegi járás;20,04189944;TYWA102;2024
Zalaszentgróti járás;18,95513913;TYWA102;2024
Zirci járás;22,62557674;TYWA102;2024
Ajkai járás;6,57043028;TYWB001;2024
Aszódi járás;8,49635775;TYWB001;2024
Bácsalmási járás;7,39892539;TYWB001;2024
Bajai járás;6,53022755;TYWB001;2024
Baktalórántházai járás;11,02877822;TYWB001;2024
Balassagyarmati járás;7,15060794;TYWB001;2024
Balatonalmádi járás;5,81761589;TYWB001;2024
Balatonfüredi járás;4,90263369;TYWB001;2024
Balmazújvárosi járás;11,02574424;TYWB001;2024
Barcsi járás;7,4369319;TYWB001;2024
Bátonyterenyei járás;7,84690528;TYWB001;2024
Békéscsabai járás;6,75809166;TYWB001;2024
Békési járás;9,31380108;TYWB001;2024
Bélapátfalvai járás;7,04902275;TYWB001;2024
Berettyóújfalui járás;9,02845443;TYWB001;2024
Bicskei járás;8,93786518;TYWB001;2024
Bólyi járás;7,0066882;TYWB001;2024
Bonyhádi járás;6,76886323;TYWB001;2024
Budakeszi járás;7,29808628;TYWB001;2024
Budapest, illetve fiktív területi egység;7,30728287;TYWB001;2024
Ceglédi járás;9,11324548;TYWB001;2024
Celldömölki járás;7,3956209;TYWB001;2024
Cigándi járás;11,34386527;TYWB001;2024
Csengeri járás;11,1641453;TYWB001;2024
Csongrádi járás;6,36014954;TYWB001;2024
Csornai járás;9,34975292;TYWB001;2024
Csurgói járás;8,27973176;TYWB001;2024
Dabasi járás;10,4202372;TYWB001;2024
Debreceni járás;7,60716665;TYWB001;2024
Derecskei járás;11,00930989;TYWB001;2024
Devecseri járás;7,75110346;TYWB001;2024
Dombóvári járás;6,67838313;TYWB001;2024
Dunakeszi járás;6,64855509;TYWB001;2024
Dunaújvárosi járás;7,38906396;TYWB001;2024
Edelényi járás;12,7234457;TYWB001;2024
Egri járás;6,90458831;TYWB001;2024
Encsi járás;14,02307476;TYWB001;2024
Enyingi járás;10,18930382;TYWB001;2024
Érdi járás;7,98023217;TYWB001;2024
Esztergomi járás;7,66271032;TYWB001;2024
Fehérgyarmati járás;9,88910897;TYWB001;2024
Fonyódi járás;6,15075438;TYWB001;2024
Füzesabonyi járás;9,73009712;TYWB001;2024
Gárdonyi járás;7,37834209;TYWB001;2024
Gödöllői járás;8,67961443;TYWB001;2024
Gönci járás;10,99450275;TYWB001;2024
Gyáli járás;7,7517602;TYWB001;2024
Gyomaendrődi járás;7,4161387;TYWB001;2024
Gyöngyösi járás;7,90549613;TYWB001;2024
Győri járás;8,93728339;TYWB001;2024
Gyulai járás;6,3550943;TYWB001;2024
Hajdúböszörményi járás;9,46984811;TYWB001;2024
Hajdúhadházi járás;13,1304976;TYWB001;2024
Hajdúnánási járás;8,89112867;TYWB001;2024
Hajdúszoboszlói járás;9,01921896;TYWB001;2024
Hatvani járás;7,79421661;TYWB001;2024
Hegyháti járás;7,31562343;TYWB001;2024
Hevesi járás;11,9657084;TYWB001;2024
Hódmezővásárhelyi járás;8,1211718;TYWB001;2024
Ibrányi járás;11,07374105;TYWB001;2024
Jánoshalmai járás;7,48399803;TYWB001;2024
Jászapáti járás;9,77829412;TYWB001;2024
Jászberényi járás;7,74409742;TYWB001;2024
Kalocsai járás;6,98455637;TYWB001;2024
Kaposvári járás;7,72066756;TYWB001;2024
Kapuvári járás;7,25181295;TYWB001;2024
Karcagi járás;9,30441563;TYWB001;2024
Kazincbarcikai járás;9,16931222;TYWB001;2024
Kecskeméti járás;8,75489815;TYWB001;2024
Kemecsei járás;12,38585584;TYWB001;2024
Keszthelyi járás;5,44976131;TYWB001;2024
Kisbéri járás;9,20326058;TYWB001;2024
Kiskőrösi járás;8,12746046;TYWB001;2024
Kiskunfélegyházi járás;7,23373473;TYWB001;2024
Kiskunhalasi járás;7,6601409;TYWB001;2024
Kiskunmajsai járás;9,42559326;TYWB001;2024
Kisteleki járás;7,75171208;TYWB001;2024
Kisvárdai járás;10,15689839;TYWB001;2024
Komáromi járás;6,60057692;TYWB001;2024
Komlói járás;6,58690256;TYWB001;2024
Körmendi járás;7,33506241;TYWB001;2024
Kőszegi járás;6,46835541;TYWB001;2024
Kunhegyesi járás;10,70725627;TYWB001;2024
Kunszentmártoni járás;8,58985822;TYWB001;2024
Kunszentmiklósi járás;9,78691987;TYWB001;2024
Lenti járás;5,68973856;TYWB001;2024
Letenyei járás;6,9247718;TYWB001;2024
Makói járás;8,94089482;TYWB001;2024
Marcali járás;7,47588175;TYWB001;2024
Martonvásári járás;9,63144614;TYWB001;2024
Mátészalkai járás;12,1369452;TYWB001;2024
Mezőcsáti járás;12,11169676;TYWB001;2024
Mezőkovácsházai járás;6,74331883;TYWB001;2024
Mezőkövesdi járás;8,37688188;TYWB001;2024
Mezőtúri járás;7,76359646;TYWB001;2024
Miskolci járás;8,72062875;TYWB001;2024
Mohácsi járás;6,33206071;TYWB001;2024
Monori járás;9,43263126;TYWB001;2024
Mórahalmi járás;8,63984201;TYWB001;2024
Móri járás;8,04269505;TYWB001;2024
Mosonmagyaróvári járás;7,05627598;TYWB001;2024
Nagyatádi járás;8,01299886;TYWB001;2024
Nagykállói járás;11,20348236;TYWB001;2024
Nagykanizsai járás;5,77709906;TYWB001;2024
Nagykátai járás;9,27325463;TYWB001;2024
Nagykőrösi járás;9,60661292;TYWB001;2024
Nyíradonyi járás;11,54039137;TYWB001;2024
Nyírbátori járás;12,19974237;TYWB001;2024
Nyíregyházai járás;8,49425152;TYWB001;2024
Orosházi járás;7,97899316;TYWB001;2024
Oroszlányi járás;8,14399528;TYWB001;2024
Ózdi járás;10,6875;TYWB001;2024
Paksi járás;7,87280702;TYWB001;2024
Pannonhalmi járás;9,37932771;TYWB001;2024
Pápai járás;8,10863347;TYWB001;2024
Pásztói járás;8,10181161;TYWB001;2024
Pécsi járás;6,79565561;TYWB001;2024
Pécsváradi járás;7,65929959;TYWB001;2024
Pétervásárai járás;8,71378167;TYWB001;2024
Pilisvörösvári járás;7,60962618;TYWB001;2024
Putnoki járás;11,9310386;TYWB001;2024
Püspökladányi járás;10,26728893;TYWB001;2024
Ráckevei járás;8,82873027;TYWB001;2024
Rétsági járás;8,5593781;TYWB001;2024
Salgótarjáni járás;8,35848194;TYWB001;2024
Sárbogárdi járás;11,20116217;TYWB001;2024
Sarkadi járás;8,44826709;TYWB001;2024
Sárospataki járás;8,82916535;TYWB001;2024
Sárvári járás;6,49009654;TYWB001;2024
Sátoraljaújhelyi járás;8,59071385;TYWB001;2024
Sellyei járás;9,04721515;TYWB001;2024
Siklósi járás;7,83527969;TYWB001;2024
Siófoki járás;5,70255925;TYWB001;2024
Soproni járás;6,95804707;TYWB001;2024
Sümegi járás;7,37301053;TYWB001;2024
Szarvasi járás;6,15484949;TYWB001;2024
Szécsényi járás;10,95132425;TYWB001;2024
Szegedi járás;6,95959894;TYWB001;2024
Szeghalmi járás;7,78301887;TYWB001;2024
Székesfehérvári járás;7,78596262;TYWB001;2024
Szekszárdi járás;6,70981927;TYWB001;2024
Szentendrei járás;6,80848162;TYWB001;2024
Szentesi járás;6,59593578;TYWB001;2024
Szentgotthárdi járás;5,4529148;TYWB001;2024
Szentlőrinci járás;9,29755848;TYWB001;2024
Szerencsi járás;11,57194762;TYWB001;2024
Szigetszentmiklósi járás;8,73799205;TYWB001;2024
Szigetvári járás;7,75193798;TYWB001;2024
Szikszói járás;12,8775192;TYWB001;2024
Szobi járás;7,31392229;TYWB001;2024
Szolnoki járás;7,04466559;TYWB001;2024
Szombathelyi járás;7,07550379;TYWB001;2024
Tabi járás;5,84489226;TYWB001;2024
Tamási járás;8,03189133;TYWB001;2024
Tapolcai járás;6,00619195;TYWB001;2024
Tatabányai járás;8,44484864;TYWB001;2024
Tatai járás;6,94322155;TYWB001;2024
Téti járás;11,68788769;TYWB001;2024
Tiszafüredi járás;7,67852572;TYWB001;2024
Tiszakécskei járás;8,79503827;TYWB001;2024
Tiszaújvárosi járás;7,90931561;TYWB001;2024
Tiszavasvári járás;11,50245915;TYWB001;2024
Tokaji járás;7,62715622;TYWB001;2024
Tolnai járás;9,25360105;TYWB001;2024
Törökszentmiklósi járás;8,26260047;TYWB001;2024
Váci járás;8,54610305;TYWB001;2024
Várpalotai járás;8,29840502;TYWB001;2024
Vásárosnaményi járás;9,18608381;TYWB001;2024
Vasvári járás;8,4483905;TYWB001;2024
Vecsési járás;7,80236645;TYWB001;2024
Veszprémi járás;7,19167146;TYWB001;2024
Záhonyi járás;10,5440988;TYWB001;2024
Zalaegerszegi járás;6,18808636;TYWB001;2024
Zalaszentgróti járás;6,55107345;TYWB001;2024
Zirci járás;7,4707396;TYWB001;2024
Ajkai járás;15,5630107;TYWB101;2024
Aszódi járás;12,1186294;TYWB101;2024
Bácsalmási járás;20,37640565;TYWB101;2024
Bajai járás;15,34940083;TYWB101;2024
Baktalórántházai járás;12,69458326;TYWB101;2024
Balassagyarmati járás;16,7218497;TYWB101;2024
Balatonalmádi járás;13,15448179;TYWB101;2024
Balatonfüredi járás;11,68787873;TYWB101;2024
Balmazújvárosi járás;14,21095924;TYWB101;2024
Barcsi járás;15,55436737;TYWB101;2024
Bátonyterenyei járás;18,52296688;TYWB101;2024
Békéscsabai járás;15,36920844;TYWB101;2024
Békési járás;16,6229761;TYWB101;2024
Bélapátfalvai járás;20,7625761;TYWB101;2024
Berettyóújfalui járás;14,99808824;TYWB101;2024
Bicskei járás;12,43529069;TYWB101;2024
Bólyi járás;15,56030757;TYWB101;2024
Bonyhádi járás;13,68251498;TYWB101;2024
Budakeszi járás;8,55497892;TYWB101;2024
Budapest, illetve fiktív területi egység;12,08210994;TYWB101;2024
Ceglédi járás;13,60285906;TYWB101;2024
Celldömölki járás;13,53622734;TYWB101;2024
Cigándi járás;11,90061939;TYWB101;2024
Csengeri járás;17,47431438;TYWB101;2024
Csongrádi járás;18,49783949;TYWB101;2024
Csornai járás;16,34638011;TYWB101;2024
Csurgói járás;17,65430409;TYWB101;2024
Dabasi járás;12,63355826;TYWB101;2024
Debreceni járás;11,04519879;TYWB101;2024
Derecskei járás;14,87611448;TYWB101;2024
Devecseri járás;14,35389529;TYWB101;2024
Dombóvári járás;16,34446397;TYWB101;2024
Dunakeszi járás;9,14749476;TYWB101;2024
Dunaújvárosi járás;14,21765712;TYWB101;2024
Edelényi járás;14,19999372;TYWB101;2024
Egri járás;13,09877674;TYWB101;2024
Encsi járás;13,03817653;TYWB101;2024
Enyingi járás;13,29264508;TYWB101;2024
Érdi járás;10,36364121;TYWB101;2024
Esztergomi járás;14,12982044;TYWB101;2024
Fehérgyarmati járás;13,99511328;TYWB101;2024
Fonyódi járás;13,88487128;TYWB101;2024
Füzesabonyi járás;14,38051119;TYWB101;2024
Gárdonyi járás;11,62805856;TYWB101;2024
Gödöllői járás;10,32456649;TYWB101;2024
Gönci járás;14,99250375;TYWB101;2024
Gyáli járás;11,32949568;TYWB101;2024
Gyomaendrődi járás;19,44894652;TYWB101;2024
Gyöngyösi járás;15,35838752;TYWB101;2024
Győri járás;11,05673866;TYWB101;2024
Gyulai járás;16,14684905;TYWB101;2024
Hajdúböszörményi járás;14,31117495;TYWB101;2024
Hajdúhadházi járás;9,34857434;TYWB101;2024
Hajdúnánási járás;13,64266302;TYWB101;2024
Hajdúszoboszlói járás;14,00103886;TYWB101;2024
Hatvani járás;15,22684585;TYWB101;2024
Hegyháti járás;17,28316035;TYWB101;2024
Hevesi járás;13,23801157;TYWB101;2024
Hódmezővásárhelyi járás;14,71595468;TYWB101;2024
Ibrányi járás;12,49227812;TYWB101;2024
Jánoshalmai járás;16,14967996;TYWB101;2024
Jászapáti járás;16,03898409;TYWB101;2024
Jászberényi járás;15,85598839;TYWB101;2024
Kalocsai járás;15,60992916;TYWB101;2024
Kaposvári járás;14,88784863;TYWB101;2024
Kapuvári járás;13,83679253;TYWB101;2024
Karcagi járás;16,65278934;TYWB101;2024
Kazincbarcikai járás;15,20721781;TYWB101;2024
Kecskeméti járás;11,80370799;TYWB101;2024
Kemecsei járás;13,89158733;TYWB101;2024
Keszthelyi járás;14,56043099;TYWB101;2024
Kisbéri járás;15,40888772;TYWB101;2024
Kiskőrösi járás;14,55518761;TYWB101;2024
Kiskunfélegyházi járás;14,52420464;TYWB101;2024
Kiskunhalasi járás;15,06912963;TYWB101;2024
Kiskunmajsai járás;15,74628521;TYWB101;2024
Kisteleki járás;18,00961679;TYWB101;2024
Kisvárdai járás;12,11318816;TYWB101;2024
Komáromi járás;12,34459042;TYWB101;2024
Komlói járás;17,81963979;TYWB101;2024
Körmendi járás;13,57594424;TYWB101;2024
Kőszegi járás;12,62684948;TYWB101;2024
Kunhegyesi járás;12,96417793;TYWB101;2024
Kunszentmártoni járás;17,30744667;TYWB101;2024
Kunszentmiklósi járás;14,6288697;TYWB101;2024
Lenti járás;16,50024181;TYWB101;2024
Letenyei járás;19,79505473;TYWB101;2024
Makói járás;16,63592725;TYWB101;2024
Marcali járás;16,31665478;TYWB101;2024
Martonvásári járás;10,51995593;TYWB101;2024
Mátészalkai járás;14,46319303;TYWB101;2024
Mezőcsáti járás;13,45744084;TYWB101;2024
Mezőkovácsházai járás;17,33996271;TYWB101;2024
Mezőkövesdi járás;16,77969838;TYWB101;2024
Mezőtúri járás;18,04731323;TYWB101;2024
Miskolci járás;13,50479995;TYWB101;2024
Mohácsi járás;16,54406059;TYWB101;2024
Monori járás;11,32721959;TYWB101;2024
Mórahalmi járás;13,43583595;TYWB101;2024
Móri járás;11,24183397;TYWB101;2024
Mosonmagyaróvári járás;10,9764293;TYWB101;2024
Nagyatádi járás;18,69699735;TYWB101;2024
Nagykállói járás;12,80907696;TYWB101;2024
Nagykanizsai járás;13,57114044;TYWB101;2024
Nagykátai járás;15,42819015;TYWB101;2024
Nagykőrösi járás;13,77692551;TYWB101;2024
Nyíradonyi járás;14,01333238;TYWB101;2024
Nyírbátori járás;13,210073;TYWB101;2024
Nyíregyházai járás;11,52791278;TYWB101;2024
Orosházi járás;17,73860909;TYWB101;2024
Oroszlányi járás;14,12412708;TYWB101;2024
Ózdi járás;16,02083333;TYWB101;2024
Paksi járás;12,71929825;TYWB101;2024
Pannonhalmi járás;13,21918671;TYWB101;2024
Pápai járás;15,47675247;TYWB101;2024
Pásztói járás;14,5693522;TYWB101;2024
Pécsi járás;12,29662663;TYWB101;2024
Pécsváradi járás;14,30351128;TYWB101;2024
Pétervásárai járás;19,1917032;TYWB101;2024
Pilisvörösvári járás;11,13772559;TYWB101;2024
Putnoki járás;14,13828074;TYWB101;2024
Püspökladányi járás;15,86762834;TYWB101;2024
Ráckevei járás;14,5788543;TYWB101;2024
Rétsági járás;12,32219649;TYWB101;2024
Salgótarjáni járás;16,16826703;TYWB101;2024
Sárbogárdi járás;15,25345974;TYWB101;2024
Sarkadi járás;16,845641;TYWB101;2024
Sárospataki járás;13,48630752;TYWB101;2024
Sárvári járás;14,00352781;TYWB101;2024
Sátoraljaújhelyi járás;14,88034363;TYWB101;2024
Sellyei járás;15,42873299;TYWB101;2024
Siklósi járás;15,46121985;TYWB101;2024
Siófoki járás;13,75323112;TYWB101;2024
Soproni járás;11,47980315;TYWB101;2024
Sümegi járás;15,24228138;TYWB101;2024
Szarvasi járás;18,46454847;TYWB101;2024
Szécsényi járás;16,19643217;TYWB101;2024
Szegedi járás;11,35486518;TYWB101;2024
Szeghalmi járás;15,21226415;TYWB101;2024
Székesfehérvári járás;11,95534894;TYWB101;2024
Szekszárdi járás;15,76997072;TYWB101;2024
Szentendrei járás;10,72989424;TYWB101;2024
Szentesi járás;17,71078927;TYWB101;2024
Szentgotthárdi járás;16,07174888;TYWB101;2024
Szentlőrinci járás;15,66675208;TYWB101;2024
Szerencsi járás;15,9868376;TYWB101;2024
Szigetszentmiklósi járás;9,70715709;TYWB101;2024
Szigetvári járás;15,72535991;TYWB101;2024
Szikszói járás;11,6070913;TYWB101;2024
Szobi járás;15,70108318;TYWB101;2024
Szolnoki járás;14,71881509;TYWB101;2024
Szombathelyi járás;12,28234889;TYWB101;2024
Tabi járás;18,23257437;TYWB101;2024
Tamási járás;16,24095674;TYWB101;2024
Tapolcai járás;13,83900929;TYWB101;2024
Tatabányai járás;13,64167858;TYWB101;2024
Tatai járás;12,67892632;TYWB101;2024
Téti járás;12,86320601;TYWB101;2024
Tiszafüredi járás;14,95890567;TYWB101;2024
Tiszakécskei járás;15,432803;TYWB101;2024
Tiszaújvárosi járás;12,57990284;TYWB101;2024
Tiszavasvári járás;12,33539584;TYWB101;2024
Tokaji járás;17,2941333;TYWB101;2024
Tolnai járás;15,01527717;TYWB101;2024
Törökszentmiklósi járás;16,13460527;TYWB101;2024
Váci járás;12,50132429;TYWB101;2024
Várpalotai járás;14,06509325;TYWB101;2024
Vásárosnaményi járás;14,05616634;TYWB101;2024
Vasvári járás;15,25403841;TYWB101;2024
Vecsési járás;10,39655428;TYWB101;2024
Veszprémi járás;11,48368142;TYWB101;2024
Záhonyi járás;12,11697542;TYWB101;2024
Zalaegerszegi járás;14,18015722;TYWB101;2024
Zalaszentgróti járás;18,65631787;TYWB101;2024
Zirci járás;14,16673584;TYWB101;2024
Ajkai járás;31,63526401;TYWB107;2024
Aszódi járás;25,58959067;TYWB107;2024
Bácsalmási járás;38,31876422;TYWB107;2024
Bajai járás;33,28011354;TYWB107;2024
Baktalórántházai járás;25,76527597;TYWB107;2024
Balassagyarmati járás;34,89103701;TYWB107;2024
Balatonalmádi járás;24,85413352;TYWB107;2024
Balatonfüredi járás;25,32686457;TYWB107;2024
Balmazújvárosi járás;33,24571997;TYWB107;2024
Barcsi járás;31,54510749;TYWB107;2024
Bátonyterenyei járás;35,58797524;TYWB107;2024
Békéscsabai járás;32,29366324;TYWB107;2024
Békési járás;32,77434164;TYWB107;2024
Bélapátfalvai járás;41,17181314;TYWB107;2024
Berettyóújfalui járás;33,62937831;TYWB107;2024
Bicskei járás;23,72252516;TYWB107;2024
Bólyi járás;30,48893846;TYWB107;2024
Bonyhádi járás;26,54270076;TYWB107;2024
Budakeszi járás;16,90942575;TYWB107;2024
Budapest, illetve fiktív területi egység;23,32660782;TYWB107;2024
Ceglédi járás;26,12568949;TYWB107;2024
Celldömölki járás;27,39472466;TYWB107;2024
Cigándi járás;25,51303383;TYWB107;2024
Csengeri járás;34,11941796;TYWB107;2024
Csongrádi járás;33,1502949;TYWB107;2024
Csornai járás;32,07273186;TYWB107;2024
Csurgói járás;37,76263487;TYWB107;2024
Dabasi járás;23,65214621;TYWB107;2024
Debreceni járás;22,50494878;TYWB107;2024
Derecskei járás;29,20071756;TYWB107;2024
Devecseri járás;29,91026919;TYWB107;2024
Dombóvári járás;32,3056498;TYWB107;2024
Dunakeszi járás;18,63515203;TYWB107;2024
Dunaújvárosi járás;27,87553251;TYWB107;2024
Edelényi járás;28,88548057;TYWB107;2024
Egri járás;27,22468371;TYWB107;2024
Encsi járás;26,76467816;TYWB107;2024
Enyingi járás;25,40079117;TYWB107;2024
Érdi járás;21,31088545;TYWB107;2024
Esztergomi járás;28,50525566;TYWB107;2024
Fehérgyarmati járás;30,41420118;TYWB107;2024
Fonyódi járás;28,8071066;TYWB107;2024
Füzesabonyi járás;28,52591949;TYWB107;2024
Gárdonyi járás;24,83285578;TYWB107;2024
Gödöllői járás;20,63305379;TYWB107;2024
Gönci járás;29,72560976;TYWB107;2024
Gyáli járás;21,68046897;TYWB107;2024
Gyomaendrődi járás;42,43224038;TYWB107;2024
Gyöngyösi járás;28,89043083;TYWB107;2024
Győri járás;22,45079313;TYWB107;2024
Gyulai járás;33,88267835;TYWB107;2024
Hajdúböszörményi járás;29,18045235;TYWB107;2024
Hajdúhadházi járás;21,9028063;TYWB107;2024
Hajdúnánási járás;28,94948461;TYWB107;2024
Hajdúszoboszlói járás;27,93133547;TYWB107;2024
Hatvani járás;30,45305155;TYWB107;2024
Hegyháti járás;33,59503378;TYWB107;2024
Hevesi járás;26,68470241;TYWB107;2024
Hódmezővásárhelyi járás;29,88561302;TYWB107;2024
Ibrányi járás;26,57071686;TYWB107;2024
Jánoshalmai járás;33,92547082;TYWB107;2024
Jászapáti járás;28,77318023;TYWB107;2024
Jászberényi járás;30,98543854;TYWB107;2024
Kalocsai járás;31,26420067;TYWB107;2024
Kaposvári járás;30,70339033;TYWB107;2024
Kapuvári járás;30,28252411;TYWB107;2024
Karcagi járás;37,93065971;TYWB107;2024
Kazincbarcikai járás;31,57024199;TYWB107;2024
Kecskeméti járás;23,36361457;TYWB107;2024
Kemecsei járás;30,58103976;TYWB107;2024
Keszthelyi járás;28,78138396;TYWB107;2024
Kisbéri járás;32,23070399;TYWB107;2024
Kiskőrösi járás;27,23000924;TYWB107;2024
Kiskunfélegyházi járás;28,01915233;TYWB107;2024
Kiskunhalasi járás;29,59103933;TYWB107;2024
Kiskunmajsai járás;31,81922988;TYWB107;2024
Kisteleki járás;30,92293054;TYWB107;2024
Kisvárdai járás;25,23866104;TYWB107;2024
Komáromi járás;24,61159822;TYWB107;2024
Komlói járás;35,34883721;TYWB107;2024
Körmendi járás;28,54549955;TYWB107;2024
Kőszegi járás;26,55575108;TYWB107;2024
Kunhegyesi járás;26,74810447;TYWB107;2024
Kunszentmártoni járás;36,84244665;TYWB107;2024
Kunszentmiklósi járás;27,26956522;TYWB107;2024
Lenti járás;30,99149482;TYWB107;2024
Letenyei járás;35,29411765;TYWB107;2024
Makói járás;32,90436538;TYWB107;2024
Marcali járás;33,61344538;TYWB107;2024
Martonvásári járás;18,48092405;TYWB107;2024
Mátészalkai járás;29,16378715;TYWB107;2024
Mezőcsáti járás;30,70901701;TYWB107;2024
Mezőkovácsházai járás;35,0631136;TYWB107;2024
Mezőkövesdi járás;32,44470881;TYWB107;2024
Mezőtúri járás;37,11478714;TYWB107;2024
Miskolci járás;27,91907076;TYWB107;2024
Mohácsi járás;31,81377304;TYWB107;2024
Monori járás;21,49056344;TYWB107;2024
Mórahalmi járás;27,10950252;TYWB107;2024
Móri járás;22,06879546;TYWB107;2024
Mosonmagyaróvári járás;23,21319487;TYWB107;2024
Nagyatádi járás;35,04908707;TYWB107;2024
Nagykállói járás;29,22030956;TYWB107;2024
Nagykanizsai járás;27,39061932;TYWB107;2024
Nagykátai járás;31,92833984;TYWB107;2024
Nagykőrösi járás;30,16474592;TYWB107;2024
Nyíradonyi járás;31,21612833;TYWB107;2024
Nyírbátori járás;24,65331279;TYWB107;2024
Nyíregyházai járás;23,18636464;TYWB107;2024
Orosházi járás;35,92758053;TYWB107;2024
Oroszlányi járás;27,77777778;TYWB107;2024
Ózdi járás;31,51315218;TYWB107;2024
Paksi járás;24,94581804;TYWB107;2024
Pannonhalmi járás;24,28256071;TYWB107;2024
Pápai járás;32,16708591;TYWB107;2024
Pásztói járás;32,35231241;TYWB107;2024
Pécsi járás;24,86700482;TYWB107;2024
Pécsváradi járás;29,40053456;TYWB107;2024
Pétervásárai járás;38,12514017;TYWB107;2024
Pilisvörösvári járás;22,42136456;TYWB107;2024
Putnoki járás;31,56489013;TYWB107;2024
Püspökladányi járás;33,53745779;TYWB107;2024
Ráckevei járás;30,13358186;TYWB107;2024
Rétsági járás;26,44130198;TYWB107;2024
Salgótarjáni járás;33,63022113;TYWB107;2024
Sárbogárdi járás;29,39566883;TYWB107;2024
Sarkadi járás;36,71437461;TYWB107;2024
Sárospataki járás;28,16057519;TYWB107;2024
Sárvári járás;28,25833009;TYWB107;2024
Sátoraljaújhelyi járás;30,81896552;TYWB107;2024
Sellyei járás;30,31280232;TYWB107;2024
Siklósi járás;30,44177701;TYWB107;2024
Siófoki járás;29,52952953;TYWB107;2024
Soproni járás;23,1653977;TYWB107;2024
Sümegi járás;32,54139669;TYWB107;2024
Szarvasi járás;39,4380501;TYWB107;2024
Szécsényi járás;29,90346127;TYWB107;2024
Szegedi járás;23,6022023;TYWB107;2024
Szeghalmi járás;32,24525455;TYWB107;2024
Székesfehérvári járás;24,42232344;TYWB107;2024
Szekszárdi járás;31,81089744;TYWB107;2024
Szentendrei járás;22,49835263;TYWB107;2024
Szentesi járás;35,84440005;TYWB107;2024
Szentgotthárdi járás;36,8769807;TYWB107;2024
Szentlőrinci járás;31,99525996;TYWB107;2024
Szerencsi járás;29,61711712;TYWB107;2024
Szigetszentmiklósi járás;19,82476046;TYWB107;2024
Szigetvári járás;34,62967999;TYWB107;2024
Szikszói járás;23,36007551;TYWB107;2024
Szobi járás;30,23758099;TYWB107;2024
Szolnoki járás;29,79927149;TYWB107;2024
Szombathelyi járás;24,64487421;TYWB107;2024
Tabi járás;34,10301954;TYWB107;2024
Tamási járás;30,21074431;TYWB107;2024
Tapolcai járás;28,93747211;TYWB107;2024
Tatabányai járás;27,93212939;TYWB107;2024
Tatai járás;26,41953817;TYWB107;2024
Téti járás;28,80872048;TYWB107;2024
Tiszafüredi járás;30,50058207;TYWB107;2024
Tiszakécskei járás;28,22580645;TYWB107;2024
Tiszaújvárosi járás;25,41475468;TYWB107;2024
Tiszavasvári járás;24,72854086;TYWB107;2024
Tokaji járás;29,90095309;TYWB107;2024
Tolnai járás;30,94366364;TYWB107;2024
Törökszentmiklósi járás;35,23469262;TYWB107;2024
Váci járás;24,14896712;TYWB107;2024
Várpalotai járás;29,1767975;TYWB107;2024
Vásárosnaményi járás;29,38716999;TYWB107;2024
Vasvári járás;31,86622496;TYWB107;2024
Vecsési járás;23,05686818;TYWB107;2024
Veszprémi járás;23,85429538;TYWB107;2024
Záhonyi járás;27,30865972;TYWB107;2024
Zalaegerszegi járás;27,75834936;TYWB107;2024
Zalaszentgróti járás;40,70359064;TYWB107;2024
Zirci járás;28,75292544;TYWB107;2024
Ajkai járás;31,07742285;TYWB108;2024
Aszódi járás;22,91034627;TYWB108;2024
Bácsalmási járás;43,387471;TYWB108;2024
Bajai járás;28,61387418;TYWB108;2024
Baktalórántházai járás;25,31073446;TYWB108;2024
Balassagyarmati járás;32,41881606;TYWB108;2024
Balatonalmádi járás;27,71530146;TYWB108;2024
Balatonfüredi járás;21,63299031;TYWB108;2024
Balmazújvárosi járás;23,70125396;TYWB108;2024
Barcsi járás;31,25599233;TYWB108;2024
Bátonyterenyei járás;38,87553558;TYWB108;2024
Békéscsabai járás;29,6396093;TYWB108;2024
Békési járás;34,13630311;TYWB108;2024
Bélapátfalvai járás;42,12637914;TYWB108;2024
Berettyóújfalui járás;26,5699299;TYWB108;2024
Bicskei járás;25,86489141;TYWB108;2024
Bólyi járás;31,80275147;TYWB108;2024
Bonyhádi járás;28,51670568;TYWB108;2024
Budakeszi járás;17,24002821;TYWB108;2024
Budapest, illetve fiktív területi egység;24,92241168;TYWB108;2024
Ceglédi járás;28,2342752;TYWB108;2024
Celldömölki járás;27,00333158;TYWB108;2024
Cigándi járás;22,47191011;TYWB108;2024
Csengeri járás;35,8040201;TYWB108;2024
Csongrádi járás;40,67543614;TYWB108;2024
Csornai járás;33,49222278;TYWB108;2024
Csurgói járás;33,22700691;TYWB108;2024
Dabasi járás;26,59432196;TYWB108;2024
Debreceni járás;21,65936376;TYWB108;2024
Derecskei járás;30,35923467;TYWB108;2024
Devecseri járás;27,70487022;TYWB108;2024
Dombóvári járás;33,43072637;TYWB108;2024
Dunakeszi járás;18,01157568;TYWB108;2024
Dunaújvárosi járás;29,05119083;TYWB108;2024
Edelényi járás;28,13394747;TYWB108;2024
Egri járás;25,60522517;TYWB108;2024
Encsi járás;25,53511078;TYWB108;2024
Enyingi járás;27,76920703;TYWB108;2024
Érdi járás;20,03565167;TYWB108;2024
Esztergomi járás;28,14138916;TYWB108;2024
Fehérgyarmati járás;26,0246489;TYWB108;2024
Fonyódi járás;27,06216025;TYWB108;2024
Füzesabonyi járás;29,19396183;TYWB108;2024
Gárdonyi járás;21,59409218;TYWB108;2024
Gödöllői járás;20,58011719;TYWB108;2024
Gönci járás;30,45685279;TYWB108;2024
Gyáli járás;23,65952046;TYWB108;2024
Gyomaendrődi járás;36,10387103;TYWB108;2024
Gyöngyösi járás;32,63022958;TYWB108;2024
Győri járás;21,80780792;TYWB108;2024
Gyulai járás;31,10484839;TYWB108;2024
Hajdúböszörményi járás;28,1101416;TYWB108;2024
Hajdúhadházi járás;15,4479053;TYWB108;2024
Hajdúnánási járás;25,84791146;TYWB108;2024
Hajdúszoboszlói járás;28,23681896;TYWB108;2024
Hatvani járás;30,75233388;TYWB108;2024
Hegyháti járás;35,89933383;TYWB108;2024
Hevesi járás;26,32523633;TYWB108;2024
Hódmezővásárhelyi járás;29,08507958;TYWB108;2024
Ibrányi járás;23,54874042;TYWB108;2024
Jánoshalmai járás;30,83300946;TYWB108;2024
Jászapáti járás;35,47812818;TYWB108;2024
Jászberényi járás;32,7489117;TYWB108;2024
Kalocsai járás;31,43418468;TYWB108;2024
Kaposvári járás;29,11339759;TYWB108;2024
Kapuvári járás;25,28089888;TYWB108;2024
Karcagi járás;29,39023115;TYWB108;2024
Kazincbarcikai járás;29,65659017;TYWB108;2024
Kecskeméti járás;23,92082753;TYWB108;2024
Kemecsei járás;25,18746395;TYWB108;2024
Keszthelyi járás;29,57471402;TYWB108;2024
Kisbéri járás;29,59697733;TYWB108;2024
Kiskőrösi járás;31,00656789;TYWB108;2024
Kiskunfélegyházi járás;30,11718322;TYWB108;2024
Kiskunhalasi járás;31,06109009;TYWB108;2024
Kiskunmajsai járás;31,68746609;TYWB108;2024
Kisteleki járás;41,1116215;TYWB108;2024
Kisvárdai járás;23,60315741;TYWB108;2024
Komáromi járás;25,21177894;TYWB108;2024
Komlói járás;36,1201548;TYWB108;2024
Körmendi járás;26,02200626;TYWB108;2024
Kőszegi járás;24,44240758;TYWB108;2024
Kunhegyesi járás;25,26581745;TYWB108;2024
Kunszentmártoni járás;32,75566559;TYWB108;2024
Kunszentmiklósi járás;31,40574862;TYWB108;2024
Lenti járás;35,1702509;TYWB108;2024
Letenyei járás;44,22944022;TYWB108;2024
Makói járás;33,6492891;TYWB108;2024
Marcali járás;31,88598345;TYWB108;2024
Martonvásári járás;23,71827319;TYWB108;2024
Mátészalkai járás;28,89905216;TYWB108;2024
Mezőcsáti járás;23,30793366;TYWB108;2024
Mezőkovácsházai járás;34,7388449;TYWB108;2024
Mezőkövesdi járás;34,95517276;TYWB108;2024
Mezőtúri járás;35,64008311;TYWB108;2024
Miskolci járás;26,44066032;TYWB108;2024
Mohácsi járás;34,52839269;TYWB108;2024
Monori járás;23,86031445;TYWB108;2024
Mórahalmi járás;26,49191299;TYWB108;2024
Móri járás;23,01939706;TYWB108;2024
Mosonmagyaróvári járás;20,93520407;TYWB108;2024
Nagyatádi járás;40,14726508;TYWB108;2024
Nagykállói járás;22,28530873;TYWB108;2024
Nagykanizsai járás;27,11076685;TYWB108;2024
Nagykátai járás;29,73256847;TYWB108;2024
Nagykőrösi járás;25,20887352;TYWB108;2024
Nyíradonyi járás;24,96611741;TYWB108;2024
Nyírbátori járás;28,29292677;TYWB108;2024
Nyíregyházai járás;23,0034517;TYWB108;2024
Orosházi járás;35,55282447;TYWB108;2024
Oroszlányi járás;29,11117993;TYWB108;2024
Ózdi járás;33,08074635;TYWB108;2024
Paksi járás;25,97742231;TYWB108;2024
Pannonhalmi járás;28,7602021;TYWB108;2024
Pápai járás;30,05990198;TYWB108;2024
Pásztói járás;26,36819337;TYWB108;2024
Pécsi járás;24,44475636;TYWB108;2024
Pécsváradi járás;28,07775378;TYWB108;2024
Pétervásárai járás;39,06169267;TYWB108;2024
Pilisvörösvári járás;22,08983198;TYWB108;2024
Putnoki járás;25,35545024;TYWB108;2024
Püspökladányi járás;30,1530153;TYWB108;2024
Ráckevei járás;28,11004785;TYWB108;2024
Rétsági járás;22,80130293;TYWB108;2024
Salgótarjáni járás;31,53280543;TYWB108;2024
Sárbogárdi járás;31,84665308;TYWB108;2024
Sarkadi járás;31,11425397;TYWB108;2024
Sárospataki járás;26,11762463;TYWB108;2024
Sárvári járás;28,02212273;TYWB108;2024
Sátoraljaújhelyi járás;29,35925412;TYWB108;2024
Sellyei járás;31,77723178;TYWB108;2024
Siklósi járás;31,62193699;TYWB108;2024
Siófoki járás;25,8166491;TYWB108;2024
Soproni járás;22,88562851;TYWB108;2024
Sümegi járás;28,8379983;TYWB108;2024
Szarvasi járás;34,98449551;TYWB108;2024
Szécsényi járás;35,01193589;TYWB108;2024
Szegedi járás;21,96705919;TYWB108;2024
Szeghalmi járás;29,20866735;TYWB108;2024
Székesfehérvári járás;23,53305066;TYWB108;2024
Szekszárdi járás;31,6225647;TYWB108;2024
Szentendrei járás;20,46507543;TYWB108;2024
Szentesi járás;35,53327157;TYWB108;2024
Szentgotthárdi járás;28,23529412;TYWB108;2024
Szentlőrinci járás;31,00775194;TYWB108;2024
Szerencsi járás;34,4771858;TYWB108;2024
Szigetszentmiklósi járás;18,97192277;TYWB108;2024
Szigetvári járás;28,73663921;TYWB108;2024
Szikszói járás;23,18445278;TYWB108;2024
Szobi járás;32,64400602;TYWB108;2024
Szolnoki járás;29,42072351;TYWB108;2024
Szombathelyi járás;24,69783632;TYWB108;2024
Tabi járás;39,40027894;TYWB108;2024
Tamási járás;35,03277072;TYWB108;2024
Tapolcai járás;26,61343979;TYWB108;2024
Tatabányai járás;27,00545127;TYWB108;2024
Tatai járás;24,30469792;TYWB108;2024
Téti járás;22,42210924;TYWB108;2024
Tiszafüredi járás;29,40521274;TYWB108;2024
Tiszakécskei járás;33,49478696;TYWB108;2024
Tiszaújvárosi járás;25,50435193;TYWB108;2024
Tiszavasvári járás;24,7130102;TYWB108;2024
Tokaji járás;39,14893617;TYWB108;2024
Tolnai járás;29,16858062;TYWB108;2024
Törökszentmiklósi járás;29,80112793;TYWB108;2024
Váci járás;25,67113636;TYWB108;2024
Várpalotai járás;27,36853722;TYWB108;2024
Vásárosnaményi járás;27,3686652;TYWB108;2024
Vasvári járás;29,2834891;TYWB108;2024
Vecsési járás;18,66132017;TYWB108;2024
Veszprémi járás;22,37906697;TYWB108;2024
Záhonyi járás;21,65649119;TYWB108;2024
Zalaegerszegi járás;29,38223543;TYWB108;2024
Zalaszentgróti járás;34,28892636;TYWB108;2024
Zirci járás;28,02603994;TYWB108;2024
Ajkai járás;-8,99258043;TYWB201;2024
Aszódi járás;-3,62227164;TYWB201;2024
Bácsalmási járás;-12,97748025;TYWB201;2024
Bajai járás;-8,81917329;TYWB201;2024
Baktalórántházai járás;-1,66580504;TYWB201;2024
Balassagyarmati járás;-9,57124176;TYWB201;2024
Balatonalmádi járás;-7,3368659;TYWB201;2024
Balatonfüredi járás;-6,78524503;TYWB201;2024
Balmazújvárosi járás;-3,185215;TYWB201;2024
Barcsi járás;-8,11743547;TYWB201;2024
Bátonyterenyei járás;-10,6760616;TYWB201;2024
Békéscsabai járás;-8,61111679;TYWB201;2024
Békési járás;-7,30917502;TYWB201;2024
Bélapátfalvai járás;-13,71355335;TYWB201;2024
Berettyóújfalui járás;-5,9696338;TYWB201;2024
Bicskei járás;-3,49742551;TYWB201;2024
Bólyi járás;-8,55361936;TYWB201;2024
Bonyhádi járás;-6,91365175;TYWB201;2024
Budakeszi járás;-1,25689264;TYWB201;2024
Budapest, illetve fiktív területi egység;-4,77482707;TYWB201;2024
Ceglédi járás;-4,48961358;TYWB201;2024
Celldömölki járás;-6,14060644;TYWB201;2024
Cigándi járás;-0,55675412;TYWB201;2024
Csengeri járás;-6,31016908;TYWB201;2024
Csongrádi járás;-12,13768995;TYWB201;2024
Csornai járás;-6,99662719;TYWB201;2024
Csurgói járás;-9,37457233;TYWB201;2024
Dabasi járás;-2,21332106;TYWB201;2024
Debreceni járás;-3,43803213;TYWB201;2024
Derecskei járás;-3,86680459;TYWB201;2024
Devecseri járás;-6,60279183;TYWB201;2024
Dombóvári járás;-9,66608084;TYWB201;2024
Dunakeszi járás;-2,49893967;TYWB201;2024
Dunaújvárosi járás;-6,82859316;TYWB201;2024
Edelényi járás;-1,47654802;TYWB201;2024
Egri járás;-6,19418843;TYWB201;2024
Encsi járás;0,98489823;TYWB201;2024
Enyingi járás;-3,10334126;TYWB201;2024
Érdi járás;-2,38340904;TYWB201;2024
Esztergomi járás;-6,46711013;TYWB201;2024
Fehérgyarmati járás;-4,10600431;TYWB201;2024
Fonyódi járás;-7,73411689;TYWB201;2024
Füzesabonyi járás;-4,65041407;TYWB201;2024
Gárdonyi járás;-4,24971647;TYWB201;2024
Gödöllői járás;-1,64495205;TYWB201;2024
Gönci járás;-3,998001;TYWB201;2024
Gyáli járás;-3,57773548;TYWB201;2024
Gyomaendrődi járás;-12,03280782;TYWB201;2024
Gyöngyösi járás;-7,45289139;TYWB201;2024
Győri járás;-2,11945527;TYWB201;2024
Gyulai járás;-9,79175474;TYWB201;2024
Hajdúböszörményi járás;-4,84132684;TYWB201;2024
Hajdúhadházi járás;3,78192326;TYWB201;2024
Hajdúnánási járás;-4,75153435;TYWB201;2024
Hajdúszoboszlói járás;-4,9818199;TYWB201;2024
Hatvani járás;-7,43262924;TYWB201;2024
Hegyháti járás;-9,96753692;TYWB201;2024
Hevesi járás;-1,27230317;TYWB201;2024
Hódmezővásárhelyi járás;-6,59478288;TYWB201;2024
Ibrányi járás;-1,41853708;TYWB201;2024
Jánoshalmai járás;-8,66568193;TYWB201;2024
Jászapáti járás;-6,26068997;TYWB201;2024
Jászberényi járás;-8,11189097;TYWB201;2024
Kalocsai járás;-8,62537279;TYWB201;2024
Kaposvári járás;-7,16718107;TYWB201;2024
Kapuvári járás;-6,58497958;TYWB201;2024
Karcagi járás;-7,34837371;TYWB201;2024
Kazincbarcikai járás;-6,03790559;TYWB201;2024
Kecskeméti járás;-3,04880984;TYWB201;2024
Kemecsei járás;-1,50573149;TYWB201;2024
Keszthelyi járás;-9,11066968;TYWB201;2024
Kisbéri járás;-6,20562714;TYWB201;2024
Kiskőrösi járás;-6,42772714;TYWB201;2024
Kiskunfélegyházi járás;-7,29046991;TYWB201;2024
Kiskunhalasi járás;-7,40898874;TYWB201;2024
Kiskunmajsai járás;-6,32069195;TYWB201;2024
Kisteleki járás;-10,25790471;TYWB201;2024
Kisvárdai járás;-1,95628977;TYWB201;2024
Komáromi járás;-5,7440135;TYWB201;2024
Komlói járás;-11,23273722;TYWB201;2024
Körmendi járás;-6,24088183;TYWB201;2024
Kőszegi járás;-6,15849407;TYWB201;2024
Kunhegyesi járás;-2,25692166;TYWB201;2024
Kunszentmártoni járás;-8,71758845;TYWB201;2024
Kunszentmiklósi járás;-4,84194983;TYWB201;2024
Lenti járás;-10,81050326;TYWB201;2024
Letenyei járás;-12,87028294;TYWB201;2024
Makói járás;-7,69503243;TYWB201;2024
Marcali járás;-8,84077302;TYWB201;2024
Martonvásári járás;-0,88850979;TYWB201;2024
Mátészalkai járás;-2,32624783;TYWB201;2024
Mezőcsáti járás;-1,34574408;TYWB201;2024
Mezőkovácsházai járás;-10,59664388;TYWB201;2024
Mezőkövesdi járás;-8,4028165;TYWB201;2024
Mezőtúri járás;-10,28371677;TYWB201;2024
Miskolci járás;-4,7841712;TYWB201;2024
Mohácsi járás;-10,21199988;TYWB201;2024
Monori járás;-1,89458833;TYWB201;2024
Mórahalmi járás;-4,79599393;TYWB201;2024
Móri járás;-3,19913892;TYWB201;2024
Mosonmagyaróvári járás;-3,92015332;TYWB201;2024
Nagyatádi járás;-10,68399849;TYWB201;2024
Nagykállói járás;-1,60559461;TYWB201;2024
Nagykanizsai járás;-7,79404138;TYWB201;2024
Nagykátai járás;-6,15493552;TYWB201;2024
Nagykőrösi járás;-4,17031259;TYWB201;2024
Nyíradonyi járás;-2,47294101;TYWB201;2024
Nyírbátori járás;-1,01033063;TYWB201;2024
Nyíregyházai járás;-3,03366126;TYWB201;2024
Orosházi járás;-9,75961593;TYWB201;2024
Oroszlányi járás;-5,9801318;TYWB201;2024
Ózdi járás;-5,33333333;TYWB201;2024
Paksi járás;-4,84649123;TYWB201;2024
Pannonhalmi járás;-3,839859;TYWB201;2024
Pápai járás;-7,368119;TYWB201;2024
Pásztói járás;-6,4675406;TYWB201;2024
Pécsi járás;-5,50097101;TYWB201;2024
Pécsváradi járás;-6,64421169;TYWB201;2024
Pétervásárai járás;-10,47792152;TYWB201;2024
Pilisvörösvári járás;-3,52809941;TYWB201;2024
Putnoki járás;-2,20724214;TYWB201;2024
Püspökladányi járás;-5,60033941;TYWB201;2024
Ráckevei járás;-5,75012403;TYWB201;2024
Rétsági járás;-3,76281839;TYWB201;2024
Salgótarjáni járás;-7,80978509;TYWB201;2024
Sárbogárdi járás;-4,05229758;TYWB201;2024
Sarkadi járás;-8,39737391;TYWB201;2024
Sárospataki járás;-4,65714216;TYWB201;2024
Sárvári járás;-7,51343127;TYWB201;2024
Sátoraljaújhelyi járás;-6,28962978;TYWB201;2024
Sellyei járás;-6,38151783;TYWB201;2024
Siklósi járás;-7,62594016;TYWB201;2024
Siófoki járás;-8,05067188;TYWB201;2024
Soproni járás;-4,52175608;TYWB201;2024
Sümegi járás;-7,86927085;TYWB201;2024
Szarvasi járás;-12,30969898;TYWB201;2024
Szécsényi járás;-5,24510793;TYWB201;2024
Szegedi járás;-4,39526624;TYWB201;2024
Szeghalmi járás;-7,42924528;TYWB201;2024
Székesfehérvári járás;-4,16938631;TYWB201;2024
Szekszárdi járás;-9,06015144;TYWB201;2024
Szentendrei járás;-3,92141262;TYWB201;2024
Szentesi járás;-11,11485349;TYWB201;2024
Szentgotthárdi járás;-10,61883408;TYWB201;2024
Szentlőrinci járás;-6,3691936;TYWB201;2024
Szerencsi járás;-4,41488997;TYWB201;2024
Szigetszentmiklósi járás;-0,96916504;TYWB201;2024
Szigetvári járás;-7,97342193;TYWB201;2024
Szikszói járás;1,2704279;TYWB201;2024
Szobi járás;-8,38716089;TYWB201;2024
Szolnoki járás;-7,6741495;TYWB201;2024
Szombathelyi járás;-5,2068451;TYWB201;2024
Tabi járás;-12,38768211;TYWB201;2024
Tamási járás;-8,20906541;TYWB201;2024
Tapolcai járás;-7,83281734;TYWB201;2024
Tatabányai járás;-5,19682993;TYWB201;2024
Tatai járás;-5,73570476;TYWB201;2024
Téti járás;-1,17531832;TYWB201;2024
Tiszafüredi járás;-7,28037994;TYWB201;2024
Tiszakécskei járás;-6,63776473;TYWB201;2024
Tiszaújvárosi járás;-4,67058723;TYWB201;2024
Tiszavasvári járás;-0,8329367;TYWB201;2024
Tokaji járás;-9,66697707;TYWB201;2024
Tolnai járás;-5,76167612;TYWB201;2024
Törökszentmiklósi járás;-7,87200481;TYWB201;2024
Váci járás;-3,95522125;TYWB201;2024
Várpalotai járás;-5,76668823;TYWB201;2024
Vásárosnaményi járás;-4,87008253;TYWB201;2024
Vasvári járás;-6,80564791;TYWB201;2024
Vecsési járás;-2,59418783;TYWB201;2024
Veszprémi járás;-4,29200996;TYWB201;2024
Záhonyi járás;-1,57287662;TYWB201;2024
Zalaegerszegi járás;-7,99207086;TYWB201;2024
Zalaszentgróti járás;-12,10524442;TYWB201;2024
Zirci járás;-6,69599624;TYWB201;2024
Ajkai járás;3,84203127;TYWB301;2024
Aszódi járás;4,47457085;TYWB301;2024
Bácsalmási járás;5,16750345;TYWB301;2024
Bajai járás;4,88084018;TYWB301;2024
Baktalórántházai járás;4,76764892;TYWB301;2024
Balassagyarmati járás;4,00656632;TYWB301;2024
Balatonalmádi járás;4,96535369;TYWB301;2024
Balatonfüredi járás;4,510423;TYWB301;2024
Balmazújvárosi járás;5,11034495;TYWB301;2024
Barcsi járás;4,47188062;TYWB301;2024
Bátonyterenyei járás;4,6974671;TYWB301;2024
Békéscsabai járás;4,63256283;TYWB301;2024
Békési járás;4,93446415;TYWB301;2024
Bélapátfalvai járás;4,6139058;TYWB301;2024
Berettyóújfalui járás;4,4648914;TYWB301;2024
Bicskei járás;5,10735153;TYWB301;2024
Bólyi járás;4,09481778;TYWB301;2024
Bonyhádi járás;4,34365555;TYWB301;2024
Budakeszi járás;4,30789815;TYWB301;2024
Budapest, illetve fiktív területi egység;5,25118266;TYWB301;2024
Ceglédi járás;4,6236319;TYWB301;2024
Celldömölki járás;4,75112615;TYWB301;2024
Cigándi járás;4,59322152;TYWB301;2024
Csengeri járás;4,5303778;TYWB301;2024
Csongrádi járás;4,12681458;TYWB301;2024
Csornai járás;4,61212644;TYWB301;2024
Csurgói járás;3,90036951;TYWB301;2024
Dabasi járás;4,91631492;TYWB301;2024
Debreceni járás;4,94188199;TYWB301;2024
Derecskei járás;4,58105512;TYWB301;2024
Devecseri járás;4,01909068;TYWB301;2024
Dombóvári járás;4,07732865;TYWB301;2024
Dunakeszi járás;4,47058014;TYWB301;2024
Dunaújvárosi járás;4,86122629;TYWB301;2024
Edelényi járás;4,1154849;TYWB301;2024
Egri járás;4,399494;TYWB301;2024
Encsi járás;4,92449114;TYWB301;2024
Enyingi járás;5,3274025;TYWB301;2024
Érdi járás;4,25663147;TYWB301;2024
Esztergomi járás;5,20629538;TYWB301;2024
Fehérgyarmati járás;5,00238553;TYWB301;2024
Fonyódi járás;4,44559475;TYWB301;2024
Füzesabonyi járás;4,79350373;TYWB301;2024
Gárdonyi járás;4,58865091;TYWB301;2024
Gödöllői járás;4,28061387;TYWB301;2024
Gönci járás;4,24787606;TYWB301;2024
Gyáli járás;4,74737977;TYWB301;2024
Gyomaendrődi járás;4,86223663;TYWB301;2024
Gyöngyösi járás;4,66182882;TYWB301;2024
Győri járás;5,08866882;TYWB301;2024
Gyulai járás;5,10044049;TYWB301;2024
Hajdúböszörményi járás;4,89452824;TYWB301;2024
Hajdúhadházi járás;4,20685845;TYWB301;2024
Hajdúnánási járás;5,25548496;TYWB301;2024
Hajdúszoboszlói járás;4,86376729;TYWB301;2024
Hatvani járás;4,82116491;TYWB301;2024
Hegyháti járás;5,76105345;TYWB301;2024
Hevesi járás;5,21038442;TYWB301;2024
Hódmezővásárhelyi járás;5,06839396;TYWB301;2024
Ibrányi járás;5,07927792;TYWB301;2024
Jánoshalmai járás;5,71147218;TYWB301;2024
Jászapáti járás;5,67980121;TYWB301;2024
Jászberényi járás;4,33179064;TYWB301;2024
Kalocsai járás;4,36811938;TYWB301;2024
Kaposvári járás;4,87818607;TYWB301;2024
Kapuvári járás;4,16770859;TYWB301;2024
Karcagi járás;4,52004282;TYWB301;2024
Kazincbarcikai járás;5,50158733;TYWB301;2024
Kecskeméti járás;4,93586267;TYWB301;2024
Kemecsei járás;5,92578201;TYWB301;2024
Keszthelyi járás;4,32652807;TYWB301;2024
Kisbéri járás;5,15382593;TYWB301;2024
Kiskőrösi járás;4,33725053;TYWB301;2024
Kiskunfélegyházi járás;4,62391671;TYWB301;2024
Kiskunhalasi járás;3,69193676;TYWB301;2024
Kiskunmajsai járás;4,1029053;TYWB301;2024
Kisteleki járás;4,07984846;TYWB301;2024
Kisvárdai járás;4,94012568;TYWB301;2024
Komáromi járás;4,66071271;TYWB301;2024
Komlói járás;5,15496722;TYWB301;2024
Körmendi járás;5,38985249;TYWB301;2024
Kőszegi járás;4,68665272;TYWB301;2024
Kunhegyesi járás;4,77627608;TYWB301;2024
Kunszentmártoni járás;5,33273726;TYWB301;2024
Kunszentmiklósi járás;4,15514843;TYWB301;2024
Lenti járás;3,41384313;TYWB301;2024
Letenyei járás;4,1268842;TYWB301;2024
Makói járás;5,34987969;TYWB301;2024
Marcali járás;3,66039023;TYWB301;2024
Martonvásári járás;4,76241248;TYWB301;2024
Mátészalkai járás;5,27619979;TYWB301;2024
Mezőcsáti járás;4,26152293;TYWB301;2024
Mezőkovácsházai járás;3,1075202;TYWB301;2024
Mezőkövesdi járás;4,90164296;TYWB301;2024
Mezőtúri járás;4,14600439;TYWB301;2024
Miskolci járás;4,6353704;TYWB301;2024
Mohácsi járás;4,03513673;TYWB301;2024
Monori járás;5,02536195;TYWB301;2024
Mórahalmi járás;4,72546461;TYWB301;2024
Móri járás;4,66416516;TYWB301;2024
Mosonmagyaróvári járás;4,49262016;TYWB301;2024
Nagyatádi járás;4,22908273;TYWB301;2024
Nagykállói járás;4,81678382;TYWB301;2024
Nagykanizsai járás;4,45167982;TYWB301;2024
Nagykátai járás;4,94301238;TYWB301;2024
Nagykőrösi járás;5,02671607;TYWB301;2024
Nyíradonyi járás;4,55164504;TYWB301;2024
Nyírbátori járás;5,70836806;TYWB301;2024
Nyíregyházai járás;4,41428669;TYWB301;2024
Orosházi járás;4,77838008;TYWB301;2024
Oroszlányi járás;5,74407396;TYWB301;2024
Ózdi járás;4,22916667;TYWB301;2024
Paksi járás;4,86842105;TYWB301;2024
Pannonhalmi járás;5,16177767;TYWB301;2024
Pápai járás;4,4615997;TYWB301;2024
Pásztói járás;4,72895441;TYWB301;2024
Pécsi járás;4,87376825;TYWB301;2024
Pécsváradi járás;4,6140359;TYWB301;2024
Pétervásárai járás;4,86474928;TYWB301;2024
Pilisvörösvári járás;4,34094584;TYWB301;2024
Putnoki járás;4,77241544;TYWB301;2024
Püspökladányi járás;5,43063216;TYWB301;2024
Ráckevei járás;4,98683323;TYWB301;2024
Rétsági járás;4,42441283;TYWB301;2024
Salgótarjáni járás;4,88340192;TYWB301;2024
Sárbogárdi járás;5,1227158;TYWB301;2024
Sarkadi járás;4,27502672;TYWB301;2024
Sárospataki járás;4,07499939;TYWB301;2024
Sárvári járás;4,0933389;TYWB301;2024
Sátoraljaújhelyi járás;4,24422172;TYWB301;2024
Sellyei járás;5,73528818;TYWB301;2024
Siklósi járás;4,24660197;TYWB301;2024
Siófoki járás;4,16346021;TYWB301;2024
Soproni járás;5,04799493;TYWB301;2024
Sümegi járás;3,11935061;TYWB301;2024
Szarvasi járás;4,27986223;TYWB301;2024
Szécsényi járás;5,30274648;TYWB301;2024
Szegedi járás;5,17995205;TYWB301;2024
Szeghalmi járás;4,75628931;TYWB301;2024
Székesfehérvári járás;5,09517657;TYWB301;2024
Szekszárdi járás;4,53007572;TYWB301;2024
Szentendrei járás;3,97824468;TYWB301;2024
Szentesi járás;4,88379926;TYWB301;2024
Szentgotthárdi járás;4,52017937;TYWB301;2024
Szentlőrinci járás;4,90501116;TYWB301;2024
Szerencsi járás;5,89566052;TYWB301;2024
Szigetszentmiklósi járás;4,16353303;TYWB301;2024
Szigetvári járás;4,65116279;TYWB301;2024
Szikszói járás;5,19720506;TYWB301;2024
Szobi járás;4,76994932;TYWB301;2024
Szolnoki járás;4,850729;TYWB301;2024
Szombathelyi járás;4,51743703;TYWB301;2024
Tabi járás;3,83843671;TYWB301;2024
Tamási járás;4,04547468;TYWB301;2024
Tapolcai járás;3,93188854;TYWB301;2024
Tatabányai járás;5,94092149;TYWB301;2024
Tatai járás;5,43382556;TYWB301;2024
Téti járás;4,17890957;TYWB301;2024
Tiszafüredi járás;4,03833575;TYWB301;2024
Tiszakécskei járás;4,97832355;TYWB301;2024
Tiszaújvárosi járás;4,73877099;TYWB301;2024
Tiszavasvári járás;4,20434714;TYWB301;2024
Tokaji járás;3,81357811;TYWB301;2024
Tolnai járás;4,48130365;TYWB301;2024
Törökszentmiklósi járás;4,65710208;TYWB301;2024
Váci járás;4,37899495;TYWB301;2024
Várpalotai járás;5,28847506;TYWB301;2024
Vásárosnaményi járás;4,63678516;TYWB301;2024
Vasvári járás;4,14596941;TYWB301;2024
Vecsési járás;4,13881875;TYWB301;2024
Veszprémi járás;4,41974836;TYWB301;2024
Záhonyi járás;5,76721426;TYWB301;2024
Zalaegerszegi járás;4,15335966;TYWB301;2024
Zalaszentgróti járás;4,91330509;TYWB301;2024
Zirci járás;4,09507208;TYWB301;2024
Ajkai járás;2,14374208;TYWB305;2024
Aszódi járás;1,49152362;TYWB305;2024
Bácsalmási járás;1,7616489;TYWB305;2024
Bajai járás;1,85135317;TYWB305;2024
Baktalórántházai járás;1,8381297;TYWB305;2024
Balassagyarmati járás;2,28151693;TYWB305;2024
Balatonalmádi járás;1,74157928;TYWB305;2024
Balatonfüredi járás;1,8041692;TYWB305;2024
Balmazújvárosi járás;1,96013231;TYWB305;2024
Barcsi járás;1,65265153;TYWB305;2024
Bátonyterenyei járás;1,81493047;TYWB305;2024
Békéscsabai járás;2,08465327;TYWB305;2024
Békési járás;1,85042406;TYWB305;2024
Bélapátfalvai járás;1,0253124;TYWB305;2024
Berettyóújfalui járás;1,62808195;TYWB305;2024
Bicskei járás;2,16507293;TYWB305;2024
Bólyi járás;1,54693116;TYWB305;2024
Bonyhádi járás;1,91844787;TYWB305;2024
Budakeszi járás;1,98670127;TYWB305;2024
Budapest, illetve fiktív területi egység;1,74999874;TYWB305;2024
Ceglédi járás;1,909761;TYWB305;2024
Celldömölki járás;1,43430223;TYWB305;2024
Cigándi járás;0,97431972;TYWB305;2024
Csengeri járás;1,94159049;TYWB305;2024
Csongrádi járás;2,18478419;TYWB305;2024
Csornai járás;1,50600047;TYWB305;2024
Csurgói járás;1,64226085;TYWB305;2024
Dabasi járás;2,05662576;TYWB305;2024
Debreceni járás;1,74909306;TYWB305;2024
Derecskei járás;1,77331166;TYWB305;2024
Devecseri járás;1,43538953;TYWB305;2024
Dombóvári járás;1,75746924;TYWB305;2024
Dunakeszi járás;2,26967915;TYWB305;2024
Dunaújvárosi járás;2,11606321;TYWB305;2024
Edelényi járás;1,13097295;TYWB305;2024
Egri járás;2,28075751;TYWB305;2024
Encsi járás;1,31319764;TYWB305;2024
Enyingi járás;1,39650357;TYWB305;2024
Érdi járás;1,98744332;TYWB305;2024
Esztergomi járás;2,05425851;TYWB305;2024
Fehérgyarmati járás;1,2433675;TYWB305;2024
Fonyódi járás;1,94875386;TYWB305;2024
Füzesabonyi járás;1,50244147;TYWB305;2024
Gárdonyi járás;1,72074409;TYWB305;2024
Gödöllői járás;1,66364469;TYWB305;2024
Gönci járás;1,68665667;TYWB305;2024
Gyáli járás;2,15581497;TYWB305;2024
Gyomaendrődi járás;2,21010756;TYWB305;2024
Gyöngyösi járás;1,91602673;TYWB305;2024
Győri járás;1,90701569;TYWB305;2024
Gyulai járás;1,80015547;TYWB305;2024
Hajdúböszörményi járás;1,67584391;TYWB305;2024
Hajdúhadházi járás;1,44477967;TYWB305;2024
Hajdúnánási járás;1,79982362;TYWB305;2024
Hajdúszoboszlói járás;2,17216792;TYWB305;2024
Hatvani járás;2,1896124;TYWB305;2024
Hegyháti járás;1,73746056;TYWB305;2024
Hevesi járás;1,24201024;TYWB305;2024
Hódmezővásárhelyi járás;2,23087611;TYWB305;2024
Ibrányi járás;1,7388519;TYWB305;2024
Jánoshalmai járás;0,91908748;TYWB305;2024
Jászapáti járás;1,54903669;TYWB305;2024
Jászberényi járás;1,6959369;TYWB305;2024
Kalocsai járás;1,57429683;TYWB305;2024
Kaposvári járás;2,05446682;TYWB305;2024
Kapuvári járás;1,70876052;TYWB305;2024
Karcagi járás;2,03534092;TYWB305;2024
Kazincbarcikai járás;1,76466009;TYWB305;2024
Kecskeméti járás;1,9512383;TYWB305;2024
Kemecsei járás;1,70001943;TYWB305;2024
Keszthelyi járás;1,53924556;TYWB305;2024
Kisbéri járás;1,57770181;TYWB305;2024
Kiskőrösi járás;1,73880765;TYWB305;2024
Kiskunfélegyházi járás;1,75879041;TYWB305;2024
Kiskunhalasi járás;1,63248904;TYWB305;2024
Kiskunmajsai járás;1,33067199;TYWB305;2024
Kisteleki járás;1,39880519;TYWB305;2024
Kisvárdai járás;1,75868474;TYWB305;2024
Komáromi járás;1,63754771;TYWB305;2024
Komlói járás;2,19563419;TYWB305;2024
Körmendi járás;1,33733182;TYWB305;2024
Kőszegi járás;1,70423735;TYWB305;2024
Kunhegyesi járás;1,15470411;TYWB305;2024
Kunszentmártoni járás;2,13948142;TYWB305;2024
Kunszentmiklósi járás;2,36946481;TYWB305;2024
Lenti járás;1,36553725;TYWB305;2024
Letenyei járás;1,67873256;TYWB305;2024
Makói járás;1,8077219;TYWB305;2024
Marcali járás;1,7681546;TYWB305;2024
Martonvásári járás;1,77701958;TYWB305;2024
Mátészalkai járás;1,6519731;TYWB305;2024
Mezőcsáti járás;1,94385257;TYWB305;2024
Mezőkovácsházai járás;1,92666252;TYWB305;2024
Mezőkövesdi járás;1,19299247;TYWB305;2024
Mezőtúri járás;1,91041379;TYWB305;2024
Miskolci járás;1,8712828;TYWB305;2024
Mohácsi járás;2,14172642;TYWB305;2024
Monori járás;1,80053075;TYWB305;2024
Mórahalmi járás;1,44585111;TYWB305;2024
Móri járás;2,00319914;TYWB305;2024
Mosonmagyaróvári járás;1,97874406;TYWB305;2024
Nagyatádi járás;1,46904979;TYWB305;2024
Nagykállói járás;1,85535377;TYWB305;2024
Nagykanizsai járás;1,88728174;TYWB305;2024
Nagykátai járás;1,44341408;TYWB305;2024
Nagykőrösi járás;2,01068643;TYWB305;2024
Nyíradonyi járás;1,86366569;TYWB305;2024
Nyírbátori járás;1,41446288;TYWB305;2024
Nyíregyházai járás;2,06784257;TYWB305;2024
Orosházi járás;2,52442721;TYWB305;2024
Oroszlányi járás;2,00649159;TYWB305;2024
Ózdi járás;1,25;TYWB305;2024
Paksi járás;2,14912281;TYWB305;2024
Pannonhalmi járás;1,32191867;TYWB305;2024
Pápai járás;2,09195338;TYWB305;2024
Pásztói járás;2,43402065;TYWB305;2024
Pécsi járás;1,81255844;TYWB305;2024
Pécsváradi járás;2,12245651;TYWB305;2024
Pétervásárai járás;1,9245162;TYWB305;2024
Pilisvörösvári járás;1,85052273;TYWB305;2024
Putnoki járás;1,13344867;TYWB305;2024
Püspökladányi járás;1,35765804;TYWB305;2024
Ráckevei járás;2,23898635;TYWB305;2024
Rétsági járás;1,81938472;TYWB305;2024
Salgótarjáni járás;1,62780064;TYWB305;2024
Sárbogárdi járás;1,56739812;TYWB305;2024
Sarkadi járás;1,57768843;TYWB305;2024
Sárospataki járás;1,55238072;TYWB305;2024
Sárvári járás;1,72351112;TYWB305;2024
Sátoraljaújhelyi járás;1,48292084;TYWB305;2024
Sellyei járás;1,77713155;TYWB305;2024
Siklósi járás;1,61490497;TYWB305;2024
Siófoki járás;2,03240001;TYWB305;2024
Soproni járás;2,07571992;TYWB305;2024
Sümegi járás;0,77983765;TYWB305;2024
Szarvasi járás;1,58966311;TYWB305;2024
Szécsényi járás;1,72915646;TYWB305;2024
Szegedi járás;1,85657687;TYWB305;2024
Szeghalmi járás;1,61163522;TYWB305;2024
Székesfehérvári járás;2,09135352;TYWB305;2024
Szekszárdi járás;1,72484055;TYWB305;2024
Szentendrei járás;1,87545821;TYWB305;2024
Szentesi járás;1,9086112;TYWB305;2024
Szentgotthárdi járás;1,14798206;TYWB305;2024
Szentlőrinci járás;1,31776419;TYWB305;2024
Szerencsi járás;1,28881881;TYWB305;2024
Szigetszentmiklósi járás;2,26396954;TYWB305;2024
Szigetvári járás;2,17054264;TYWB305;2024
Szikszói járás;1,67465496;TYWB305;2024
Szobi járás;1,82848057;TYWB305;2024
Szolnoki járás;2,15690812;TYWB305;2024
Szombathelyi járás;1,99565491;TYWB305;2024
Tabi járás;1,65750676;TYWB305;2024
Tamási járás;1,6831537;TYWB305;2024
Tapolcai járás;1,26934985;TYWB305;2024
Tatabányai járás;2,066921;TYWB305;2024
Tatai járás;2,01252799;TYWB305;2024
Téti járás;1,63238655;TYWB305;2024
Tiszafüredi járás;1,13755937;TYWB305;2024
Tiszakécskei járás;1,99132942;TYWB305;2024
Tiszaújvárosi járás;2,01142078;TYWB305;2024
Tiszavasvári járás;1,26923687;TYWB305;2024
Tokaji járás;1,06425436;TYWB305;2024
Tolnai járás;1,39676997;TYWB305;2024
Törökszentmiklósi járás;1,53233681;TYWB305;2024
Váci járás;2,27425222;TYWB305;2024
Várpalotai járás;1,94098287;TYWB305;2024
Vásárosnaményi járás;1,3997842;TYWB305;2024
Vasvári járás;1,32983925;TYWB305;2024
Vecsési járás;2,03970494;TYWB305;2024
Veszprémi járás;2,00549275;TYWB305;2024
Záhonyi járás;1,86415006;TYWB305;2024
Zalaegerszegi járás;1,11175789;TYWB305;2024
Zalaszentgróti járás;1,4241464;TYWB305;2024
Zirci járás;1,66016436;TYWB305;2024
Ajkai járás;-2,2;TYWC001;2024
Aszódi járás;4,9;TYWC001;2024
Bácsalmási járás;4,8;TYWC001;2024
Bajai járás;-1,9;TYWC001;2024
Baktalórántházai járás;-11,4;TYWC001;2024
Balassagyarmati járás;-1,5;TYWC001;2024
Balatonalmádi járás;11,4;TYWC001;2024
Balatonfüredi járás;7,8;TYWC001;2024
Balmazújvárosi járás;1,1;TYWC001;2024
Barcsi járás;-10,9;TYWC001;2024
Bátonyterenyei járás;-2,9;TYWC001;2024
Békéscsabai járás;-0,6;TYWC001;2024
Békési járás;-4,4;TYWC001;2024
Bélapátfalvai járás;6,9;TYWC001;2024
Berettyóújfalui járás;-2,7;TYWC001;2024
Bicskei járás;9,1;TYWC001;2024
Bólyi járás;5,4;TYWC001;2024
Bonyhádi járás;-7,2;TYWC001;2024
Budakeszi járás;7,6;TYWC001;2024
Budapest, illetve fiktív területi egység;1,9;TYWC001;2024
Ceglédi járás;3,6;TYWC001;2024
Celldömölki járás;-1,9;TYWC001;2024
Cigándi járás;-16,8;TYWC001;2024
Csengeri járás;-4,4;TYWC001;2024
Csongrádi járás;6,6;TYWC001;2024
Csornai járás;5;TYWC001;2024
Csurgói járás;-0,3;TYWC001;2024
Dabasi járás;9,3;TYWC001;2024
Debreceni járás;-7,2;TYWC001;2024
Derecskei járás;1,8;TYWC001;2024
Devecseri járás;-0,5;TYWC001;2024
Dombóvári járás;-1,1;TYWC001;2024
Dunakeszi járás;0,8;TYWC001;2024
Dunaújvárosi járás;1,5;TYWC001;2024
Edelényi járás;-7,3;TYWC001;2024
Egri járás;-6,7;TYWC001;2024
Encsi járás;-9,7;TYWC001;2024
Enyingi járás;3,5;TYWC001;2024
Érdi járás;7,1;TYWC001;2024
Esztergomi járás;2,6;TYWC001;2024
Fehérgyarmati járás;-14;TYWC001;2024
Fonyódi járás;0,2;TYWC001;2024
Füzesabonyi járás;-1,4;TYWC001;2024
Gárdonyi járás;16;TYWC001;2024
Gödöllői járás;5,2;TYWC001;2024
Gönci járás;-6;TYWC001;2024
Gyáli járás;-0,7;TYWC001;2024
Gyomaendrődi járás;-1,4;TYWC001;2024
Gyöngyösi járás;0,2;TYWC001;2024
Győri járás;4,2;TYWC001;2024
Gyulai járás;-0,5;TYWC001;2024
Hajdúböszörményi járás;-0,2;TYWC001;2024
Hajdúhadházi járás;1,4;TYWC001;2024
Hajdúnánási járás;-2,2;TYWC001;2024
Hajdúszoboszlói járás;-1;TYWC001;2024
Hatvani járás;1;TYWC001;2024
Hegyháti járás;-1,9;TYWC001;2024
Hevesi járás;-1,5;TYWC001;2024
Hódmezővásárhelyi járás;2,5;TYWC001;2024
Ibrányi járás;-4,9;TYWC001;2024
Jánoshalmai járás;2,6;TYWC001;2024
Jászapáti járás;-0,7;TYWC001;2024
Jászberényi járás;1,2;TYWC001;2024
Kalocsai járás;-1,6;TYWC001;2024
Kaposvári járás;-2,1;TYWC001;2024
Kapuvári járás;3,1;TYWC001;2024
Karcagi járás;-8,5;TYWC001;2024
Kazincbarcikai járás;-5,8;TYWC001;2024
Kecskeméti járás;-2,7;TYWC001;2024
Kemecsei járás;-4,5;TYWC001;2024
Keszthelyi járás;0,3;TYWC001;2024
Kisbéri járás;0,6;TYWC001;2024
Kiskőrösi járás;1,5;TYWC001;2024
Kiskunfélegyházi járás;1,9;TYWC001;2024
Kiskunhalasi járás;-7,2;TYWC001;2024
Kiskunmajsai járás;-4,8;TYWC001;2024
Kisteleki járás;1,9;TYWC001;2024
Kisvárdai járás;-10,8;TYWC001;2024
Komáromi járás;-3,4;TYWC001;2024
Komlói járás;5,1;TYWC001;2024
Körmendi járás;1,9;TYWC001;2024
Kőszegi járás;0,4;TYWC001;2024
Kunhegyesi járás;-3,9;TYWC001;2024
Kunszentmártoni járás;-0,6;TYWC001;2024
Kunszentmiklósi járás;-2,2;TYWC001;2024
Lenti járás;-1,1;TYWC001;2024
Letenyei járás;0,2;TYWC001;2024
Makói járás;4,7;TYWC001;2024
Marcali járás;-2,6;TYWC001;2024
Martonvásári járás;0,5;TYWC001;2024
Mátészalkai járás;-5,4;TYWC001;2024
Mezőcsáti járás;-5,2;TYWC001;2024
Mezőkovácsházai járás;-6,2;TYWC001;2024
Mezőkövesdi járás;-3,4;TYWC001;2024
Mezőtúri járás;-2,2;TYWC001;2024
Miskolci járás;-4,9;TYWC001;2024
Mohácsi járás;-0,9;TYWC001;2024
Monori járás;3,3;TYWC001;2024
Mórahalmi járás;6,4;TYWC001;2024
Móri járás;-0,1;TYWC001;2024
Mosonmagyaróvári járás;2,4;TYWC001;2024
Nagyatádi járás;-4,4;TYWC001;2024
Nagykállói járás;-8,8;TYWC001;2024
Nagykanizsai járás;0;TYWC001;2024
Nagykátai járás;7,1;TYWC001;2024
Nagykőrösi járás;3,4;TYWC001;2024
Nyíradonyi járás;-3,3;TYWC001;2024
Nyírbátori járás;-6,7;TYWC001;2024
Nyíregyházai járás;-2,2;TYWC001;2024
Orosházi járás;-3,6;TYWC001;2024
Oroszlányi járás;-3,6;TYWC001;2024
Ózdi járás;-12,3;TYWC001;2024
Paksi járás;-4,9;TYWC001;2024
Pannonhalmi járás;4,6;TYWC001;2024
Pápai járás;0,1;TYWC001;2024
Pásztói járás;-5,7;TYWC001;2024
Pécsi járás;0,4;TYWC001;2024
Pécsváradi járás;-5,4;TYWC001;2024
Pétervásárai járás;-2,2;TYWC001;2024
Pilisvörösvári járás;5,7;TYWC001;2024
Putnoki járás;-10,7;TYWC001;2024
Püspökladányi járás;-1,4;TYWC001;2024
Ráckevei járás;8;TYWC001;2024
Rétsági járás;8;TYWC001;2024
Salgótarjáni járás;-3,8;TYWC001;2024
Sárbogárdi járás;-4,9;TYWC001;2024
Sarkadi járás;-5,6;TYWC001;2024
Sárospataki járás;-8;TYWC001;2024
Sárvári járás;1;TYWC001;2024
Sátoraljaújhelyi járás;-13,8;TYWC001;2024
Sellyei járás;-4,4;TYWC001;2024
Siklósi járás;0,3;TYWC001;2024
Siófoki járás;5,3;TYWC001;2024
Soproni járás;4;TYWC001;2024
Sümegi járás;-3,5;TYWC001;2024
Szarvasi járás;-3,1;TYWC001;2024
Szécsényi járás;-3,3;TYWC001;2024
Szegedi járás;-2,4;TYWC001;2024
Szeghalmi járás;-11,2;TYWC001;2024
Székesfehérvári járás;2,2;TYWC001;2024
Szekszárdi járás;-1,4;TYWC001;2024
Szentendrei járás;3,8;TYWC001;2024
Szentesi járás;-3,4;TYWC001;2024
Szentgotthárdi járás;-9;TYWC001;2024
Szentlőrinci járás;-4,3;TYWC001;2024
Szerencsi járás;-3,8;TYWC001;2024
Szigetszentmiklósi járás;2,7;TYWC001;2024
Szigetvári járás;-5,9;TYWC001;2024
Szikszói járás;-5,8;TYWC001;2024
Szobi járás;5,6;TYWC001;2024
Szolnoki járás;-1,8;TYWC001;2024
Szombathelyi járás;2;TYWC001;2024
Tabi járás;-5,4;TYWC001;2024
Tamási járás;-1,4;TYWC001;2024
Tapolcai járás;3,2;TYWC001;2024
Tatabányai járás;-2,2;TYWC001;2024
Tatai járás;10,5;TYWC001;2024
Téti járás;9,3;TYWC001;2024
Tiszafüredi járás;4,9;TYWC001;2024
Tiszakécskei járás;4,4;TYWC001;2024
Tiszaújvárosi járás;-2,1;TYWC001;2024
Tiszavasvári járás;-2,9;TYWC001;2024
Tokaji járás;0,8;TYWC001;2024
Tolnai járás;-5,6;TYWC001;2024
Törökszentmiklósi járás;-3,8;TYWC001;2024
Váci járás;9,1;TYWC001;2024
Várpalotai járás;-0,8;TYWC001;2024
Vásárosnaményi járás;-17,2;TYWC001;2024
Vasvári járás;5,8;TYWC001;2024
Vecsési járás;0,7;TYWC001;2024
Veszprémi járás;-1,8;TYWC001;2024
Záhonyi járás;-18,9;TYWC001;2024
Zalaegerszegi járás;-1;TYWC001;2024
Zalaszentgróti járás;1;TYWC001;2024
Zirci járás;3,3;TYWC001;2024
Ajkai járás;-1,3;TYWC007;2024
Aszódi járás;3,6;TYWC007;2024
Bácsalmási járás;7,4;TYWC007;2024
Bajai járás;0,2;TYWC007;2024
Baktalórántházai járás;-4,7;TYWC007;2024
Balassagyarmati járás;-2,4;TYWC007;2024
Balatonalmádi járás;9,8;TYWC007;2024
Balatonfüredi járás;7,5;TYWC007;2024
Balmazújvárosi járás;0,5;TYWC007;2024
Barcsi járás;-4,4;TYWC007;2024
Bátonyterenyei járás;-4,5;TYWC007;2024
Békéscsabai járás;-1,6;TYWC007;2024
Békési járás;-3,3;TYWC007;2024
Bélapátfalvai járás;4,9;TYWC007;2024
Berettyóújfalui járás;-1,9;TYWC007;2024
Bicskei járás;4,9;TYWC007;2024
Bólyi járás;3,8;TYWC007;2024
Bonyhádi járás;-4,3;TYWC007;2024
Budakeszi járás;4,3;TYWC007;2024
Budapest, illetve fiktív területi egység;-0,6;TYWC007;2024
Ceglédi járás;3,3;TYWC007;2024
Celldömölki járás;0;TYWC007;2024
Cigándi járás;-9,4;TYWC007;2024
Csengeri járás;-3,6;TYWC007;2024
Csongrádi járás;-0,4;TYWC007;2024
Csornai járás;3,6;TYWC007;2024
Csurgói járás;-1,6;TYWC007;2024
Dabasi járás;6,1;TYWC007;2024
Debreceni járás;-5,1;TYWC007;2024
Derecskei járás;0,6;TYWC007;2024
Devecseri járás;-0,9;TYWC007;2024
Dombóvári járás;-1,6;TYWC007;2024
Dunakeszi járás;-0,1;TYWC007;2024
Dunaújvárosi járás;2,8;TYWC007;2024
Edelényi járás;-5,4;TYWC007;2024
Egri járás;-2,8;TYWC007;2024
Encsi járás;-4;TYWC007;2024
Enyingi járás;2,5;TYWC007;2024
Érdi járás;4,6;TYWC007;2024
Esztergomi járás;0,9;TYWC007;2024
Fehérgyarmati járás;-9,5;TYWC007;2024
Fonyódi járás;2,2;TYWC007;2024
Füzesabonyi járás;3,2;TYWC007;2024
Gárdonyi járás;12,7;TYWC007;2024
Gödöllői járás;5,8;TYWC007;2024
Gönci járás;-7,1;TYWC007;2024
Gyáli járás;2,5;TYWC007;2024
Gyomaendrődi járás;-0,6;TYWC007;2024
Gyöngyösi járás;0,2;TYWC007;2024
Győri járás;3,5;TYWC007;2024
Gyulai járás;-0,3;TYWC007;2024
Hajdúböszörményi járás;-1,2;TYWC007;2024
Hajdúhadházi járás;1,2;TYWC007;2024
Hajdúnánási járás;-1,9;TYWC007;2024
Hajdúszoboszlói járás;1,4;TYWC007;2024
Hatvani járás;2,7;TYWC007;2024
Hegyháti járás;-1;TYWC007;2024
Hevesi járás;-1,5;TYWC007;2024
Hódmezővásárhelyi járás;0;TYWC007;2024
Ibrányi járás;-4,6;TYWC007;2024
Jánoshalmai járás;0,9;TYWC007;2024
Jászapáti járás;0,3;TYWC007;2024
Jászberényi járás;1,3;TYWC007;2024
Kalocsai járás;-0,7;TYWC007;2024
Kaposvári járás;-0,4;TYWC007;2024
Kapuvári járás;1,5;TYWC007;2024
Karcagi járás;-3,4;TYWC007;2024
Kazincbarcikai járás;-5,1;TYWC007;2024
Kecskeméti járás;-1;TYWC007;2024
Kemecsei járás;-1,7;TYWC007;2024
Keszthelyi járás;3;TYWC007;2024
Kisbéri járás;4,3;TYWC007;2024
Kiskőrösi járás;2;TYWC007;2024
Kiskunfélegyházi járás;-0,8;TYWC007;2024
Kiskunhalasi járás;-4,1;TYWC007;2024
Kiskunmajsai járás;-3,7;TYWC007;2024
Kisteleki járás;2,7;TYWC007;2024
Kisvárdai járás;-7,3;TYWC007;2024
Komáromi járás;-2,5;TYWC007;2024
Komlói járás;4,4;TYWC007;2024
Körmendi járás;1,2;TYWC007;2024
Kőszegi járás;3;TYWC007;2024
Kunhegyesi járás;-0,9;TYWC007;2024
Kunszentmártoni járás;1,1;TYWC007;2024
Kunszentmiklósi járás;-0,4;TYWC007;2024
Lenti járás;1,3;TYWC007;2024
Letenyei járás;2;TYWC007;2024
Makói járás;3,8;TYWC007;2024
Marcali járás;-1;TYWC007;2024
Martonvásári járás;2,7;TYWC007;2024
Mátészalkai járás;-3,4;TYWC007;2024
Mezőcsáti járás;-4;TYWC007;2024
Mezőkovácsházai járás;-3,6;TYWC007;2024
Mezőkövesdi járás;-1,3;TYWC007;2024
Mezőtúri járás;-3,3;TYWC007;2024
Miskolci járás;-3;TYWC007;2024
Mohácsi járás;1,4;TYWC007;2024
Monori járás;3,9;TYWC007;2024
Mórahalmi járás;4,2;TYWC007;2024
Móri járás;-0,5;TYWC007;2024
Mosonmagyaróvári járás;3,3;TYWC007;2024
Nagyatádi járás;-1,6;TYWC007;2024
Nagykállói járás;-4,3;TYWC007;2024
Nagykanizsai járás;-0,4;TYWC007;2024
Nagykátai járás;7,7;TYWC007;2024
Nagykőrösi járás;2;TYWC007;2024
Nyíradonyi járás;-1,8;TYWC007;2024
Nyírbátori járás;-3,7;TYWC007;2024
Nyíregyházai járás;-1,9;TYWC007;2024
Orosházi járás;-3,3;TYWC007;2024
Oroszlányi járás;-3,7;TYWC007;2024
Ózdi járás;-7,5;TYWC007;2024
Paksi járás;-3,4;TYWC007;2024
Pannonhalmi járás;4,5;TYWC007;2024
Pápai járás;-0,1;TYWC007;2024
Pásztói járás;-2,3;TYWC007;2024
Pécsi járás;-2,2;TYWC007;2024
Pécsváradi járás;-4,5;TYWC007;2024
Pétervásárai járás;1;TYWC007;2024
Pilisvörösvári járás;6,2;TYWC007;2024
Putnoki járás;-6;TYWC007;2024
Püspökladányi járás;-1,5;TYWC007;2024
Ráckevei járás;9,1;TYWC007;2024
Rétsági járás;4,3;TYWC007;2024
Salgótarjáni járás;-2,9;TYWC007;2024
Sárbogárdi járás;-2,1;TYWC007;2024
Sarkadi járás;-3,7;TYWC007;2024
Sárospataki járás;-6,2;TYWC007;2024
Sárvári járás;1,7;TYWC007;2024
Sátoraljaújhelyi járás;-8,9;TYWC007;2024
Sellyei járás;-2,7;TYWC007;2024
Siklósi járás;2,5;TYWC007;2024
Siófoki járás;5,7;TYWC007;2024
Soproni járás;2,4;TYWC007;2024
Sümegi járás;-1,6;TYWC007;2024
Szarvasi járás;-0,8;TYWC007;2024
Szécsényi járás;-1,5;TYWC007;2024
Szegedi járás;-1,9;TYWC007;2024
Szeghalmi járás;-6,8;TYWC007;2024
Székesfehérvári járás;1,2;TYWC007;2024
Szekszárdi járás;-2,1;TYWC007;2024
Szentendrei járás;3,8;TYWC007;2024
Szentesi járás;-2,5;TYWC007;2024
Szentgotthárdi járás;-5,6;TYWC007;2024
Szentlőrinci járás;0,4;TYWC007;2024
Szerencsi járás;-2,9;TYWC007;2024
Szigetszentmiklósi járás;2,2;TYWC007;2024
Szigetvári járás;-4,9;TYWC007;2024
Szikszói járás;-5,4;TYWC007;2024
Szobi járás;5,5;TYWC007;2024
Szolnoki járás;-1,4;TYWC007;2024
Szombathelyi járás;2,2;TYWC007;2024
Tabi járás;0;TYWC007;2024
Tamási járás;-0,7;TYWC007;2024
Tapolcai járás;2,3;TYWC007;2024
Tatabányai járás;-0,5;TYWC007;2024
Tatai járás;4,3;TYWC007;2024
Téti járás;4,4;TYWC007;2024
Tiszafüredi járás;-2,7;TYWC007;2024
Tiszakécskei járás;2,5;TYWC007;2024
Tiszaújvárosi járás;-1,6;TYWC007;2024
Tiszavasvári járás;-1,8;TYWC007;2024
Tokaji járás;2,8;TYWC007;2024
Tolnai járás;-0,6;TYWC007;2024
Törökszentmiklósi járás;-0,3;TYWC007;2024
Váci járás;8,3;TYWC007;2024
Várpalotai járás;0;TYWC007;2024
Vásárosnaményi járás;-13;TYWC007;2024
Vasvári járás;3,7;TYWC007;2024
Vecsési járás;1;TYWC007;2024
Veszprémi járás;-0,3;TYWC007;2024
Záhonyi járás;-16;TYWC007;2024
Zalaegerszegi járás;-1,3;TYWC007;2024
Zalaszentgróti járás;5,8;TYWC007;2024
Zirci járás;3,1;TYWC007;2024
Ajkai járás;-0,9;TYWC008;2024
Aszódi járás;1,3;TYWC008;2024
Bácsalmási járás;-2,6;TYWC008;2024
Bajai járás;-2,1;TYWC008;2024
Baktalórántházai járás;-6,7;TYWC008;2024
Balassagyarmati járás;0,9;TYWC008;2024
Balatonalmádi járás;1,6;TYWC008;2024
Balatonfüredi járás;0,2;TYWC008;2024
Balmazújvárosi járás;0,6;TYWC008;2024
Barcsi járás;-6,5;TYWC008;2024
Bátonyterenyei járás;1,6;TYWC008;2024
Békéscsabai járás;1,1;TYWC008;2024
Békési járás;-1,1;TYWC008;2024
Bélapátfalvai járás;2,1;TYWC008;2024
Berettyóújfalui járás;-0,8;TYWC008;2024
Bicskei járás;4,2;TYWC008;2024
Bólyi járás;1,5;TYWC008;2024
Bonyhádi járás;-2,9;TYWC008;2024
Budakeszi járás;3,4;TYWC008;2024
Budapest, illetve fiktív területi egység;2,4;TYWC008;2024
Ceglédi járás;0,3;TYWC008;2024
Celldömölki járás;-1,9;TYWC008;2024
Cigándi járás;-7,4;TYWC008;2024
Csengeri járás;-0,8;TYWC008;2024
Csongrádi járás;6,9;TYWC008;2024
Csornai járás;1,3;TYWC008;2024
Csurgói járás;1,3;TYWC008;2024
Dabasi járás;3,2;TYWC008;2024
Debreceni járás;-2,2;TYWC008;2024
Derecskei járás;1,2;TYWC008;2024
Devecseri járás;0,4;TYWC008;2024
Dombóvári járás;0,5;TYWC008;2024
Dunakeszi járás;0,9;TYWC008;2024
Dunaújvárosi járás;-1,3;TYWC008;2024
Edelényi járás;-1,8;TYWC008;2024
Egri járás;-3,9;TYWC008;2024
Encsi járás;-5,6;TYWC008;2024
Enyingi járás;0,9;TYWC008;2024
Érdi járás;2,5;TYWC008;2024
Esztergomi járás;1,7;TYWC008;2024
Fehérgyarmati járás;-4,5;TYWC008;2024
Fonyódi járás;-2;TYWC008;2024
Füzesabonyi járás;-4,5;TYWC008;2024
Gárdonyi járás;3,3;TYWC008;2024
Gödöllői járás;-0,6;TYWC008;2024
Gönci járás;1,1;TYWC008;2024
Gyáli járás;-3,2;TYWC008;2024
Gyomaendrődi járás;-0,7;TYWC008;2024
Gyöngyösi járás;-0,1;TYWC008;2024
Győri járás;0,7;TYWC008;2024
Gyulai járás;-0,2;TYWC008;2024
Hajdúböszörményi járás;1;TYWC008;2024
Hajdúhadházi járás;0,2;TYWC008;2024
Hajdúnánási járás;-0,3;TYWC008;2024
Hajdúszoboszlói járás;-2,4;TYWC008;2024
Hatvani járás;-1,6;TYWC008;2024
Hegyháti járás;-0,9;TYWC008;2024
Hevesi járás;0;TYWC008;2024
Hódmezővásárhelyi járás;2,4;TYWC008;2024
Ibrányi járás;-0,3;TYWC008;2024
Jánoshalmai járás;1,6;TYWC008;2024
Jászapáti járás;-0,9;TYWC008;2024
Jászberényi járás;-0,1;TYWC008;2024
Kalocsai járás;-1;TYWC008;2024
Kaposvári járás;-1,7;TYWC008;2024
Kapuvári járás;1,7;TYWC008;2024
Karcagi járás;-5,1;TYWC008;2024
Kazincbarcikai járás;-0,7;TYWC008;2024
Kecskeméti járás;-1,7;TYWC008;2024
Kemecsei járás;-2,7;TYWC008;2024
Keszthelyi járás;-2,7;TYWC008;2024
Kisbéri járás;-3,7;TYWC008;2024
Kiskőrösi járás;-0,5;TYWC008;2024
Kiskunfélegyházi járás;2,7;TYWC008;2024
Kiskunhalasi járás;-3,1;TYWC008;2024
Kiskunmajsai járás;-1,1;TYWC008;2024
Kisteleki járás;-0,8;TYWC008;2024
Kisvárdai járás;-3,5;TYWC008;2024
Komáromi járás;-0,9;TYWC008;2024
Komlói járás;0,7;TYWC008;2024
Körmendi járás;0,7;TYWC008;2024
Kőszegi járás;-2,6;TYWC008;2024
Kunhegyesi járás;-3;TYWC008;2024
Kunszentmártoni járás;-1,7;TYWC008;2024
Kunszentmiklósi járás;-1,7;TYWC008;2024
Lenti járás;-2,4;TYWC008;2024
Letenyei járás;-1,7;TYWC008;2024
Makói járás;0,9;TYWC008;2024
Marcali járás;-1,6;TYWC008;2024
Martonvásári járás;-2,2;TYWC008;2024
Mátészalkai járás;-2;TYWC008;2024
Mezőcsáti járás;-1,2;TYWC008;2024
Mezőkovácsházai járás;-2,6;TYWC008;2024
Mezőkövesdi járás;-2,1;TYWC008;2024
Mezőtúri járás;1,1;TYWC008;2024
Miskolci járás;-1,9;TYWC008;2024
Mohácsi járás;-2,3;TYWC008;2024
Monori járás;-0,5;TYWC008;2024
Mórahalmi járás;2,2;TYWC008;2024
Móri járás;0,4;TYWC008;2024
Mosonmagyaróvári járás;-0,9;TYWC008;2024
Nagyatádi járás;-2,8;TYWC008;2024
Nagykállói járás;-4,5;TYWC008;2024
Nagykanizsai járás;0,3;TYWC008;2024
Nagykátai járás;-0,7;TYWC008;2024
Nagykőrösi járás;1,4;TYWC008;2024
Nyíradonyi járás;-1,4;TYWC008;2024
Nyírbátori járás;-3;TYWC008;2024
Nyíregyházai járás;-0,3;TYWC008;2024
Orosházi járás;-0,3;TYWC008;2024
Oroszlányi járás;0,1;TYWC008;2024
Ózdi járás;-4,8;TYWC008;2024
Paksi járás;-1,6;TYWC008;2024
Pannonhalmi járás;0,1;TYWC008;2024
Pápai járás;0,2;TYWC008;2024
Pásztói járás;-3,4;TYWC008;2024
Pécsi járás;2,6;TYWC008;2024
Pécsváradi járás;-0,9;TYWC008;2024
Pétervásárai járás;-3,2;TYWC008;2024
Pilisvörösvári járás;-0,4;TYWC008;2024
Putnoki járás;-4,7;TYWC008;2024
Püspökladányi járás;0,1;TYWC008;2024
Ráckevei járás;-1,1;TYWC008;2024
Rétsági járás;3,8;TYWC008;2024
Salgótarjáni járás;-0,9;TYWC008;2024
Sárbogárdi járás;-2,8;TYWC008;2024
Sarkadi járás;-1,9;TYWC008;2024
Sárospataki járás;-1,8;TYWC008;2024
Sárvári járás;-0,6;TYWC008;2024
Sátoraljaújhelyi járás;-4,8;TYWC008;2024
Sellyei járás;-1,7;TYWC008;2024
Siklósi járás;-2,2;TYWC008;2024
Siófoki járás;-0,4;TYWC008;2024
Soproni járás;1,6;TYWC008;2024
Sümegi járás;-1,8;TYWC008;2024
Szarvasi járás;-2,2;TYWC008;2024
Szécsényi járás;-1,8;TYWC008;2024
Szegedi járás;-0,5;TYWC008;2024
Szeghalmi járás;-4,4;TYWC008;2024
Székesfehérvári járás;1;TYWC008;2024
Szekszárdi járás;0,7;TYWC008;2024
Szentendrei járás;0;TYWC008;2024
Szentesi járás;-0,8;TYWC008;2024
Szentgotthárdi járás;-3,4;TYWC008;2024
Szentlőrinci járás;-4,8;TYWC008;2024
Szerencsi járás;-0,9;TYWC008;2024
Szigetszentmiklósi járás;0,6;TYWC008;2024
Szigetvári járás;-1;TYWC008;2024
Szikszói járás;-0,4;TYWC008;2024
Szobi járás;0,2;TYWC008;2024
Szolnoki járás;-0,4;TYWC008;2024
Szombathelyi járás;-0,2;TYWC008;2024
Tabi járás;-5,4;TYWC008;2024
Tamási járás;-0,6;TYWC008;2024
Tapolcai járás;0,9;TYWC008;2024
Tatabányai járás;-1,7;TYWC008;2024
Tatai járás;6,2;TYWC008;2024
Téti járás;4,8;TYWC008;2024
Tiszafüredi járás;7,7;TYWC008;2024
Tiszakécskei járás;1,9;TYWC008;2024
Tiszaújvárosi járás;-0,5;TYWC008;2024
Tiszavasvári járás;-1,1;TYWC008;2024
Tokaji járás;-2;TYWC008;2024
Tolnai járás;-5,1;TYWC008;2024
Törökszentmiklósi járás;-3,5;TYWC008;2024
Váci járás;0,8;TYWC008;2024
Várpalotai járás;-0,8;TYWC008;2024
Vásárosnaményi járás;-4,2;TYWC008;2024
Vasvári járás;2,1;TYWC008;2024
Vecsési járás;-0,2;TYWC008;2024
Veszprémi járás;-1,5;TYWC008;2024
Záhonyi járás;-2,9;TYWC008;2024
Zalaegerszegi járás;0,3;TYWC008;2024
Zalaszentgróti járás;-4,8;TYWC008;2024
Zirci járás;0,2;TYWC008;2024
Ajkai járás;108,7870801;TYWF001;2024
Aszódi járás;87,0537497;TYWF001;2024
Bácsalmási járás;88,97531082;TYWF001;2024
Bajai járás;138,4638794;TYWF001;2024
Baktalórántházai járás;103,4024609;TYWF001;2024
Balassagyarmati járás;114,984333;TYWF001;2024
Balatonalmádi járás;90,43736101;TYWF001;2024
Balatonfüredi járás;210,8031719;TYWF001;2024
Balmazújvárosi járás;100,3812389;TYWF001;2024
Barcsi járás;105,4748823;TYWF001;2024
Bátonyterenyei járás;74,125799;TYWF001;2024
Békéscsabai járás;139,3928606;TYWF001;2024
Békési járás;93,77425866;TYWF001;2024
Bélapátfalvai járás;77,1505722;TYWF001;2024
Berettyóújfalui járás;112,7568557;TYWF001;2024
Bicskei járás;75,8687526;TYWF001;2024
Bólyi járás;73,79737609;TYWF001;2024
Bonyhádi járás;120,6532041;TYWF001;2024
Budakeszi járás;98,95980896;TYWF001;2024
Budapest, illetve fiktív területi egység;119,0060105;TYWF001;2024
Ceglédi járás;95,06892777;TYWF001;2024
Celldömölki járás;117,5093422;TYWF001;2024
Cigándi járás;56,16794215;TYWF001;2024
Csengeri járás;113,3878675;TYWF001;2024
Csongrádi járás;104,1210529;TYWF001;2024
Csornai járás;120,5046723;TYWF001;2024
Csurgói járás;65,2114223;TYWF001;2024
Dabasi járás;85,21010042;TYWF001;2024
Debreceni járás;99,14490409;TYWF001;2024
Derecskei járás;75,69780057;TYWF001;2024
Devecseri járás;76,37437856;TYWF001;2024
Dombóvári járás;100,0884173;TYWF001;2024
Dunakeszi járás;76,31222602;TYWF001;2024
Dunaújvárosi járás;81,08015254;TYWF001;2024
Edelényi járás;70,31594879;TYWF001;2024
Egri járás;132,5840724;TYWF001;2024
Encsi járás;74,30748248;TYWF001;2024
Enyingi járás;76,05152879;TYWF001;2024
Érdi járás;74,43660369;TYWF001;2024
Esztergomi járás;103,474567;TYWF001;2024
Fehérgyarmati járás;107,4392197;TYWF001;2024
Fonyódi járás;140,7416473;TYWF001;2024
Füzesabonyi járás;95,13210798;TYWF001;2024
Gárdonyi járás;66,78620618;TYWF001;2024
Gödöllői járás;80,33427015;TYWF001;2024
Gönci járás;62,69985579;TYWF001;2024
Gyáli járás;69,33443534;TYWF001;2024
Gyomaendrődi járás;102,4245423;TYWF001;2024
Gyöngyösi járás;107,0725428;TYWF001;2024
Győri járás;119,6376772;TYWF001;2024
Gyulai járás;119,4029851;TYWF001;2024
Hajdúböszörményi járás;107,5154354;TYWF001;2024
Hajdúhadházi járás;77,54565871;TYWF001;2024
Hajdúnánási járás;115,9514521;TYWF001;2024
Hajdúszoboszlói járás;114,3872114;TYWF001;2024
Hatvani járás;104,984757;TYWF001;2024
Hegyháti járás;95,57945042;TYWF001;2024
Hevesi járás;84,29862332;TYWF001;2024
Hódmezővásárhelyi járás;117,7807827;TYWF001;2024
Ibrányi járás;99,56412021;TYWF001;2024
Jánoshalmai járás;104,5639879;TYWF001;2024
Jászapáti járás;74,8032771;TYWF001;2024
Jászberényi járás;117,9540924;TYWF001;2024
Kalocsai járás;120,6831289;TYWF001;2024
Kaposvári járás;96,66792169;TYWF001;2024
Kapuvári járás;103,2349745;TYWF001;2024
Karcagi járás;111,9283659;TYWF001;2024
Kazincbarcikai járás;94,28710598;TYWF001;2024
Kecskeméti járás;118,3877149;TYWF001;2024
Kemecsei járás;82,28248698;TYWF001;2024
Keszthelyi járás;167,4626181;TYWF001;2024
Kisbéri járás;82,80590717;TYWF001;2024
Kiskőrösi járás;137,02116;TYWF001;2024
Kiskunfélegyházi járás;132,4653913;TYWF001;2024
Kiskunhalasi járás;150,2200192;TYWF001;2024
Kiskunmajsai járás;134,7196601;TYWF001;2024
Kisteleki járás;96,98527693;TYWF001;2024
Kisvárdai járás;121,3906191;TYWF001;2024
Komáromi járás;105,5040041;TYWF001;2024
Komlói járás;88,73567621;TYWF001;2024
Körmendi járás;99,30001628;TYWF001;2024
Kőszegi járás;93,77197781;TYWF001;2024
Kunhegyesi járás;91,07659911;TYWF001;2024
Kunszentmártoni járás;106,8334937;TYWF001;2024
Kunszentmiklósi járás;91,65460685;TYWF001;2024
Lenti járás;117,0692707;TYWF001;2024
Letenyei járás;62,65399507;TYWF001;2024
Makói járás;106,0735672;TYWF001;2024
Marcali járás;98,60644519;TYWF001;2024
Martonvásári járás;64,38073558;TYWF001;2024
Mátészalkai járás;109,9570322;TYWF001;2024
Mezőcsáti járás;87,73245351;TYWF001;2024
Mezőkovácsházai járás;104,7562463;TYWF001;2024
Mezőkövesdi járás;108,7438392;TYWF001;2024
Mezőtúri járás;113,00823;TYWF001;2024
Miskolci járás;96,033138;TYWF001;2024
Mohácsi járás;102,5273458;TYWF001;2024
Monori járás;79,17485794;TYWF001;2024
Mórahalmi járás;80,88623176;TYWF001;2024
Móri járás;87,58773772;TYWF001;2024
Mosonmagyaróvári járás;90,64199537;TYWF001;2024
Nagyatádi járás;107,5895459;TYWF001;2024
Nagykállói járás;99,22625018;TYWF001;2024
Nagykanizsai járás;116,2656178;TYWF001;2024
Nagykátai járás;75,07650459;TYWF001;2024
Nagykőrösi járás;96,59493529;TYWF001;2024
Nyíradonyi járás;89,74082849;TYWF001;2024
Nyírbátori járás;102,849905;TYWF001;2024
Nyíregyházai járás;119,0483572;TYWF001;2024
Orosházi járás;139,166364;TYWF001;2024
Oroszlányi járás;74,52037419;TYWF001;2024
Ózdi járás;88,47511769;TYWF001;2024
Paksi járás;142,2550053;TYWF001;2024
Pannonhalmi járás;66,78006678;TYWF001;2024
Pápai járás;112,8609412;TYWF001;2024
Pásztói járás;79,38173171;TYWF001;2024
Pécsi járás;111,9073838;TYWF001;2024
Pécsváradi járás;89,86473967;TYWF001;2024
Pétervásárai járás;83,89351976;TYWF001;2024
Pilisvörösvári járás;68,40914195;TYWF001;2024
Putnoki járás;67,75799005;TYWF001;2024
Püspökladányi járás;104,1164288;TYWF001;2024
Ráckevei járás;85,32683224;TYWF001;2024
Rétsági járás;61,49147786;TYWF001;2024
Salgótarjáni járás;105,0868669;TYWF001;2024
Sárbogárdi járás;89,08685969;TYWF001;2024
Sarkadi járás;76,24993603;TYWF001;2024
Sárospataki járás;113,1431358;TYWF001;2024
Sárvári járás;101,1850008;TYWF001;2024
Sátoraljaújhelyi járás;139,9648797;TYWF001;2024
Sellyei járás;76,37929634;TYWF001;2024
Siklósi járás;123,7162933;TYWF001;2024
Siófoki járás;171,717971;TYWF001;2024
Soproni járás;95,9518482;TYWF001;2024
Sümegi járás;114,8441401;TYWF001;2024
Szarvasi járás;124,6259173;TYWF001;2024
Szécsényi járás;101,2087213;TYWF001;2024
Szegedi járás;137,2417087;TYWF001;2024
Szeghalmi járás;132,9892815;TYWF001;2024
Székesfehérvári járás;104,12356;TYWF001;2024
Szekszárdi járás;144,4579967;TYWF001;2024
Szentendrei járás;80,53798008;TYWF001;2024
Szentesi járás;133,4577431;TYWF001;2024
Szentgotthárdi járás;112,0652016;TYWF001;2024
Szentlőrinci járás;70,65057404;TYWF001;2024
Szerencsi járás;98,56014096;TYWF001;2024
Szigetszentmiklósi járás;79,45358238;TYWF001;2024
Szigetvári járás;106,4825128;TYWF001;2024
Szikszói járás;70,62228654;TYWF001;2024
Szobi járás;58,51444949;TYWF001;2024
Szolnoki járás;110,6839318;TYWF001;2024
Szombathelyi járás;100,1293755;TYWF001;2024
Tabi járás;94,14041879;TYWF001;2024
Tamási járás;111,1144122;TYWF001;2024
Tapolcai járás;125,690522;TYWF001;2024
Tatabányai járás;94,7061969;TYWF001;2024
Tatai járás;97,8025846;TYWF001;2024
Téti járás;57,87864993;TYWF001;2024
Tiszafüredi járás;129,7814208;TYWF001;2024
Tiszakécskei járás;116,6701266;TYWF001;2024
Tiszaújvárosi járás;88,66349272;TYWF001;2024
Tiszavasvári járás;101,7447637;TYWF001;2024
Tokaji járás;127,3828612;TYWF001;2024
Tolnai járás;91,99417758;TYWF001;2024
Törökszentmiklósi járás;101,5750174;TYWF001;2024
Váci járás;85,79035598;TYWF001;2024
Várpalotai járás;83,05788626;TYWF001;2024
Vásárosnaményi járás;91,20866188;TYWF001;2024
Vasvári járás;78,37604828;TYWF001;2024
Vecsési járás;99,63552809;TYWF001;2024
Veszprémi járás;128,2594461;TYWF001;2024
Záhonyi járás;79,85907223;TYWF001;2024
Zalaegerszegi járás;112,2074516;TYWF001;2024
Zalaszentgróti járás;90,74669525;TYWF001;2024
Zirci járás;91,48369927;TYWF001;2024
Ajkai járás;36,16890035;TYWF103;2024
Aszódi járás;27,42060006;TYWF103;2024
Bácsalmási járás;32,4082258;TYWF103;2024
Bajai járás;41,75894774;TYWF103;2024
Baktalórántházai járás;37,54837964;TYWF103;2024
Balassagyarmati járás;45,32229185;TYWF103;2024
Balatonalmádi járás;95,62638992;TYWF103;2024
Balatonfüredi járás;255,5546832;TYWF103;2024
Balmazújvárosi járás;42,67077052;TYWF103;2024
Barcsi járás;40,71821036;TYWF103;2024
Bátonyterenyei járás;38,13718644;TYWF103;2024
Békéscsabai járás;37,79217045;TYWF103;2024
Békési járás;37,57180562;TYWF103;2024
Bélapátfalvai járás;95,15237238;TYWF103;2024
Berettyóújfalui járás;37,33834475;TYWF103;2024
Bicskei járás;39,8726291;TYWF103;2024
Bólyi járás;33,70991254;TYWF103;2024
Bonyhádi járás;34,26405191;TYWF103;2024
Budakeszi járás;38,34945562;TYWF103;2024
Budapest, illetve fiktív területi egység;53,32869692;TYWF103;2024
Ceglédi járás;32,8440244;TYWF103;2024
Celldömölki járás;51,32591959;TYWF103;2024
Cigándi járás;19,65877975;TYWF103;2024
Csengeri járás;29,96679355;TYWF103;2024
Csongrádi járás;60,81837201;TYWF103;2024
Csornai járás;44,04870528;TYWF103;2024
Csurgói járás;27,45744097;TYWF103;2024
Dabasi járás;28,85834065;TYWF103;2024
Debreceni járás;36,7922348;TYWF103;2024
Derecskei járás;21,94496499;TYWF103;2024
Devecseri járás;41,78975431;TYWF103;2024
Dombóvári járás;33,95225464;TYWF103;2024
Dunakeszi járás;29,26258291;TYWF103;2024
Dunaújvárosi járás;35,50119673;TYWF103;2024
Edelényi járás;27,43267957;TYWF103;2024
Egri járás;66,8564906;TYWF103;2024
Encsi járás;21,16352349;TYWF103;2024
Enyingi járás;28,45465363;TYWF103;2024
Érdi járás;25,34334927;TYWF103;2024
Esztergomi járás;46,72693606;TYWF103;2024
Fehérgyarmati járás;39,30703159;TYWF103;2024
Fonyódi járás;135,8462856;TYWF103;2024
Füzesabonyi járás;47,02757036;TYWF103;2024
Gárdonyi járás;65,74673215;TYWF103;2024
Gödöllői járás;29,34812346;TYWF103;2024
Gönci járás;36,36591636;TYWF103;2024
Gyáli járás;26,63176986;TYWF103;2024
Gyomaendrődi járás;46,51162791;TYWF103;2024
Gyöngyösi járás;52,55187036;TYWF103;2024
Győri járás;54,01238381;TYWF103;2024
Gyulai járás;56,96289196;TYWF103;2024
Hajdúböszörményi járás;30,87076858;TYWF103;2024
Hajdúhadházi járás;15,25488368;TYWF103;2024
Hajdúnánási járás;33,95463083;TYWF103;2024
Hajdúszoboszlói járás;71,04795737;TYWF103;2024
Hatvani járás;40,3787527;TYWF103;2024
Hegyháti járás;42,27552615;TYWF103;2024
Hevesi járás;33,05233792;TYWF103;2024
Hódmezővásárhelyi járás;41,93858154;TYWF103;2024
Ibrányi járás;33,95274145;TYWF103;2024
Jánoshalmai járás;32,8817572;TYWF103;2024
Jászapáti járás;36,26825556;TYWF103;2024
Jászberényi járás;41,09898691;TYWF103;2024
Kalocsai járás;45,86849547;TYWF103;2024
Kaposvári járás;39,62725904;TYWF103;2024
Kapuvári járás;35,94416116;TYWF103;2024
Karcagi járás;39,97441637;TYWF103;2024
Kazincbarcikai járás;33,05267553;TYWF103;2024
Kecskeméti járás;39,29108845;TYWF103;2024
Kemecsei járás;23,85705244;TYWF103;2024
Keszthelyi járás;110,1124064;TYWF103;2024
Kisbéri járás;29,00843882;TYWF103;2024
Kiskőrösi járás;36,60422417;TYWF103;2024
Kiskunfélegyházi járás;45,19741891;TYWF103;2024
Kiskunhalasi járás;56,64862678;TYWF103;2024
Kiskunmajsai járás;58,13628487;TYWF103;2024
Kisteleki járás;42,06590325;TYWF103;2024
Kisvárdai járás;44,17822531;TYWF103;2024
Komáromi járás;51,3537562;TYWF103;2024
Komlói járás;40,53752115;TYWF103;2024
Körmendi járás;60,23115741;TYWF103;2024
Kőszegi járás;82,44119716;TYWF103;2024
Kunhegyesi járás;53,69834167;TYWF103;2024
Kunszentmártoni járás;34,96952198;TYWF103;2024
Kunszentmiklósi járás;26,53159672;TYWF103;2024
Lenti járás;65,67300554;TYWF103;2024
Letenyei járás;38,01478353;TYWF103;2024
Makói járás;39,34987169;TYWF103;2024
Marcali járás;51,63618266;TYWF103;2024
Martonvásári járás;24,18723768;TYWF103;2024
Mátészalkai járás;25,88219373;TYWF103;2024
Mezőcsáti járás;33,74325135;TYWF103;2024
Mezőkovácsházai járás;41,90249851;TYWF103;2024
Mezőkövesdi járás;56,32774402;TYWF103;2024
Mezőtúri járás;52,40961389;TYWF103;2024
Miskolci járás;45,99982778;TYWF103;2024
Mohácsi járás;35,52619278;TYWF103;2024
Monori járás;27,60347938;TYWF103;2024
Mórahalmi járás;38,33304027;TYWF103;2024
Móri járás;34,79512868;TYWF103;2024
Mosonmagyaróvári járás;40,63261862;TYWF103;2024
Nagyatádi járás;44,82897745;TYWF103;2024
Nagykállói járás;29,37383579;TYWF103;2024
Nagykanizsai járás;56,1082832;TYWF103;2024
Nagykátai járás;24,61747705;TYWF103;2024
Nagykőrösi járás;29,09036661;TYWF103;2024
Nyíradonyi járás;25,12743198;TYWF103;2024
Nyírbátori járás;28,1190627;TYWF103;2024
Nyíregyházai járás;45,26317748;TYWF103;2024
Orosházi járás;49,49146386;TYWF103;2024
Oroszlányi járás;30,91802759;TYWF103;2024
Ózdi járás;29,21149966;TYWF103;2024
Paksi járás;44,34492448;TYWF103;2024
Pannonhalmi járás;37,8000378;TYWF103;2024
Pápai járás;47,97054831;TYWF103;2024
Pásztói járás;31,82263254;TYWF103;2024
Pécsi járás;49,0639792;TYWF103;2024
Pécsváradi járás;52,80711506;TYWF103;2024
Pétervásárai járás;52,70233934;TYWF103;2024
Pilisvörösvári járás;26,08530413;TYWF103;2024
Putnoki járás;35,97769383;TYWF103;2024
Püspökladányi járás;37,16417487;TYWF103;2024
Ráckevei járás;37,58443801;TYWF103;2024
Rétsági járás;46,6344765;TYWF103;2024
Salgótarjáni járás;45,82597173;TYWF103;2024
Sárbogárdi járás;30,3356117;TYWF103;2024
Sarkadi járás;32,23990584;TYWF103;2024
Sárospataki járás;65,34991465;TYWF103;2024
Sárvári járás;53,56852984;TYWF103;2024
Sátoraljaújhelyi járás;64,55944634;TYWF103;2024
Sellyei járás;39,00219387;TYWF103;2024
Siklósi járás;75,67113086;TYWF103;2024
Siófoki járás;161,8263828;TYWF103;2024
Soproni járás;46,9988177;TYWF103;2024
Sümegi járás;37,0925173;TYWF103;2024
Szarvasi járás;50,83425573;TYWF103;2024
Szécsényi járás;41,06182407;TYWF103;2024
Szegedi járás;52,18472159;TYWF103;2024
Szeghalmi járás;47,63795157;TYWF103;2024
Székesfehérvári járás;38,57911388;TYWF103;2024
Szekszárdi járás;49,74081415;TYWF103;2024
Szentendrei járás;45,89188145;TYWF103;2024
Szentesi járás;46,93640965;TYWF103;2024
Szentgotthárdi járás;59,67108136;TYWF103;2024
Szentlőrinci járás;33,11745658;TYWF103;2024
Szerencsi járás;37,71714891;TYWF103;2024
Szigetszentmiklósi járás;27,9558901;TYWF103;2024
Szigetvári járás;37,42481622;TYWF103;2024
Szikszói járás;25,47033285;TYWF103;2024
Szobi járás;53,73775973;TYWF103;2024
Szolnoki járás;37,88760321;TYWF103;2024
Szombathelyi járás;43,45924671;TYWF103;2024
Tabi járás;37,83213092;TYWF103;2024
Tamási járás;44,56460382;TYWF103;2024
Tapolcai járás;123,8284402;TYWF103;2024
Tatabányai járás;35,88616244;TYWF103;2024
Tatai járás;54,30683361;TYWF103;2024
Téti járás;26,66319828;TYWF103;2024
Tiszafüredi járás;66,0291439;TYWF103;2024
Tiszakécskei járás;61,03383849;TYWF103;2024
Tiszaújvárosi járás;49,33416132;TYWF103;2024
Tiszavasvári járás;46,10309606;TYWF103;2024
Tokaji járás;120,2565473;TYWF103;2024
Tolnai járás;43,66812227;TYWF103;2024
Törökszentmiklósi járás;29,92835334;TYWF103;2024
Váci járás;35,49945765;TYWF103;2024
Várpalotai járás;31,35858971;TYWF103;2024
Vásárosnaményi járás;30,89325644;TYWF103;2024
Vasvári járás;33,70170076;TYWF103;2024
Vecsési járás;41,20117265;TYWF103;2024
Veszprémi járás;43,52347572;TYWF103;2024
Záhonyi járás;23,48796242;TYWF103;2024
Zalaegerszegi járás;49,49395603;TYWF103;2024
Zalaszentgróti járás;42,15791354;TYWF103;2024
Zirci járás;41,02905301;TYWF103;2024
Ajkai járás;188,1063197;TYWF104;2024
Aszódi járás;222,5061896;TYWF104;2024
Bácsalmási járás;3,71221495;TYWF104;2024
Bajai járás;402,4581988;TYWF104;2024
Baktalórántházai járás;155,0459246;TYWF104;2024
Balassagyarmati járás;147,7730528;TYWF104;2024
Balatonalmádi járás;3917,90215;TYWF104;2024
Balatonfüredi járás;20068,77601;TYWF104;2024
Balmazújvárosi járás;344,4090798;TYWF104;2024
Barcsi járás;163,4615385;TYWF104;2024
Bátonyterenyei járás;375,893001;TYWF104;2024
Békéscsabai járás;335,8710685;TYWF104;2024
Békési járás;194,6592144;TYWF104;2024
Bélapátfalvai járás;5755,818439;TYWF104;2024
Berettyóújfalui járás;70,94285502;TYWF104;2024
Bicskei járás;429,8490932;TYWF104;2024
Bólyi járás;0;TYWF104;2024
Bonyhádi járás;234,6723044;TYWF104;2024
Budakeszi járás;1161,067714;TYWF104;2024
Budapest, illetve fiktív területi egység;2636,003605;TYWF104;2024
Ceglédi járás;342,0582255;TYWF104;2024
Celldömölki járás;930,800054;TYWF104;2024
Cigándi járás;48,86610967;TYWF104;2024
Csengeri járás;0;TYWF104;2024
Csongrádi járás;220,2598161;TYWF104;2024
Csornai járás;81,20693452;TYWF104;2024
Csurgói járás;70,70291049;TYWF104;2024
Dabasi járás;1321,205031;TYWF104;2024
Debreceni járás;832,3411139;TYWF104;2024
Derecskei járás;0;TYWF104;2024
Devecseri járás;6,55666835;TYWF104;2024
Dombóvári járás;494,2528736;TYWF104;2024
Dunakeszi járás;123,3962957;TYWF104;2024
Dunaújvárosi járás;205,0480411;TYWF104;2024
Edelényi járás;111,4019045;TYWF104;2024
Egri járás;4553,228052;TYWF104;2024
Encsi járás;380,7553026;TYWF104;2024
Enyingi járás;186,3521134;TYWF104;2024
Érdi járás;66,68184232;TYWF104;2024
Esztergomi járás;1433,732709;TYWF104;2024
Fehérgyarmati járás;115,9994177;TYWF104;2024
Fonyódi járás;2779,127402;TYWF104;2024
Füzesabonyi járás;261,5235497;TYWF104;2024
Gárdonyi járás;2333,047478;TYWF104;2024
Gödöllői járás;236,457582;TYWF104;2024
Gönci járás;355,8843815;TYWF104;2024
Gyáli járás;202,5851184;TYWF104;2024
Gyomaendrődi járás;276,298862;TYWF104;2024
Gyöngyösi járás;2029,880357;TYWF104;2024
Győri járás;1128,364655;TYWF104;2024
Gyulai járás;4043,297275;TYWF104;2024
Hajdúböszörményi járás;171,5190547;TYWF104;2024
Hajdúhadházi járás;4,78833849;TYWF104;2024
Hajdúnánási járás;658,0696431;TYWF104;2024
Hajdúszoboszlói járás;6015,512137;TYWF104;2024
Hatvani járás;50,69552402;TYWF104;2024
Hegyháti járás;1,5623564;TYWF104;2024
Hevesi járás;199,5572806;TYWF104;2024
Hódmezővásárhelyi járás;388,4610108;TYWF104;2024
Ibrányi járás;12,43404451;TYWF104;2024
Jánoshalmai járás;0;TYWF104;2024
Jászapáti járás;273,080535;TYWF104;2024
Jászberényi járás;105,9737378;TYWF104;2024
Kalocsai járás;227,0935851;TYWF104;2024
Kaposvári járás;425,1976657;TYWF104;2024
Kapuvári járás;228,997743;TYWF104;2024
Karcagi járás;1234,356678;TYWF104;2024
Kazincbarcikai járás;165,6982813;TYWF104;2024
Kecskeméti járás;1005,433874;TYWF104;2024
Kemecsei járás;5,35566483;TYWF104;2024
Keszthelyi járás;10975,28727;TYWF104;2024
Kisbéri járás;44,7257384;TYWF104;2024
Kiskőrösi járás;456,6719518;TYWF104;2024
Kiskunfélegyházi járás;53,63995566;TYWF104;2024
Kiskunhalasi járás;173,3852612;TYWF104;2024
Kiskunmajsai járás;1402,761474;TYWF104;2024
Kisteleki járás;3692,743632;TYWF104;2024
Kisvárdai járás;315,9539114;TYWF104;2024
Komáromi járás;522,5626033;TYWF104;2024
Komlói járás;1678,285295;TYWF104;2024
Körmendi járás;1381,979489;TYWF104;2024
Kőszegi járás;9389,036493;TYWF104;2024
Kunhegyesi járás;185,6804422;TYWF104;2024
Kunszentmártoni járás;1715,495669;TYWF104;2024
Kunszentmiklósi járás;75,01205982;TYWF104;2024
Lenti járás;2442,864485;TYWF104;2024
Letenyei járás;611,6860261;TYWF104;2024
Makói járás;472,6628376;TYWF104;2024
Marcali járás;510,6071917;TYWF104;2024
Martonvásári járás;196,3078893;TYWF104;2024
Mátészalkai járás;43,42456948;TYWF104;2024
Mezőcsáti járás;0;TYWF104;2024
Mezőkovácsházai járás;19,41899371;TYWF104;2024
Mezőkövesdi járás;2639,71106;TYWF104;2024
Mezőtúri járás;486,4676739;TYWF104;2024
Miskolci járás;790,4265974;TYWF104;2024
Mohácsi járás;268,5655521;TYWF104;2024
Monori járás;368,4997172;TYWF104;2024
Mórahalmi járás;1314,471602;TYWF104;2024
Móri járás;501,9197312;TYWF104;2024
Mosonmagyaróvári járás;2176,283053;TYWF104;2024
Nagyatádi járás;319,2271484;TYWF104;2024
Nagykállói járás;31,23656684;TYWF104;2024
Nagykanizsai járás;4093,966913;TYWF104;2024
Nagykátai járás;146,5215913;TYWF104;2024
Nagykőrösi járás;99,05642785;TYWF104;2024
Nyíradonyi járás;318,5799411;TYWF104;2024
Nyírbátori járás;393,8188727;TYWF104;2024
Nyíregyházai járás;932,0928329;TYWF104;2024
Orosházi járás;414,3888485;TYWF104;2024
Oroszlányi járás;202,9094657;TYWF104;2024
Ózdi járás;69,01479489;TYWF104;2024
Paksi járás;323,8716193;TYWF104;2024
Pannonhalmi járás;397,0893971;TYWF104;2024
Pápai járás;384,0804715;TYWF104;2024
Pásztói járás;344,8734089;TYWF104;2024
Pécsi járás;701,2170865;TYWF104;2024
Pécsváradi járás;438,3916991;TYWF104;2024
Pétervásárai járás;2483,140629;TYWF104;2024
Pilisvörösvári járás;55,24556463;TYWF104;2024
Putnoki járás;185,7648258;TYWF104;2024
Püspökladányi járás;166,6997645;TYWF104;2024
Ráckevei járás;961,9838489;TYWF104;2024
Rétsági járás;510,0903801;TYWF104;2024
Salgótarjáni járás;142,0421084;TYWF104;2024
Sárbogárdi járás;285,077951;TYWF104;2024
Sarkadi járás;76,35228494;TYWF104;2024
Sárospataki járás;1839,941478;TYWF104;2024
Sárvári járás;5142,443591;TYWF104;2024
Sátoraljaújhelyi járás;1360,190063;TYWF104;2024
Sellyei járás;0;TYWF104;2024
Siklósi járás;2860,128521;TYWF104;2024
Siófoki járás;10292,65253;TYWF104;2024
Soproni járás;1954,056457;TYWF104;2024
Sümegi járás;2617,019759;TYWF104;2024
Szarvasi járás;1800,721518;TYWF104;2024
Szécsényi járás;962,6395235;TYWF104;2024
Szegedi járás;1239,741542;TYWF104;2024
Szeghalmi járás;266,3755459;TYWF104;2024
Székesfehérvári járás;472,7209622;TYWF104;2024
Szekszárdi járás;333,4159171;TYWF104;2024
Szentendrei járás;1819,522225;TYWF104;2024
Szentesi járás;342,2116662;TYWF104;2024
Szentgotthárdi járás;2760,36967;TYWF104;2024
Szentlőrinci járás;46,87959965;TYWF104;2024
Szerencsi járás;372,9317512;TYWF104;2024
Szigetszentmiklósi járás;183,6725211;TYWF104;2024
Szigetvári járás;245,7562932;TYWF104;2024
Szikszói járás;0,46309696;TYWF104;2024
Szobi járás;1836,07993;TYWF104;2024
Szolnoki járás;264,9991157;TYWF104;2024
Szombathelyi járás;416,5983345;TYWF104;2024
Tabi járás;51,73323949;TYWF104;2024
Tamási járás;349,7727205;TYWF104;2024
Tapolcai járás;4631,928496;TYWF104;2024
Tatabányai járás;451,4289109;TYWF104;2024
Tatai járás;1310,227787;TYWF104;2024
Téti járás;31,28048384;TYWF104;2024
Tiszafüredi járás;2305,555556;TYWF104;2024
Tiszakécskei járás;1535,395474;TYWF104;2024
Tiszaújvárosi járás;1029,462499;TYWF104;2024
Tiszavasvári járás;76,18934065;TYWF104;2024
Tokaji járás;5742,116515;TYWF104;2024
Tolnai járás;227,6564774;TYWF104;2024
Törökszentmiklósi járás;85,7946129;TYWF104;2024
Váci járás;108,132475;TYWF104;2024
Várpalotai járás;35,87874679;TYWF104;2024
Vásárosnaményi járás;339,4727551;TYWF104;2024
Vasvári járás;26,56948037;TYWF104;2024
Vecsési járás;3215,236511;TYWF104;2024
Veszprémi járás;513,9621769;TYWF104;2024
Záhonyi járás;43,86376982;TYWF104;2024
Zalaegerszegi járás;320,97042;TYWF104;2024
Zalaszentgróti járás;1493,890675;TYWF104;2024
Zirci járás;1750,609891;TYWF104;2024
Ajkai járás;377,7827623;TYWF105;2024
Aszódi járás;380,5074142;TYWF105;2024
Bácsalmási járás;4,7728478;TYWF105;2024
Bajai járás;719,7754823;TYWF105;2024
Baktalórántházai járás;261,7410895;TYWF105;2024
Balassagyarmati járás;316,3048344;TYWF105;2024
Balatonalmádi járás;9335,581913;TYWF105;2024
Balatonfüredi járás;55438,40779;TYWF105;2024
Balmazújvárosi járás;697,667098;TYWF105;2024
Barcsi járás;562,6471743;TYWF105;2024
Bátonyterenyei járás;625,1812859;TYWF105;2024
Békéscsabai járás;607,3311334;TYWF105;2024
Békési járás;431,5168452;TYWF105;2024
Bélapátfalvai járás;11660,28031;TYWF105;2024
Berettyóújfalui járás;164,0661705;TYWF105;2024
Bicskei járás;790,6963865;TYWF105;2024
Bólyi járás;0;TYWF105;2024
Bonyhádi járás;507,5453816;TYWF105;2024
Budakeszi járás;1935,736836;TYWF105;2024
Budapest, illetve fiktív területi egység;6449,708018;TYWF105;2024
Ceglédi járás;762,7857095;TYWF105;2024
Celldömölki járás;2447,300887;TYWF105;2024
Cigándi járás;92,25584498;TYWF105;2024
Csengeri járás;0;TYWF105;2024
Csongrádi járás;464,5063981;TYWF105;2024
Csornai járás;195,796495;TYWF105;2024
Csurgói járás;127,1965953;TYWF105;2024
Dabasi járás;1850,404602;TYWF105;2024
Debreceni járás;2422,537555;TYWF105;2024
Derecskei járás;0;TYWF105;2024
Devecseri járás;7,92564306;TYWF105;2024
Dombóvári járás;1318,231653;TYWF105;2024
Dunakeszi járás;210,5873173;TYWF105;2024
Dunaújvárosi járás;467,367529;TYWF105;2024
Edelényi járás;156,4924008;TYWF105;2024
Egri járás;9670,847811;TYWF105;2024
Encsi járás;846,1176692;TYWF105;2024
Enyingi járás;378,3434218;TYWF105;2024
Érdi járás;417,7327567;TYWF105;2024
Esztergomi járás;3087,495915;TYWF105;2024
Fehérgyarmati járás;245,7999709;TYWF105;2024
Fonyódi járás;8523,436544;TYWF105;2024
Füzesabonyi járás;499,8564044;TYWF105;2024
Gárdonyi járás;5123,957278;TYWF105;2024
Gödöllői járás;421,9165817;TYWF105;2024
Gönci járás;842,0590633;TYWF105;2024
Gyáli járás;387,7218358;TYWF105;2024
Gyomaendrődi járás;691,9346858;TYWF105;2024
Gyöngyösi járás;4025,140088;TYWF105;2024
Győri járás;2112,887365;TYWF105;2024
Gyulai járás;11473,5862;TYWF105;2024
Hajdúböszörményi járás;719,1824569;TYWF105;2024
Hajdúhadházi járás;9,83092504;TYWF105;2024
Hajdúnánási járás;1418,617252;TYWF105;2024
Hajdúszoboszlói járás;18449,11782;TYWF105;2024
Hatvani járás;86,14806889;TYWF105;2024
Hegyháti járás;1,92996967;TYWF105;2024
Hevesi járás;375,523076;TYWF105;2024
Hódmezővásárhelyi járás;784,7414114;TYWF105;2024
Ibrányi járás;34,6409727;TYWF105;2024
Jánoshalmai járás;0;TYWF105;2024
Jászapáti járás;667,2387552;TYWF105;2024
Jászberényi járás;257,1152621;TYWF105;2024
Kalocsai járás;577,096925;TYWF105;2024
Kaposvári járás;828,5673946;TYWF105;2024
Kapuvári járás;525,411686;TYWF105;2024
Karcagi járás;3657,925594;TYWF105;2024
Kazincbarcikai járás;640,1433442;TYWF105;2024
Kecskeméti járás;1830,668913;TYWF105;2024
Kemecsei járás;27,26520278;TYWF105;2024
Keszthelyi járás;33229,73452;TYWF105;2024
Kisbéri járás;90,87552743;TYWF105;2024
Kiskőrösi járás;1107,679057;TYWF105;2024
Kiskunfélegyházi járás;149,0946303;TYWF105;2024
Kiskunhalasi járás;491,4268373;TYWF105;2024
Kiskunmajsai járás;3794,957795;TYWF105;2024
Kisteleki járás;3900,560879;TYWF105;2024
Kisvárdai járás;600,386062;TYWF105;2024
Komáromi járás;1461,065209;TYWF105;2024
Komlói járás;3977,113856;TYWF105;2024
Körmendi járás;3040,696728;TYWF105;2024
Kőszegi járás;28172,57951;TYWF105;2024
Kunhegyesi járás;539,089234;TYWF105;2024
Kunszentmártoni járás;4662,367661;TYWF105;2024
Kunszentmiklósi járás;656,3985942;TYWF105;2024
Lenti járás;6905,145337;TYWF105;2024
Letenyei járás;979,5846533;TYWF105;2024
Makói járás;1032,970793;TYWF105;2024
Marcali járás;1597,3622;TYWF105;2024
Martonvásári járás;373,8351;TYWF105;2024
Mátészalkai járás;264,4043712;TYWF105;2024
Mezőcsáti járás;0;TYWF105;2024
Mezőkovácsházai járás;57,66284124;TYWF105;2024
Mezőkövesdi járás;6263,097504;TYWF105;2024
Mezőtúri járás;1279,326864;TYWF105;2024
Miskolci járás;1669,440252;TYWF105;2024
Mohácsi járás;491,9131166;TYWF105;2024
Monori járás;692,6049606;TYWF105;2024
Mórahalmi járás;3183,89309;TYWF105;2024
Móri járás;1269,242306;TYWF105;2024
Mosonmagyaróvári járás;3977,133212;TYWF105;2024
Nagyatádi járás;844,6675931;TYWF105;2024
Nagykállói járás;35,64264221;TYWF105;2024
Nagykanizsai járás;10391,09498;TYWF105;2024
Nagykátai járás;262,9037742;TYWF105;2024
Nagykőrösi járás;151,0834297;TYWF105;2024
Nyíradonyi járás;678,4406634;TYWF105;2024
Nyírbátori járás;1279,670678;TYWF105;2024
Nyíregyházai járás;1849,341824;TYWF105;2024
Orosházi járás;1011,373956;TYWF105;2024
Oroszlányi járás;720,5485968;TYWF105;2024
Ózdi járás;136,7266308;TYWF105;2024
Paksi járás;801,9845451;TYWF105;2024
Pannonhalmi járás;594,2795943;TYWF105;2024
Pápai járás;1237,249689;TYWF105;2024
Pásztói járás;761,4351658;TYWF105;2024
Pécsi járás;1325,765219;TYWF105;2024
Pécsváradi járás;852,6032981;TYWF105;2024
Pétervásárai járás;6057,81124;TYWF105;2024
Pilisvörösvári járás;129,1999931;TYWF105;2024
Putnoki járás;329,1359357;TYWF105;2024
Püspökladányi járás;421,08996;TYWF105;2024
Ráckevei járás;1782,568947;TYWF105;2024
Rétsági járás;1200,858405;TYWF105;2024
Salgótarjáni járás;312,9416961;TYWF105;2024
Sárbogárdi járás;840,3732432;TYWF105;2024
Sarkadi járás;100,4554526;TYWF105;2024
Sárospataki járás;3824,920751;TYWF105;2024
Sárvári járás;13754,42346;TYWF105;2024
Sátoraljaújhelyi járás;3602,778639;TYWF105;2024
Sellyei járás;0;TYWF105;2024
Siklósi járás;6512,882109;TYWF105;2024
Siófoki járás;23852,7736;TYWF105;2024
Soproni járás;4581,77892;TYWF105;2024
Sümegi járás;5866,395606;TYWF105;2024
Szarvasi járás;4518,345427;TYWF105;2024
Szécsényi járás;1970,447053;TYWF105;2024
Szegedi járás;2324,264355;TYWF105;2024
Szeghalmi járás;1250,972608;TYWF105;2024
Székesfehérvári járás;1984,501609;TYWF105;2024
Szekszárdi járás;515,9894801;TYWF105;2024
Szentendrei járás;3584,326332;TYWF105;2024
Szentesi járás;1102,383578;TYWF105;2024
Szentgotthárdi járás;6799,155873;TYWF105;2024
Szentlőrinci járás;73,96231969;TYWF105;2024
Szerencsi járás;680,6981802;TYWF105;2024
Szigetszentmiklósi járás;353,9943624;TYWF105;2024
Szigetvári járás;882,379149;TYWF105;2024
Szikszói járás;0,46309696;TYWF105;2024
Szobi járás;3862,192501;TYWF105;2024
Szolnoki járás;581,393184;TYWF105;2024
Szombathelyi járás;726,3342991;TYWF105;2024
Tabi járás;105,3140947;TYWF105;2024
Tamási járás;755,9642295;TYWF105;2024
Tapolcai járás;12305,53659;TYWF105;2024
Tatabányai járás;872,770483;TYWF105;2024
Tatai járás;2422,58762;TYWF105;2024
Téti járás;774,858555;TYWF105;2024
Tiszafüredi járás;5152,436248;TYWF105;2024
Tiszakécskei járás;3846,79261;TYWF105;2024
Tiszaújvárosi járás;2464,983095;TYWF105;2024
Tiszavasvári járás;159,6518421;TYWF105;2024
Tokaji járás;10843,13201;TYWF105;2024
Tolnai járás;554,294032;TYWF105;2024
Törökszentmiklósi járás;251,3679374;TYWF105;2024
Váci járás;235,6065195;TYWF105;2024
Várpalotai járás;81,7583411;TYWF105;2024
Vásárosnaményi járás;601,8300577;TYWF105;2024
Vasvári járás;68,03040991;TYWF105;2024
Vecsési járás;4044,845892;TYWF105;2024
Veszprémi járás;1161,370669;TYWF105;2024
Záhonyi járás;67,58661186;TYWF105;2024
Zalaegerszegi járás;640,1218313;TYWF105;2024
Zalaszentgróti járás;4127,116827;TYWF105;2024
Zirci járás;3662,840985;TYWF105;2024
Ajkai járás;494,0279258;TYWF106;2024
Aszódi járás;325,9324335;TYWF106;2024
Bácsalmási járás;17,0879736;TYWF106;2024
Bajai járás;542,0379043;TYWF106;2024
Baktalórántházai járás;340,9970539;TYWF106;2024
Balassagyarmati járás;302,0367055;TYWF106;2024
Balatonalmádi járás;6534,025204;TYWF106;2024
Balatonfüredi járás;25849,4936;TYWF106;2024
Balmazújvárosi járás;477,0732049;TYWF106;2024
Barcsi járás;404,5820251;TYWF106;2024
Bátonyterenyei járás;633,238438;TYWF106;2024
Békéscsabai járás;495,4745245;TYWF106;2024
Békési járás;259,742276;TYWF106;2024
Bélapátfalvai járás;8865,500836;TYWF106;2024
Berettyóújfalui járás;114,1663164;TYWF106;2024
Bicskei járás;833,5317735;TYWF106;2024
Bólyi járás;293,1851312;TYWF106;2024
Bonyhádi járás;333,4912882;TYWF106;2024
Budakeszi járás;1257,03242;TYWF106;2024
Budapest, illetve fiktív területi egység;3994,001338;TYWF106;2024
Ceglédi járás;398,2728959;TYWF106;2024
Celldömölki járás;1080,815812;TYWF106;2024
Cigándi járás;75,47567226;TYWF106;2024
Csengeri járás;87,47064064;TYWF106;2024
Csongrádi járás;469,0799397;TYWF106;2024
Csornai járás;104,7415285;TYWF106;2024
Csurgói járás;310,4063701;TYWF106;2024
Dabasi járás;1507,867798;TYWF106;2024
Debreceni járás;1088,255142;TYWF106;2024
Derecskei járás;51,06519381;TYWF106;2024
Devecseri járás;605,4470783;TYWF106;2024
Dombóvári járás;571,2466844;TYWF106;2024
Dunakeszi járás;166,8541002;TYWF106;2024
Dunaújvárosi járás;237,3197742;TYWF106;2024
Edelényi járás;374,5664375;TYWF106;2024
Egri járás;6678,975954;TYWF106;2024
Encsi járás;443,3052721;TYWF106;2024
Enyingi járás;428,1649335;TYWF106;2024
Érdi járás;110,2739206;TYWF106;2024
Esztergomi járás;1733,20989;TYWF106;2024
Fehérgyarmati járás;300,5386519;TYWF106;2024
Fonyódi járás;6812,385265;TYWF106;2024
Füzesabonyi járás;1068,172028;TYWF106;2024
Gárdonyi járás;2969,309529;TYWF106;2024
Gödöllői járás;322,0770015;TYWF106;2024
Gönci járás;1118,565427;TYWF106;2024
Gyáli járás;310,7652042;TYWF106;2024
Gyomaendrődi járás;772,8352301;TYWF106;2024
Gyöngyösi járás;2605,936695;TYWF106;2024
Győri járás;1438,414517;TYWF106;2024
Gyulai járás;5989,401616;TYWF106;2024
Hajdúböszörményi járás;313,9237811;TYWF106;2024
Hajdúhadházi járás;25,25530743;TYWF106;2024
Hajdúnánási járás;934,2941771;TYWF106;2024
Hajdúszoboszlói járás;8621,977501;TYWF106;2024
Hatvani járás;101,5121843;TYWF106;2024
Hegyháti járás;64,3323224;TYWF106;2024
Hevesi járás;290,890897;TYWF106;2024
Hódmezővásárhelyi járás;554,040018;TYWF106;2024
Ibrányi járás;58,54553797;TYWF106;2024
Jánoshalmai járás;168,880705;TYWF106;2024
Jászapáti járás;354,7488747;TYWF106;2024
Jászberényi járás;182,9110412;TYWF106;2024
Kalocsai járás;444,3677496;TYWF106;2024
Kaposvári járás;642,8087349;TYWF106;2024
Kapuvári járás;329,0562568;TYWF106;2024
Karcagi járás;1421,650144;TYWF106;2024
Kazincbarcikai járás;282,4090182;TYWF106;2024
Kecskeméti járás;1133,448227;TYWF106;2024
Kemecsei járás;5,98860704;TYWF106;2024
Keszthelyi járás;14093,40785;TYWF106;2024
Kisbéri járás;140,242616;TYWF106;2024
Kiskőrösi járás;652,5339127;TYWF106;2024
Kiskunfélegyházi járás;134,7394753;TYWF106;2024
Kiskunhalasi járás;354,2562339;TYWF106;2024
Kiskunmajsai járás;1984,906926;TYWF106;2024
Kisteleki járás;3793,059126;TYWF106;2024
Kisvárdai járás;422,4990548;TYWF106;2024
Komáromi járás;624,227787;TYWF106;2024
Komlói járás;1854,25644;TYWF106;2024
Körmendi járás;2392,886212;TYWF106;2024
Kőszegi járás;11345,04181;TYWF106;2024
Kunhegyesi járás;727,8231114;TYWF106;2024
Kunszentmártoni járás;2543,984601;TYWF106;2024
Kunszentmiklósi járás;180,656054;TYWF106;2024
Lenti járás;3028,839015;TYWF106;2024
Letenyei járás;817,7402323;TYWF106;2024
Makói járás;1007,136747;TYWF106;2024
Marcali járás;1376,290905;TYWF106;2024
Martonvásári járás;227,7868678;TYWF106;2024
Mátészalkai járás;99,23199242;TYWF106;2024
Mezőcsáti járás;101,7546491;TYWF106;2024
Mezőkovácsházai járás;79,89618187;TYWF106;2024
Mezőkövesdi járás;4080,945054;TYWF106;2024
Mezőtúri járás;633,7059329;TYWF106;2024
Miskolci járás;1109,198606;TYWF106;2024
Mohácsi járás;392,1593069;TYWF106;2024
Monori járás;417,5127245;TYWF106;2024
Mórahalmi járás;2123,087744;TYWF106;2024
Móri járás;746,8654388;TYWF106;2024
Mosonmagyaróvári járás;2476,189285;TYWF106;2024
Nagyatádi járás;512,843502;TYWF106;2024
Nagykállói járás;147,4065052;TYWF106;2024
Nagykanizsai járás;4805,182786;TYWF106;2024
Nagykátai járás;213,900034;TYWF106;2024
Nagykőrösi járás;182,8963563;TYWF106;2024
Nyíradonyi járás;407,5669467;TYWF106;2024
Nyírbátori járás;445,4211526;TYWF106;2024
Nyíregyházai járás;1114,875464;TYWF106;2024
Orosházi járás;556,5519433;TYWF106;2024
Oroszlányi járás;260,1078167;TYWF106;2024
Ózdi járás;154,6107935;TYWF106;2024
Paksi járás;420,0913242;TYWF106;2024
Pannonhalmi járás;809,5508096;TYWF106;2024
Pápai járás;636,5766134;TYWF106;2024
Pásztói járás;691,495314;TYWF106;2024
Pécsi járás;1173,055746;TYWF106;2024
Pécsváradi járás;1084,584028;TYWF106;2024
Pétervásárai járás;3661,89836;TYWF106;2024
Pilisvörösvári járás;157,4101266;TYWF106;2024
Putnoki járás;671,0439528;TYWF106;2024
Püspökladányi járás;305,5405827;TYWF106;2024
Ráckevei járás;1203,133729;TYWF106;2024
Rétsági járás;1044,818621;TYWF106;2024
Salgótarjáni járás;251,3434923;TYWF106;2024
Sárbogárdi járás;332,0021504;TYWF106;2024
Sarkadi járás;167,3916381;TYWF106;2024
Sárospataki járás;3007,364058;TYWF106;2024
Sárvári járás;6503,868838;TYWF106;2024
Sátoraljaújhelyi járás;2271,821093;TYWF106;2024
Sellyei járás;26,48899001;TYWF106;2024
Siklósi járás;4172,722359;TYWF106;2024
Siófoki járás;15354,29691;TYWF106;2024
Soproni járás;2482,719873;TYWF106;2024
Sümegi járás;2854,055211;TYWF106;2024
Szarvasi járás;4162,423646;TYWF106;2024
Szécsényi járás;1257,301486;TYWF106;2024
Szegedi járás;1664,764527;TYWF106;2024
Szeghalmi járás;343,1520445;TYWF106;2024
Székesfehérvári járás;527,5727196;TYWF106;2024
Szekszárdi járás;717,4874219;TYWF106;2024
Szentendrei járás;2313,916372;TYWF106;2024
Szentesi járás;455,0286991;TYWF106;2024
Szentgotthárdi járás;3148,086159;TYWF106;2024
Szentlőrinci járás;183,6914925;TYWF106;2024
Szerencsi járás;584,6984005;TYWF106;2024
Szigetszentmiklósi járás;247,9865564;TYWF106;2024
Szigetvári járás;559,9910893;TYWF106;2024
Szikszói járás;36,93198263;TYWF106;2024
Szobi járás;3651,421065;TYWF106;2024
Szolnoki járás;359,215438;TYWF106;2024
Szombathelyi járás;502,6695093;TYWF106;2024
Tabi járás;152,2083407;TYWF106;2024
Tamási járás;537,3005734;TYWF106;2024
Tapolcai járás;7337,409224;TYWF106;2024
Tatabányai járás;513,3147169;TYWF106;2024
Tatai járás;1799,818977;TYWF106;2024
Téti járás;78,42882227;TYWF106;2024
Tiszafüredi járás;3580,145719;TYWF106;2024
Tiszakécskei járás;2497,238945;TYWF106;2024
Tiszaújvárosi járás;1106,741185;TYWF106;2024
Tiszavasvári járás;201,9395096;TYWF106;2024
Tokaji járás;7456,262248;TYWF106;2024
Tolnai járás;407,0451237;TYWF106;2024
Törökszentmiklósi járás;106,4421536;TYWF106;2024
Váci járás;231,3381323;TYWF106;2024
Várpalotai járás;141,6786733;TYWF106;2024
Vásárosnaményi járás;471,2839826;TYWF106;2024
Vasvári járás;178,8541422;TYWF106;2024
Vecsési járás;3526,384597;TYWF106;2024
Veszprémi járás;868,2869211;TYWF106;2024
Záhonyi járás;63,53493834;TYWF106;2024
Zalaegerszegi járás;501,7819939;TYWF106;2024
Zalaszentgróti járás;2792,211504;TYWF106;2024
Zirci járás;2910,789532;TYWF106;2024
Ajkai járás;1021,252734;TYWF107;2024
Aszódi járás;671,7780795;TYWF107;2024
Bácsalmási járás;42,18961758;TYWF107;2024
Bajai járás;1015,892069;TYWF107;2024
Baktalórántházai járás;664,3752527;TYWF107;2024
Balassagyarmati járás;647,8010295;TYWF107;2024
Balatonalmádi járás;17640,06672;TYWF107;2024
Balatonfüredi járás;71848,47295;TYWF107;2024
Balmazújvárosi járás;995,5580427;TYWF107;2024
Barcsi járás;1567,945447;TYWF107;2024
Bátonyterenyei járás;1220,765967;TYWF107;2024
Békéscsabai járás;1042,475113;TYWF107;2024
Békési járás;699,0529421;TYWF107;2024
Bélapátfalvai járás;19043,20432;TYWF107;2024
Berettyóújfalui járás;301,0805865;TYWF107;2024
Bicskei járás;1481,29586;TYWF107;2024
Bólyi járás;822,3396502;TYWF107;2024
Bonyhádi járás;732,9226507;TYWF107;2024
Budakeszi járás;2143,916704;TYWF107;2024
Budapest, illetve fiktív területi egység;9751,985659;TYWF107;2024
Ceglédi járás;876,3992225;TYWF107;2024
Celldömölki járás;2921,480348;TYWF107;2024
Cigándi járás;146,5281191;TYWF107;2024
Csengeri járás;226,289787;TYWF107;2024
Csongrádi járás;1168,442563;TYWF107;2024
Csornai járás;250,196646;TYWF107;2024
Csurgói járás;889,6897309;TYWF107;2024
Dabasi járás;2150,08287;TYWF107;2024
Debreceni járás;3196,348509;TYWF107;2024
Derecskei járás;175,2145182;TYWF107;2024
Devecseri járás;957,6338353;TYWF107;2024
Dombóvári járás;1791,052166;TYWF107;2024
Dunakeszi járás;346,6181635;TYWF107;2024
Dunaújvárosi járás;553,4293011;TYWF107;2024
Edelényi járás;710,159551;TYWF107;2024
Egri járás;14392,86028;TYWF107;2024
Encsi járás;972,7695998;TYWF107;2024
Enyingi járás;937,0376119;TYWF107;2024
Érdi járás;542,939525;TYWF107;2024
Esztergomi járás;3800,065352;TYWF107;2024
Fehérgyarmati járás;946,7462513;TYWF107;2024
Fonyódi járás;23296,50594;TYWF107;2024
Füzesabonyi járás;2613,79954;TYWF107;2024
Gárdonyi járás;6902,003586;TYWF107;2024
Gödöllői járás;620,5822369;TYWF107;2024
Gönci járás;2705,310678;TYWF107;2024
Gyáli járás;725,7386872;TYWF107;2024
Gyomaendrődi járás;2286,392875;TYWF107;2024
Gyöngyösi járás;5263,986067;TYWF107;2024
Győri járás;2746,942346;TYWF107;2024
Gyulai járás;16535,28687;TYWF107;2024
Hajdúböszörményi járás;1161,672344;TYWF107;2024
Hajdúhadházi járás;188,1011907;TYWF107;2024
Hajdúnánási járás;2247,110244;TYWF107;2024
Hajdúszoboszlói járás;28392,61101;TYWF107;2024
Hatvani járás;219,3979528;TYWF107;2024
Hegyháti járás;154,9489937;TYWF107;2024
Hevesi járás;614,7734854;TYWF107;2024
Hódmezővásárhelyi járás;1168,028691;TYWF107;2024
Ibrányi járás;137,0497821;TYWF107;2024
Jánoshalmai járás;431,7374721;TYWF107;2024
Jászapáti járás;881,2538454;TYWF107;2024
Jászberényi járás;604,7921419;TYWF107;2024
Kalocsai járás;1101,779074;TYWF107;2024
Kaposvári járás;1381,965361;TYWF107;2024
Kapuvári járás;863,9973251;TYWF107;2024
Karcagi járás;4244,270334;TYWF107;2024
Kazincbarcikai járás;972,7228446;TYWF107;2024
Kecskeméti járás;2298,747315;TYWF107;2024
Kemecsei járás;28,67715079;TYWF107;2024
Keszthelyi járás;43419,72013;TYWF107;2024
Kisbéri járás;836,2341772;TYWF107;2024
Kiskőrösi járás;1608,315227;TYWF107;2024
Kiskunfélegyházi járás;350,521618;TYWF107;2024
Kiskunhalasi járás;1063,552678;TYWF107;2024
Kiskunmajsai járás;5747,889765;TYWF107;2024
Kisteleki járás;4117,025006;TYWF107;2024
Kisvárdai járás;853,0576506;TYWF107;2024
Komáromi járás;1750,069912;TYWF107;2024
Komlói járás;4424,941747;TYWF107;2024
Körmendi járás;5879,944652;TYWF107;2024
Kőszegi járás;34109,00992;TYWF107;2024
Kunhegyesi járás;1981,732035;TYWF107;2024
Kunszentmártoni járás;6911,645813;TYWF107;2024
Kunszentmiklósi járás;954,5172628;TYWF107;2024
Lenti járás;8484,552567;TYWF107;2024
Letenyei járás;1430,200634;TYWF107;2024
Makói járás;2184,724429;TYWF107;2024
Marcali járás;5346,304591;TYWF107;2024
Martonvásári járás;441,8083517;TYWF107;2024
Mátészalkai járás;426,6163684;TYWF107;2024
Mezőcsáti járás;281,9436113;TYWF107;2024
Mezőkovácsházai járás;212,4206511;TYWF107;2024
Mezőkövesdi járás;9962,500326;TYWF107;2024
Mezőtúri járás;1751,668509;TYWF107;2024
Miskolci járás;2398,09112;TYWF107;2024
Mohácsi járás;855,620306;TYWF107;2024
Monori járás;843,8450974;TYWF107;2024
Mórahalmi járás;4958,044663;TYWF107;2024
Móri járás;1840,812286;TYWF107;2024
Mosonmagyaróvári járás;4935,150341;TYWF107;2024
Nagyatádi járás;1295,602277;TYWF107;2024
Nagykállói járás;325,2973205;TYWF107;2024
Nagykanizsai járás;12390,87807;TYWF107;2024
Nagykátai járás;482,9241755;TYWF107;2024
Nagykőrösi járás;347,8536531;TYWF107;2024
Nyíradonyi járás;874,6859071;TYWF107;2024
Nyírbátori járás;1393,920203;TYWF107;2024
Nyíregyházai járás;2346,387316;TYWF107;2024
Orosházi járás;1419,360697;TYWF107;2024
Oroszlányi járás;854,0510544;TYWF107;2024
Ózdi járás;340,7658036;TYWF107;2024
Paksi járás;1134,220232;TYWF107;2024
Pannonhalmi járás;1523,719524;TYWF107;2024
Pápai járás;1912,94647;TYWF107;2024
Pásztói járás;1376,101553;TYWF107;2024
Pécsi járás;2443,691733;TYWF107;2024
Pécsváradi járás;2378,914212;TYWF107;2024
Pétervásárai járás;9069,696155;TYWF107;2024
Pilisvörösvári járás;363,6049545;TYWF107;2024
Putnoki járás;1365,593332;TYWF107;2024
Püspökladányi járás;777,7241908;TYWF107;2024
Ráckevei járás;2463,96465;TYWF107;2024
Rétsági járás;2424,332467;TYWF107;2024
Salgótarjáni járás;557,1076266;TYWF107;2024
Sárbogárdi járás;916,5578681;TYWF107;2024
Sarkadi járás;337,0861266;TYWF107;2024
Sárospataki járás;6645,501097;TYWF107;2024
Sárvári járás;17139,33229;TYWF107;2024
Sátoraljaújhelyi járás;6030,523706;TYWF107;2024
Sellyei járás;67,360039;TYWF107;2024
Siklósi járás;9956,909495;TYWF107;2024
Siófoki járás;39569,10264;TYWF107;2024
Soproni járás;5908,015204;TYWF107;2024
Sümegi járás;6452,029389;TYWF107;2024
Szarvasi járás;12108,92469;TYWF107;2024
Szécsényi járás;2590,943265;TYWF107;2024
Szegedi járás;3223,721449;TYWF107;2024
Szeghalmi járás;1440,968638;TYWF107;2024
Székesfehérvári járás;2118,99454;TYWF107;2024
Szekszárdi járás;1399,92758;TYWF107;2024
Szentendrei járás;4639,294356;TYWF107;2024
Szentesi járás;1448,949586;TYWF107;2024
Szentgotthárdi járás;7844,56411;TYWF107;2024
Szentlőrinci járás;542,0223727;TYWF107;2024
Szerencsi járás;1132,422983;TYWF107;2024
Szigetszentmiklósi járás;507,5116935;TYWF107;2024
Szigetvári járás;1764,936511;TYWF107;2024
Szikszói járás;85,09406657;TYWF107;2024
Szobi járás;7829,392564;TYWF107;2024
Szolnoki járás;805,3768746;TYWF107;2024
Szombathelyi járás;940,0681499;TYWF107;2024
Tabi járás;416,5933486;TYWF107;2024
Tamási járás;1235,865593;TYWF107;2024
Tapolcai járás;19475,97914;TYWF107;2024
Tatabányai járás;1115,132791;TYWF107;2024
Tatai járás;3654,171067;TYWF107;2024
Téti járás;906,1585485;TYWF107;2024
Tiszafüredi járás;8420,081967;TYWF107;2024
Tiszakécskei járás;6374,008719;TYWF107;2024
Tiszaújvárosi járás;2696,957152;TYWF107;2024
Tiszavasvári járás;507,7699615;TYWF107;2024
Tokaji járás;14632,19312;TYWF107;2024
Tolnai járás;1110,393013;TYWF107;2024
Törökszentmiklósi járás;369,5093564;TYWF107;2024
Váci járás;526,3498951;TYWF107;2024
Várpalotai járás;440,9413227;TYWF107;2024
Vásárosnaményi járás;1159,409203;TYWF107;2024
Vasvári járás;400,2664786;TYWF107;2024
Vecsési járás;4622,593297;TYWF107;2024
Veszprémi járás;2018,218234;TYWF107;2024
Záhonyi járás;104,5801527;TYWF107;2024
Zalaegerszegi járás;1121,683218;TYWF107;2024
Zalaszentgróti járás;7243,229725;TYWF107;2024
Zirci járás;6294,133954;TYWF107;2024
Ajkai járás;44,01951438;TYWF108;2024
Aszódi járás;71,87924287;TYWF108;2024
Bácsalmási járás;9,4278475;TYWF108;2024
Bajai járás;155,5394005;TYWF108;2024
Baktalórántházai járás;41,01438392;TYWF108;2024
Balassagyarmati járás;78,05505819;TYWF108;2024
Balatonalmádi járás;1143,439585;TYWF108;2024
Balatonfüredi járás;9341,681715;TYWF108;2024
Balmazújvárosi járás;91,98698891;TYWF108;2024
Barcsi járás;160,9105181;TYWF108;2024
Bátonyterenyei járás;94,00010743;TYWF108;2024
Békéscsabai járás;66,41015459;TYWF108;2024
Békési járás;120,1676758;TYWF108;2024
Bélapátfalvai járás;1395,139514;TYWF108;2024
Berettyóújfalui járás;59,84026112;TYWF108;2024
Bicskei járás;167,7973141;TYWF108;2024
Bólyi járás;0;TYWF108;2024
Bonyhádi járás;122,8402712;TYWF108;2024
Budakeszi járás;139,1306108;TYWF108;2024
Budapest, illetve fiktív területi egység;392,9364251;TYWF108;2024
Ceglédi járás;78,75862993;TYWF108;2024
Celldömölki járás;274,6386925;TYWF108;2024
Cigándi járás;14,74408481;TYWF108;2024
Csengeri járás;0;TYWF108;2024
Csongrádi járás;166,3990658;TYWF108;2024
Csornai járás;32,09262813;TYWF108;2024
Csurgói járás;101,5925316;TYWF108;2024
Dabasi járás;195,3787657;TYWF108;2024
Debreceni járás;279,8243587;TYWF108;2024
Derecskei járás;0;TYWF108;2024
Devecseri járás;10,08718207;TYWF108;2024
Dombóvári járás;178,2493369;TYWF108;2024
Dunakeszi járás;29,26258291;TYWF108;2024
Dunaújvárosi járás;120,8185889;TYWF108;2024
Edelényi járás;61,17172227;TYWF108;2024
Egri járás;712,2160481;TYWF108;2024
Encsi járás;90,29770023;TYWF108;2024
Enyingi járás;94,15903565;TYWF108;2024
Érdi járás;46,6651491;TYWF108;2024
Esztergomi járás;266,6376212;TYWF108;2024
Fehérgyarmati járás;352,8897947;TYWF108;2024
Fonyódi járás;1682,474605;TYWF108;2024
Füzesabonyi járás;205,7007467;TYWF108;2024
Gárdonyi járás;1525,168265;TYWF108;2024
Gödöllői járás;147,3002214;TYWF108;2024
Gönci járás;329,1742429;TYWF108;2024
Gyáli járás;25,25426453;TYWF108;2024
Gyomaendrődi járás;564,5719941;TYWF108;2024
Gyöngyösi járás;358,0190822;TYWF108;2024
Győri járás;196,1840473;TYWF108;2024
Gyulai járás;801,8622484;TYWF108;2024
Hajdúböszörményi járás;131,7330211;TYWF108;2024
Hajdúhadházi járás;11,01741599;TYWF108;2024
Hajdúnánási járás;191,8075423;TYWF108;2024
Hajdúszoboszlói járás;1416,69627;TYWF108;2024
Hatvani járás;20,9969514;TYWF108;2024
Hegyháti járás;0;TYWF108;2024
Hevesi járás;115,834799;TYWF108;2024
Hódmezővásárhelyi járás;128,9513395;TYWF108;2024
Ibrányi járás;19,27047488;TYWF108;2024
Jánoshalmai járás;0;TYWF108;2024
Jászapáti járás;68,97445031;TYWF108;2024
Jászberényi járás;53,22318805;TYWF108;2024
Kalocsai járás;142,7267262;TYWF108;2024
Kaposvári járás;165,3802711;TYWF108;2024
Kapuvári járás;72,30627769;TYWF108;2024
Karcagi járás;412,2694809;TYWF108;2024
Kazincbarcikai járás;78,45661401;TYWF108;2024
Kecskeméti járás;188,9316168;TYWF108;2024
Kemecsei járás;4,86878621;TYWF108;2024
Keszthelyi járás;2693,374486;TYWF108;2024
Kisbéri járás;42,72151899;TYWF108;2024
Kiskőrösi járás;234,1104391;TYWF108;2024
Kiskunfélegyházi járás;31,83717559;TYWF108;2024
Kiskunhalasi járás;274,6446816;TYWF108;2024
Kiskunmajsai járás;193,4149477;TYWF108;2024
Kisteleki járás;133,7929423;TYWF108;2024
Kisvárdai járás;172,931882;TYWF108;2024
Komáromi járás;339,9008517;TYWF108;2024
Komlói járás;329,7264515;TYWF108;2024
Körmendi járás;524,1738564;TYWF108;2024
Kőszegi járás;2290,380558;TYWF108;2024
Kunhegyesi járás;543,3008687;TYWF108;2024
Kunszentmártoni járás;572,0243824;TYWF108;2024
Kunszentmiklósi járás;70,63606919;TYWF108;2024
Lenti járás;658,4432642;TYWF108;2024
Letenyei járás;167,5466385;TYWF108;2024
Makói járás;146,8898937;TYWF108;2024
Marcali járás;824,3125544;TYWF108;2024
Martonvásári járás;75,05157573;TYWF108;2024
Mátészalkai járás;22,49890043;TYWF108;2024
Mezőcsáti járás;0;TYWF108;2024
Mezőkovácsházai járás;93,18615341;TYWF108;2024
Mezőkövesdi járás;658,7216731;TYWF108;2024
Mezőtúri járás;151,4965402;TYWF108;2024
Miskolci járás;181,4613896;TYWF108;2024
Mohácsi járás;93,17834772;TYWF108;2024
Monori járás;50,09021625;TYWF108;2024
Mórahalmi járás;245,4721294;TYWF108;2024
Móri járás;297,5583418;TYWF108;2024
Mosonmagyaróvári járás;415,327874;TYWF108;2024
Nagyatádi járás;312,9062626;TYWF108;2024
Nagykállói járás;12,53761284;TYWF108;2024
Nagykanizsai járás;710,3192966;TYWF108;2024
Nagykátai járás;76,84461068;TYWF108;2024
Nagykőrösi járás;36,17648156;TYWF108;2024
Nyíradonyi járás;49,53693733;TYWF108;2024
Nyírbátori járás;230,5256492;TYWF108;2024
Nyíregyházai járás;188,2452148;TYWF108;2024
Orosházi járás;197,7388304;TYWF108;2024
Oroszlányi járás;65,79990487;TYWF108;2024
Ózdi járás;42,03093477;TYWF108;2024
Paksi járás;117,4481911;TYWF108;2024
Pannonhalmi járás;156,2401562;TYWF108;2024
Pápai járás;185,7464255;TYWF108;2024
Pásztói járás;131,4869213;TYWF108;2024
Pécsi járás;184,7826714;TYWF108;2024
Pécsváradi járás;239,0216787;TYWF108;2024
Pétervásárai járás;771,712826;TYWF108;2024
Pilisvörösvári járás;19,86629122;TYWF108;2024
Putnoki járás;322,0003598;TYWF108;2024
Püspökladányi járás;44,82396664;TYWF108;2024
Ráckevei járás;364,6706283;TYWF108;2024
Rétsági járás;1126,655937;TYWF108;2024
Salgótarjáni járás;93,67638398;TYWF108;2024
Sárbogárdi járás;127,4863682;TYWF108;2024
Sarkadi járás;96,71971752;TYWF108;2024
Sárospataki járás;599,3660083;TYWF108;2024
Sárvári járás;796,2231481;TYWF108;2024
Sátoraljaújhelyi járás;523,7062287;TYWF108;2024
Sellyei járás;0;TYWF108;2024
Siklósi járás;704,4621945;TYWF108;2024
Siófoki járás;6451,887315;TYWF108;2024
Soproni járás;487,8692241;TYWF108;2024
Sümegi járás;467,2230544;TYWF108;2024
Szarvasi járás;773,9925388;TYWF108;2024
Szécsényi járás;263,1426754;TYWF108;2024
Szegedi járás;171,6034988;TYWF108;2024
Szeghalmi járás;218,3406114;TYWF108;2024
Székesfehérvári járás;159,3891418;TYWF108;2024
Szekszárdi járás;61,17548407;TYWF108;2024
Szentendrei járás;285,2339464;TYWF108;2024
Szentesi járás;248,2540221;TYWF108;2024
Szentgotthárdi járás;491,9225731;TYWF108;2024
Szentlőrinci járás;22,07830439;TYWF108;2024
Szerencsi járás;101,8638328;TYWF108;2024
Szigetszentmiklósi járás;129,3250318;TYWF108;2024
Szigetvári járás;112,7199822;TYWF108;2024
Szikszói járás;17,36613603;TYWF108;2024
Szobi járás;562,4552185;TYWF108;2024
Szolnoki járás;200,4226283;TYWF108;2024
Szombathelyi járás;82,27190729;TYWF108;2024
Tabi járás;38,71194791;TYWF108;2024
Tamási járás;165,4832289;TYWF108;2024
Tapolcai járás;1643,287195;TYWF108;2024
Tatabányai járás;170,8751708;TYWF108;2024
Tatai járás;414,8438679;TYWF108;2024
Téti járás;37,06834883;TYWF108;2024
Tiszafüredi járás;1004,098361;TYWF108;2024
Tiszakécskei járás;503,2177704;TYWF108;2024
Tiszaújvárosi járás;237,7009591;TYWF108;2024
Tiszavasvári járás;165,3352411;TYWF108;2024
Tokaji járás;1276,50098;TYWF108;2024
Tolnai járás;296,3609898;TYWF108;2024
Törökszentmiklósi járás;70,13513105;TYWF108;2024
Váci járás;30,42810655;TYWF108;2024
Várpalotai járás;17,79811848;TYWF108;2024
Vásárosnaményi járás;112,9810521;TYWF108;2024
Vasvári járás;70,53844345;TYWF108;2024
Vecsési járás;195,309405;TYWF108;2024
Veszprémi járás;249,7143371;TYWF108;2024
Záhonyi járás;34,05754551;TYWF108;2024
Zalaegerszegi járás;161,0668697;TYWF108;2024
Zalaszentgróti járás;337,2633083;TYWF108;2024
Zirci járás;441,3395431;TYWF108;2024
Ajkai járás;225,1443952;TYWF109;2024
Aszódi járás;107,0202061;TYWF109;2024
Bácsalmási járás;26,51582111;TYWF109;2024
Bajai járás;306,1759286;TYWF109;2024
Baktalórántházai járás;212,0039281;TYWF109;2024
Balassagyarmati járás;200,3133393;TYWF109;2024
Balatonalmádi járás;3214,232765;TYWF109;2024
Balatonfüredi járás;13990,34309;TYWF109;2024
Balmazújvárosi járás;209,1567276;TYWF109;2024
Barcsi járás;347,821821;TYWF109;2024
Bátonyterenyei járás;244,9374228;TYWF109;2024
Békéscsabai járás;220,0435432;TYWF109;2024
Békési járás;265,4867257;TYWF109;2024
Bélapátfalvai járás;3356,049891;TYWF109;2024
Berettyóújfalui járás;97,17860587;TYWF109;2024
Bicskei járás;372,4214315;TYWF109;2024
Bólyi járás;211,3702624;TYWF109;2024
Bonyhádi járás;211,4164905;TYWF109;2024
Budakeszi járás;177,5812523;TYWF109;2024
Budapest, illetve fiktív területi egység;654,5894308;TYWF109;2024
Ceglédi járás;114,842371;TYWF109;2024
Celldömölki járás;431,7680429;TYWF109;2024
Cigándi járás;53,35954504;TYWF109;2024
Csengeri járás;78,56159391;TYWF109;2024
Csongrádi járás;452,4886878;TYWF109;2024
Csornai járás;61,03892018;TYWF109;2024
Csurgói járás;350,7688084;TYWF109;2024
Dabasi járás;264,7947743;TYWF109;2024
Debreceni járás;364,0859718;TYWF109;2024
Derecskei járás;45,12279317;TYWF109;2024
Devecseri járás;233,4462137;TYWF109;2024
Dombóvári járás;266,3129974;TYWF109;2024
Dunakeszi járás;47,73817447;TYWF109;2024
Dunaújvárosi járás;149,3340663;TYWF109;2024
Edelényi járás;264,8672511;TYWF109;2024
Egri járás;1663,008166;TYWF109;2024
Encsi járás;136,3871514;TYWF109;2024
Enyingi járás;191,4222153;TYWF109;2024
Érdi járás;62,90310342;TYWF109;2024
Esztergomi járás;395,3817667;TYWF109;2024
Fehérgyarmati járás;552,0454215;TYWF109;2024
Fonyódi járás;7077,469098;TYWF109;2024
Füzesabonyi járás;973,9373923;TYWF109;2024
Gárdonyi járás;2002,286843;TYWF109;2024
Gödöllői járás;187,2808218;TYWF109;2024
Gönci járás;976,8637532;TYWF109;2024
Gyáli járás;71,63027757;TYWF109;2024
Gyomaendrődi járás;1009,896091;TYWF109;2024
Gyöngyösi járás;612,9032258;TYWF109;2024
Győri járás;282,8114113;TYWF109;2024
Gyulai járás;1800,082158;TYWF109;2024
Hajdúböszörményi járás;217,1598893;TYWF109;2024
Hajdúhadházi járás;30,50976736;TYWF109;2024
Hajdúnánási járás;355,4399653;TYWF109;2024
Hajdúszoboszlói járás;3436,826525;TYWF109;2024
Hatvani járás;51,48290969;TYWF109;2024
Hegyháti járás;64,3323224;TYWF109;2024
Hevesi járás;230,4566681;TYWF109;2024
Hódmezővásárhelyi járás;242,2247046;TYWF109;2024
Ibrányi járás;60,10552879;TYWF109;2024
Jánoshalmai járás;59,18716296;TYWF109;2024
Jászapáti járás;157,0544995;TYWF109;2024
Jászberényi járás;99,66504326;TYWF109;2024
Kalocsai járás;324,8647325;TYWF109;2024
Kaposvári járás;327,371988;TYWF109;2024
Kapuvári járás;155,8973502;TYWF109;2024
Karcagi járás;659,5778702;TYWF109;2024
Kazincbarcikai járás;170,1342982;TYWF109;2024
Kecskeméti járás;265,3273829;TYWF109;2024
Kemecsei járás;4,86878621;TYWF109;2024
Keszthelyi járás;5551,291944;TYWF109;2024
Kisbéri járás;148,7341772;TYWF109;2024
Kiskőrösi járás;388,3571163;TYWF109;2024
Kiskunfélegyházi járás;75,89755252;TYWF109;2024
Kiskunhalasi járás;428,40524;TYWF109;2024
Kiskunmajsai járás;613,7850076;TYWF109;2024
Kisteleki járás;245,9686843;TYWF109;2024
Kisvárdai járás;224,0751428;TYWF109;2024
Komáromi járás;410,5758231;TYWF109;2024
Komlói járás;486,1310607;TYWF109;2024
Körmendi járás;1231,482989;TYWF109;2024
Kőszegi járás;3447,292334;TYWF109;2024
Kunhegyesi járás;1176,098973;TYWF109;2024
Kunszentmártoni járás;962,7847289;TYWF109;2024
Kunszentmiklósi járás;155,054786;TYWF109;2024
Lenti járás;1235,794643;TYWF109;2024
Letenyei járás;435,0580781;TYWF109;2024
Makói járás;347,7942075;TYWF109;2024
Marcali járás;2169,341794;TYWF109;2024
Martonvásári járás;91,41353063;TYWF109;2024
Mátészalkai járás;58,02348006;TYWF109;2024
Mezőcsáti járás;94,48110378;TYWF109;2024
Mezőkovácsházai járás;151,0366178;TYWF109;2024
Mezőkövesdi járás;1775,106266;TYWF109;2024
Mezőtúri járás;299,7174794;TYWF109;2024
Miskolci járás;318,1012721;TYWF109;2024
Mohácsi járás;181,9938297;TYWF109;2024
Monori járás;77,96299787;TYWF109;2024
Mórahalmi járás;654,4751187;TYWF109;2024
Móri járás;428,3400324;TYWF109;2024
Mosonmagyaróvári járás;562,9805589;TYWF109;2024
Nagyatádi járás;427,2201551;TYWF109;2024
Nagykállói járás;93,85298753;TYWF109;2024
Nagykanizsai járás;1231,056224;TYWF109;2024
Nagykátai járás;123,4954097;TYWF109;2024
Nagykőrösi járás;100,6974229;TYWF109;2024
Nyíradonyi járás;127,7909398;TYWF109;2024
Nyírbátori járás;297,9100697;TYWF109;2024
Nyíregyházai járás;287,1421574;TYWF109;2024
Orosházi járás;355,2942245;TYWF109;2024
Oroszlányi járás;94,73600761;TYWF109;2024
Ózdi járás;108,4398117;TYWF109;2024
Paksi járás;201,3083948;TYWF109;2024
Pannonhalmi járás;400,0504001;TYWF109;2024
Pápai járás;353,2714798;TYWF109;2024
Pásztói járás;283,6060988;TYWF109;2024
Pécsi járás;407,5020035;TYWF109;2024
Pécsváradi járás;738,3731703;TYWF109;2024
Pétervásárai járás;1526,754504;TYWF109;2024
Pilisvörösvári járás;75,49190665;TYWF109;2024
Putnoki járás;665,5873359;TYWF109;2024
Püspökladányi járás;149,5077875;TYWF109;2024
Ráckevei járás;549,2914826;TYWF109;2024
Rétsági járás;1520,366473;TYWF109;2024
Salgótarjáni járás;196,9228504;TYWF109;2024
Sárbogárdi járás;169,7258275;TYWF109;2024
Sarkadi járás;155,5703393;TYWF109;2024
Sárospataki járás;1391,855645;TYWF109;2024
Sárvári járás;1308,911855;TYWF109;2024
Sátoraljaújhelyi járás;1415,659539;TYWF109;2024
Sellyei járás;50,37783375;TYWF109;2024
Siklósi járás;1731,12726;TYWF109;2024
Siófoki járás;11402,82504;TYWF109;2024
Soproni járás;759,7002238;TYWF109;2024
Sümegi járás;709,0377345;TYWF109;2024
Szarvasi járás;2483,499365;TYWF109;2024
Szécsényi járás;470,7651379;TYWF109;2024
Szegedi járás;315,3169349;TYWF109;2024
Szeghalmi járás;274,3152045;TYWF109;2024
Székesfehérvári járás;186,0207446;TYWF109;2024
Szekszárdi járás;231,7426437;TYWF109;2024
Szentendrei járás;510,9447594;TYWF109;2024
Szentesi járás;353,7195691;TYWF109;2024
Szentgotthárdi járás;776,4517538;TYWF109;2024
Szentlőrinci járás;149,3965264;TYWF109;2024
Szerencsi járás;308,6198827;TYWF109;2024
Szigetszentmiklósi járás;153,8735557;TYWF109;2024
Szigetvári járás;302,5172644;TYWF109;2024
Szikszói járás;90,88277858;TYWF109;2024
Szobi járás;1443,356421;TYWF109;2024
Szolnoki járás;256,4627687;TYWF109;2024
Szombathelyi járás;134,7509977;TYWF109;2024
Tabi járás;138,1312687;TYWF109;2024
Tamási járás;301,8509166;TYWF109;2024
Tapolcai járás;3946,682391;TYWF109;2024
Tatabányai járás;220,6642505;TYWF109;2024
Tatai járás;624,277166;TYWF109;2024
Téti járás;102,7508617;TYWF109;2024
Tiszafüredi járás;2194,899818;TYWF109;2024
Tiszakécskei járás;1020,967407;TYWF109;2024
Tiszaújvárosi járás;322,5695163;TYWF109;2024
Tiszavasvári járás;292,1187552;TYWF109;2024
Tokaji járás;2454,124354;TYWF109;2024
Tolnai járás;488,5007278;TYWF109;2024
Törökszentmiklósi járás;97,94733819;TYWF109;2024
Váci járás;119,881105;TYWF109;2024
Várpalotai járás;89,83812187;TYWF109;2024
Vásárosnaményi járás;302,1654702;TYWF109;2024
Vasvári járás;293,9101811;TYWF109;2024
Vecsési járás;268,4018699;TYWF109;2024
Veszprémi járás;460,7839361;TYWF109;2024
Záhonyi járás;73,39988256;TYWF109;2024
Zalaegerszegi járás;274,1203718;TYWF109;2024
Zalaszentgróti járás;1031,082529;TYWF109;2024
Zirci járás;1105,012198;TYWF109;2024
Ajkai járás;473,4200639;TYWG001;2024
Aszódi járás;384,0215105;TYWG001;2024
Bácsalmási járás;545,4599022;TYWG001;2024
Bajai járás;516,3569967;TYWG001;2024
Baktalórántházai járás;386,9216105;TYWG001;2024
Balassagyarmati járás;471,1839749;TYWG001;2024
Balatonalmádi járás;472,6464047;TYWG001;2024
Balatonfüredi járás;542,9850043;TYWG001;2024
Balmazújvárosi járás;434,2275541;TYWG001;2024
Barcsi járás;495,1432496;TYWG001;2024
Bátonyterenyei járás;550,8406295;TYWG001;2024
Békéscsabai járás;542,1396393;TYWG001;2024
Békési járás;490,2654867;TYWG001;2024
Bélapátfalvai járás;501,9930565;TYWG001;2024
Berettyóújfalui járás;476,7438985;TYWG001;2024
Bicskei járás;386,9583276;TYWG001;2024
Bólyi járás;434,9489796;TYWG001;2024
Bonyhádi járás;458,1176642;TYWG001;2024
Budakeszi járás;369,1969887;TYWG001;2024
Budapest, illetve fiktív területi egység;577,7657252;TYWG001;2024
Ceglédi járás;429,5194048;TYWG001;2024
Celldömölki járás;507,4962856;TYWG001;2024
Cigándi járás;423,7169136;TYWG001;2024
Csengeri járás;447,8010853;TYWG001;2024
Csongrádi járás;540,1644529;TYWG001;2024
Csornai járás;452,7263002;TYWG001;2024
Csurgói járás;481,7408018;TYWG001;2024
Dabasi járás;393,6433655;TYWG001;2024
Debreceni járás;488,7913104;TYWG001;2024
Derecskei járás;394,6641681;TYWG001;2024
Devecseri járás;472,5124289;TYWG001;2024
Dombóvári járás;510,4509284;TYWG001;2024
Dunakeszi járás;405,487595;TYWG001;2024
Dunaújvárosi járás;478,83098;TYWG001;2024
Edelényi járás;392,7602951;TYWG001;2024
Egri járás;506,3156178;TYWG001;2024
Encsi járás;350,9852796;TYWG001;2024
Enyingi járás;418,4386156;TYWG001;2024
Érdi járás;379,5659762;TYWG001;2024
Esztergomi járás;423,8753948;TYWG001;2024
Fehérgyarmati járás;431,3873926;TYWG001;2024
Fonyódi járás;557,2757312;TYWG001;2024
Füzesabonyi járás;460,0804136;TYWG001;2024
Gárdonyi járás;440,2692238;TYWG001;2024
Gödöllői járás;376,719228;TYWG001;2024
Gönci járás;461,6590382;TYWG001;2024
Gyáli járás;358,3350552;TYWG001;2024
Gyomaendrődi járás;546,1157843;TYWG001;2024
Gyöngyösi járás;495,2748751;TYWG001;2024
Győri járás;455,4681979;TYWG001;2024
Gyulai járás;517,9515268;TYWG001;2024
Hajdúböszörményi járás;427,4803066;TYWG001;2024
Hajdúhadházi járás;346,0739862;TYWG001;2024
Hajdúnánási járás;446,792371;TYWG001;2024
Hajdúszoboszlói járás;461,9064535;TYWG001;2024
Hatvani járás;461,9531203;TYWG001;2024
Hegyháti járás;473,5777962;TYWG001;2024
Hevesi járás;422,160228;TYWG001;2024
Hódmezővásárhelyi járás;495,7963431;TYWG001;2024
Ibrányi járás;401,0552879;TYWG001;2024
Jánoshalmai járás;569,9066158;TYWG001;2024
Jászapáti járás;462,4526408;TYWG001;2024
Jászberényi járás;487,8449746;TYWG001;2024
Kalocsai járás;530,4713767;TYWG001;2024
Kaposvári járás;479,3674699;TYWG001;2024
Kapuvári járás;460,7121959;TYWG001;2024
Karcagi járás;459,1727961;TYWG001;2024
Kazincbarcikai járás;474,4624591;TYWG001;2024
Kecskeméti járás;487,2738029;TYWG001;2024
Kemecsei járás;364,5747115;TYWG001;2024
Keszthelyi járás;588,5382995;TYWG001;2024
Kisbéri járás;437,8164557;TYWG001;2024
Kiskőrösi járás;509,2685028;TYWG001;2024
Kiskunfélegyházi járás;522,5844964;TYWG001;2024
Kiskunhalasi járás;503,4646705;TYWG001;2024
Kiskunmajsai járás;523,8973671;TYWG001;2024
Kisteleki járás;506,4851601;TYWG001;2024
Kisvárdai járás;409,9818909;TYWG001;2024
Komáromi járás;437,6255243;TYWG001;2024
Komlói járás;516,2309681;TYWG001;2024
Körmendi járás;504,639427;TYWG001;2024
Kőszegi járás;438,2277096;TYWG001;2024
Kunhegyesi járás;435,4830219;TYWG001;2024
Kunszentmártoni járás;540,6159769;TYWG001;2024
Kunszentmiklósi járás;471,8833988;TYWG001;2024
Lenti járás;562,2180344;TYWG001;2024
Letenyei járás;470,9609293;TYWG001;2024
Makói járás;517,4141513;TYWG001;2024
Marcali járás;505,7235287;TYWG001;2024
Martonvásári járás;375,2578786;TYWG001;2024
Mátészalkai járás;407,7037588;TYWG001;2024
Mezőcsáti járás;425,464907;TYWG001;2024
Mezőkovácsházai járás;616,9986554;TYWG001;2024
Mezőkövesdi járás;512,0348398;TYWG001;2024
Mezőtúri járás;511,8126356;TYWG001;2024
Miskolci járás;493,44899;TYWG001;2024
Mohácsi járás;493,7517529;TYWG001;2024
Monori járás;377,9387607;TYWG001;2024
Mórahalmi járás;489,1155266;TYWG001;2024
Móri járás;421,7709521;TYWG001;2024
Mosonmagyaróvári járás;450,0343815;TYWG001;2024
Nagyatádi járás;468,8214462;TYWG001;2024
Nagykállói járás;413,2755409;TYWG001;2024
Nagykanizsai járás;522,5300787;TYWG001;2024
Nagykátai járás;406,9772186;TYWG001;2024
Nagykőrösi járás;468,8024466;TYWG001;2024
Nyíradonyi járás;399,3107904;TYWG001;2024
Nyírbátori járás;408,5877137;TYWG001;2024
Nyíregyházai járás;450,0275919;TYWG001;2024
Orosházi járás;558,8448965;TYWG001;2024
Oroszlányi járás;443,2773109;TYWG001;2024
Ózdi járás;456,8762609;TYWG001;2024
Paksi járás;477,081138;TYWG001;2024
Pannonhalmi járás;403,5154035;TYWG001;2024
Pápai járás;479,1104996;TYWG001;2024
Pásztói járás;481,6757589;TYWG001;2024
Pécsi járás;505,5665419;TYWG001;2024
Pécsváradi járás;460,1630536;TYWG001;2024
Pétervásárai járás;547,5127723;TYWG001;2024
Pilisvörösvári járás;378,9279113;TYWG001;2024
Putnoki járás;443,4850393;TYWG001;2024
Püspökladányi járás;454,5944566;TYWG001;2024
Ráckevei járás;425,5675758;TYWG001;2024
Rétsági járás;449,6306384;TYWG001;2024
Salgótarjáni járás;543,046967;TYWG001;2024
Sárbogárdi járás;432,9544582;TYWG001;2024
Sarkadi járás;519,5230541;TYWG001;2024
Sárospataki járás;502,462814;TYWG001;2024
Sárvári járás;485,4986202;TYWG001;2024
Sátoraljaújhelyi járás;511,4657577;TYWG001;2024
Sellyei járás;466,5637442;TYWG001;2024
Siklósi járás;451,1741037;TYWG001;2024
Siófoki járás;614,28741;TYWG001;2024
Soproni járás;456,6213615;TYWG001;2024
Sümegi járás;459,1625651;TYWG001;2024
Szarvasi járás;548,5590128;TYWG001;2024
Szécsényi járás;444,508704;TYWG001;2024
Szegedi járás;538,4682552;TYWG001;2024
Szeghalmi járás;492,1794363;TYWG001;2024
Székesfehérvári járás;467,501435;TYWG001;2024
Szekszárdi járás;497,1985059;TYWG001;2024
Szentendrei járás;408,8580419;TYWG001;2024
Szentesi járás;513,2185371;TYWG001;2024
Szentgotthárdi járás;457,9391646;TYWG001;2024
Szentlőrinci járás;416,9855755;TYWG001;2024
Szerencsi járás;428,048344;TYWG001;2024
Szigetszentmiklósi járás;389,8336586;TYWG001;2024
Szigetvári járás;472,8892849;TYWG001;2024
Szikszói járás;360,6946454;TYWG001;2024
Szobi járás;446,6602978;TYWG001;2024
Szolnoki járás;517,9989388;TYWG001;2024
Szombathelyi járás;448,5048926;TYWG001;2024
Tabi járás;530,4416681;TYWG001;2024
Tamási járás;504,501025;TYWG001;2024
Tapolcai járás;500,6827633;TYWG001;2024
Tatabányai járás;464,8089834;TYWG001;2024
Tatai járás;448,6347865;TYWG001;2024
Téti járás;408,1420303;TYWG001;2024
Tiszafüredi járás;519,0687614;TYWG001;2024
Tiszakécskei járás;474,8598713;TYWG001;2024
Tiszaújvárosi járás;457,703719;TYWG001;2024
Tiszavasvári járás;397,6392035;TYWG001;2024
Tokaji járás;522,9823624;TYWG001;2024
Tolnai járás;430,8005822;TYWG001;2024
Törökszentmiklósi járás;459,4758004;TYWG001;2024
Váci járás;414,1603392;TYWG001;2024
Várpalotai járás;438,7094952;TYWG001;2024
Vásárosnaményi járás;403,8778392;TYWG001;2024
Vasvári járás;510,4632025;TYWG001;2024
Vecsési járás;382,0022185;TYWG001;2024
Veszprémi járás;468,2304305;TYWG001;2024
Záhonyi járás;407,4574281;TYWG001;2024
Zalaegerszegi járás;488,6364838;TYWG001;2024
Zalaszentgróti járás;512,611647;TYWG001;2024
Zirci járás;432,8010645;TYWG001;2024
Ajkai járás;211,2289014;TYWG002;2024
Aszódi járás;260,4020797;TYWG002;2024
Bácsalmási járás;183,3315329;TYWG002;2024
Bajai járás;193,6644621;TYWG002;2024
Baktalórántházai járás;258,4502837;TYWG002;2024
Balassagyarmati járás;212,2313265;TYWG002;2024
Balatonalmádi járás;211,574655;TYWG002;2024
Balatonfüredi járás;184,1671486;TYWG002;2024
Balmazújvárosi járás;230,2939992;TYWG002;2024
Barcsi járás;201,9617557;TYWG002;2024
Bátonyterenyei járás;181,5407119;TYWG002;2024
Békéscsabai járás;184,4543227;TYWG002;2024
Békési járás;203,9711191;TYWG002;2024
Bélapátfalvai járás;199,2059426;TYWG002;2024
Berettyóújfalui járás;209,7562241;TYWG002;2024
Bicskei járás;258,4257603;TYWG002;2024
Bólyi járás;229,9120235;TYWG002;2024
Bonyhádi járás;218,2845322;TYWG002;2024
Budakeszi járás;270,8581139;TYWG002;2024
Budapest, illetve fiktív területi egység;173,0805336;TYWG002;2024
Ceglédi járás;232,8183521;TYWG002;2024
Celldömölki járás;197,0457772;TYWG002;2024
Cigándi járás;236,006628;TYWG002;2024
Csengeri járás;223,3134382;TYWG002;2024
Csongrádi járás;185,1288056;TYWG002;2024
Csornai járás;220,8840086;TYWG002;2024
Csurgói járás;207,5805073;TYWG002;2024
Dabasi járás;254,0370517;TYWG002;2024
Debreceni járás;204,5862884;TYWG002;2024
Derecskei járás;253,3799825;TYWG002;2024
Devecseri járás;211,6346447;TYWG002;2024
Dombóvári járás;195,9052172;TYWG002;2024
Dunakeszi járás;246,616669;TYWG002;2024
Dunaújvárosi járás;208,8419593;TYWG002;2024
Edelényi járás;254,6082209;TYWG002;2024
Egri járás;197,5052645;TYWG002;2024
Encsi járás;284,9122337;TYWG002;2024
Enyingi járás;238,9836795;TYWG002;2024
Érdi járás;263,458809;TYWG002;2024
Esztergomi járás;235,9183883;TYWG002;2024
Fehérgyarmati járás;231,8102052;TYWG002;2024
Fonyódi járás;179,4443834;TYWG002;2024
Füzesabonyi járás;217,3533084;TYWG002;2024
Gárdonyi járás;227,1337504;TYWG002;2024
Gödöllői járás;265,4496839;TYWG002;2024
Gönci járás;216,6100774;TYWG002;2024
Gyáli járás;279,0684265;TYWG002;2024
Gyomaendrődi járás;183,1113527;TYWG002;2024
Gyöngyösi járás;201,9080818;TYWG002;2024
Győri járás;219,554297;TYWG002;2024
Gyulai járás;193,0682599;TYWG002;2024
Hajdúböszörményi járás;233,9289049;TYWG002;2024
Hajdúhadházi járás;288,9555528;TYWG002;2024
Hajdúnánási járás;223,8176085;TYWG002;2024
Hajdúszoboszlói járás;216,4940525;TYWG002;2024
Hatvani járás;216,4721822;TYWG002;2024
Hegyháti járás;211,1585484;TYWG002;2024
Hevesi járás;236,8768855;TYWG002;2024
Hódmezővásárhelyi járás;201,6957192;TYWG002;2024
Ibrányi járás;249,3421805;TYWG002;2024
Jánoshalmai járás;175,4673436;TYWG002;2024
Jászapáti járás;216,2383587;TYWG002;2024
Jászberényi járás;204,9831508;TYWG002;2024
Kalocsai járás;188,511585;TYWG002;2024
Kaposvári járás;208,6082312;TYWG002;2024
Kapuvári járás;217,0552481;TYWG002;2024
Karcagi járás;217,7829367;TYWG002;2024
Kazincbarcikai járás;210,764831;TYWG002;2024
Kecskeméti járás;205,2234276;TYWG002;2024
Kemecsei járás;274,2922009;TYWG002;2024
Keszthelyi járás;169,9124765;TYWG002;2024
Kisbéri járás;228,4062161;TYWG002;2024
Kiskőrösi járás;196,3600723;TYWG002;2024
Kiskunfélegyházi járás;191,3566145;TYWG002;2024
Kiskunhalasi járás;198,6236689;TYWG002;2024
Kiskunmajsai járás;190,8770807;TYWG002;2024
Kisteleki járás;197,439151;TYWG002;2024
Kisvárdai járás;243,9132123;TYWG002;2024
Komáromi járás;228,5058673;TYWG002;2024
Komlói járás;193,7117418;TYWG002;2024
Körmendi járás;198,1612903;TYWG002;2024
Kőszegi járás;228,1918688;TYWG002;2024
Kunhegyesi járás;229,6300774;TYWG002;2024
Kunszentmártoni járás;184,9741855;TYWG002;2024
Kunszentmiklósi járás;211,9167579;TYWG002;2024
Lenti járás;177,8669375;TYWG002;2024
Letenyei járás;212,3318386;TYWG002;2024
Makói járás;193,2687766;TYWG002;2024
Marcali járás;197,736499;TYWG002;2024
Martonvásári járás;266,4834123;TYWG002;2024
Mátészalkai járás;245,2761296;TYWG002;2024
Mezőcsáti járás;235,0370109;TYWG002;2024
Mezőkovácsházai járás;162,0749075;TYWG002;2024
Mezőkövesdi járás;195,2992106;TYWG002;2024
Mezőtúri járás;195,384;TYWG002;2024
Miskolci járás;202,6551924;TYWG002;2024
Mohácsi járás;202,5309265;TYWG002;2024
Monori járás;264,593131;TYWG002;2024
Mórahalmi járás;204,4506759;TYWG002;2024
Móri járás;237,0955124;TYWG002;2024
Mosonmagyaróvári járás;222,205245;TYWG002;2024
Nagyatádi járás;213,3008223;TYWG002;2024
Nagykállói járás;241,9693161;TYWG002;2024
Nagykanizsai járás;191,3765429;TYWG002;2024
Nagykátai járás;245,7139993;TYWG002;2024
Nagykőrösi járás;213,309467;TYWG002;2024
Nyíradonyi járás;250,4314995;TYWG002;2024
Nyírbátori járás;244,7454895;TYWG002;2024
Nyíregyházai járás;222,2085974;TYWG002;2024
Orosházi járás;178,9405265;TYWG002;2024
Oroszlányi járás;225,5924171;TYWG002;2024
Ózdi járás;218,8776449;TYWG002;2024
Paksi járás;209,6079514;TYWG002;2024
Pannonhalmi járás;247,8220141;TYWG002;2024
Pápai járás;208,720118;TYWG002;2024
Pásztói járás;207,6085378;TYWG002;2024
Pécsi járás;197,7978994;TYWG002;2024
Pécsváradi járás;217,3142742;TYWG002;2024
Pétervásárai járás;182,6441411;TYWG002;2024
Pilisvörösvári járás;263,902439;TYWG002;2024
Putnoki járás;225,4867496;TYWG002;2024
Püspökladányi járás;219,9762856;TYWG002;2024
Ráckevei járás;234,9803079;TYWG002;2024
Rétsági járás;222,4047728;TYWG002;2024
Salgótarjáni járás;184,1461348;TYWG002;2024
Sárbogárdi járás;230,9711752;TYWG002;2024
Sarkadi járás;192,4842396;TYWG002;2024
Sárospataki járás;199,019703;TYWG002;2024
Sárvári járás;205,9738089;TYWG002;2024
Sátoraljaújhelyi járás;195,5165102;TYWG002;2024
Sellyei járás;214,332985;TYWG002;2024
Siklósi járás;221,6439268;TYWG002;2024
Siófoki járás;162,7902483;TYWG002;2024
Soproni járás;218,9998288;TYWG002;2024
Sümegi járás;217,7877893;TYWG002;2024
Szarvasi járás;182,2957925;TYWG002;2024
Szécsényi járás;224,9674733;TYWG002;2024
Szegedi járás;185,7119692;TYWG002;2024
Szeghalmi járás;203,1779319;TYWG002;2024
Székesfehérvári járás;213,9030867;TYWG002;2024
Szekszárdi járás;201,1269117;TYWG002;2024
Szentendrei járás;244,5836691;TYWG002;2024
Szentesi járás;194,8487687;TYWG002;2024
Szentgotthárdi járás;218,369617;TYWG002;2024
Szentlőrinci járás;239,816449;TYWG002;2024
Szerencsi járás;233,6184718;TYWG002;2024
Szigetszentmiklósi járás;256,5196663;TYWG002;2024
Szigetvári járás;211,4659883;TYWG002;2024
Szikszói járás;277,2428182;TYWG002;2024
Szobi járás;223,8837893;TYWG002;2024
Szolnoki járás;193,0505886;TYWG002;2024
Szombathelyi járás;222,9630081;TYWG002;2024
Tabi járás;188,522143;TYWG002;2024
Tamási járás;198,2156528;TYWG002;2024
Tapolcai járás;199,7272671;TYWG002;2024
Tatabányai járás;215,1421413;TYWG002;2024
Tatai járás;222,8984533;TYWG002;2024
Téti járás;245,012747;TYWG002;2024
Tiszafüredi járás;192,6527032;TYWG002;2024
Tiszakécskei járás;210,588441;TYWG002;2024
Tiszaújvárosi járás;218,4819477;TYWG002;2024
Tiszavasvári járás;251,4842579;TYWG002;2024
Tokaji járás;191,2110373;TYWG002;2024
Tolnai járás;232,125963;TYWG002;2024
Törökszentmiklósi járás;217,6393184;TYWG002;2024
Váci járás;241,452381;TYWG002;2024
Várpalotai járás;227,9412712;TYWG002;2024
Vásárosnaményi járás;247,5996212;TYWG002;2024
Vasvári járás;195,9005067;TYWG002;2024
Vecsési járás;261,7785844;TYWG002;2024
Veszprémi járás;213,5700576;TYWG002;2024
Záhonyi járás;245,4244127;TYWG002;2024
Zalaegerszegi járás;204,6511125;TYWG002;2024
Zalaszentgróti járás;195,0794536;TYWG002;2024
Zirci járás;231,0530361;TYWG002;2024
Ajkai járás;0,61249774;TYWG004;2024
Aszódi járás;1,49152362;TYWG004;2024
Bácsalmási járás;0,05872163;TYWG004;2024
Bajai járás;0,67321933;TYWG004;2024
Baktalórántházai járás;0,34464932;TYWG004;2024
Balassagyarmati járás;0,33388053;TYWG004;2024
Balatonalmádi járás;3,4090488;TYWG004;2024
Balatonfüredi járás;4,35353872;TYWG004;2024
Balmazújvárosi járás;1,43509687;TYWG004;2024
Barcsi járás;0,0972148;TYWG004;2024
Bátonyterenyei járás;0,37366216;TYWG004;2024
Békéscsabai járás;0,73575998;TYWG004;2024
Békési járás;0,18504241;TYWG004;2024
Bélapátfalvai járás;0,7689843;TYWG004;2024
Berettyóújfalui járás;1,72675358;TYWG004;2024
Bicskei járás;3,63621223;TYWG004;2024
Bólyi járás;2,82087447;TYWG004;2024
Bonyhádi járás;0,32577417;TYWG004;2024
Budakeszi járás;3,6693156;TYWG004;2024
Budapest, illetve fiktív területi egység;4,16855632;TYWG004;2024
Ceglédi járás;2,32298414;TYWG004;2024
Celldömölki járás;0,71715112;TYWG004;2024
Cigándi járás;0,13918853;TYWG004;2024
Csengeri járás;0,24269881;TYWG004;2024
Csongrádi járás;0;TYWG004;2024
Csornai járás;2,07075065;TYWG004;2024
Csurgói járás;0,27371014;TYWG004;2024
Dabasi járás;2,50712474;TYWG004;2024
Debreceni járás;5,13159843;TYWG004;2024
Derecskei járás;0,98517314;TYWG004;2024
Devecseri járás;0,14353895;TYWG004;2024
Dombóvári járás;0,21089631;TYWG004;2024
Dunakeszi járás;1,59336062;TYWG004;2024
Dunaújvárosi járás;1,08662705;TYWG004;2024
Edelényi járás;0,12566366;TYWG004;2024
Egri járás;0,99705246;TYWG004;2024
Encsi járás;0,18759966;TYWG004;2024
Enyingi járás;0,72411296;TYWG004;2024
Érdi járás;2,36056486;TYWG004;2024
Esztergomi járás;0,85865832;TYWG004;2024
Fehérgyarmati járás;0,08674657;TYWG004;2024
Fonyódi járás;4,84143538;TYWG004;2024
Füzesabonyi járás;0,46504141;TYWG004;2024
Gárdonyi járás;3,65006322;TYWG004;2024
Gödöllői járás;2,62320005;TYWG004;2024
Gönci járás;0,81209395;TYWG004;2024
Gyáli járás;1,46778891;TYWG004;2024
Gyomaendrődi járás;0,098227;TYWG004;2024
Gyöngyösi járás;1,20694597;TYWG004;2024
Győri járás;3,3940927;TYWG004;2024
Gyulai járás;1,20010365;TYWG004;2024
Hajdúböszörményi járás;1,54284042;TYWG004;2024
Hajdúhadházi járás;3,05953342;TYWG004;2024
Hajdúnánási járás;0,82791886;TYWG004;2024
Hajdúszoboszlói járás;2,95131511;TYWG004;2024
Hatvani járás;1,00440936;TYWG004;2024
Hegyháti járás;0,09144529;TYWG004;2024
Hevesi járás;0,12117173;TYWG004;2024
Hódmezővásárhelyi járás;0,56750357;TYWG004;2024
Ibrányi járás;0,2287963;TYWG004;2024
Jánoshalmai járás;0,06564911;TYWG004;2024
Jászapáti járás;0,0322716;TYWG004;2024
Jászberényi járás;2,34979209;TYWG004;2024
Kalocsai járás;0,4212907;TYWG004;2024
Kaposvári járás;0,48781861;TYWG004;2024
Kapuvári járás;1,16695841;TYWG004;2024
Karcagi járás;0,37006199;TYWG004;2024
Kazincbarcikai járás;0,29411001;TYWG004;2024
Kecskeméti járás;3,20927352;TYWG004;2024
Kemecsei járás;0,09714397;TYWG004;2024
Keszthelyi járás;6,71859887;TYWG004;2024
Kisbéri járás;0,78885091;TYWG004;2024
Kiskőrösi járás;0,84009808;TYWG004;2024
Kiskunfélegyházi járás;0,51061657;TYWG004;2024
Kiskunhalasi járás;0,57764997;TYWG004;2024
Kiskunmajsai járás;0,22177866;TYWG004;2024
Kisteleki járás;0,69940259;TYWG004;2024
Kisvárdai járás;0,55329408;TYWG004;2024
Komáromi járás;3,87972842;TYWG004;2024
Komlói járás;0,19092471;TYWG004;2024
Körmendi járás;2,06678554;TYWG004;2024
Kőszegi járás;2,05283136;TYWG004;2024
Kunhegyesi járás;0,6298386;TYWG004;2024
Kunszentmártoni járás;0,19159535;TYWG004;2024
Kunszentmiklósi járás;0,58378119;TYWG004;2024
Lenti járás;0,51207647;TYWG004;2024
Letenyei járás;0,13989438;TYWG004;2024
Makói járás;0,12214337;TYWG004;2024
Marcali járás;1,42693179;TYWG004;2024
Martonvásári járás;2,80769094;TYWG004;2024
Mátészalkai járás;0,15171181;TYWG004;2024
Mezőcsáti járás;0,07476356;TYWG004;2024
Mezőkovácsházai járás;0;TYWG004;2024
Mezőkövesdi járás;0,67430009;TYWG004;2024
Mezőtúri járás;0,36582392;TYWG004;2024
Miskolci járás;0,55462117;TYWG004;2024
Mohácsi járás;0,86910637;TYWG004;2024
Monori járás;0,96744936;TYWG004;2024
Mórahalmi járás;3,20908418;TYWG004;2024
Móri járás;1,1361428;TYWG004;2024
Mosonmagyaróvári járás;4,51751002;TYWG004;2024
Nagyatádi járás;0,26709996;TYWG004;2024
Nagykállói járás;0,32111892;TYWG004;2024
Nagykanizsai járás;0,43220192;TYWG004;2024
Nagykátai járás;1,64767079;TYWG004;2024
Nagykőrösi járás;0,48405414;TYWG004;2024
Nyíradonyi járás;0,4300767;TYWG004;2024
Nyírbátori járás;0,65671491;TYWG004;2024
Nyíregyházai járás;2,41454672;TYWG004;2024
Orosházi járás;0,27047434;TYWG004;2024
Oroszlányi járás;0,27540081;TYWG004;2024
Ózdi járás;0,0625;TYWG004;2024
Paksi járás;9,29824561;TYWG004;2024
Pannonhalmi járás;2,76973436;TYWG004;2024
Pápai járás;1,31441319;TYWG004;2024
Pásztói járás;0,34771724;TYWG004;2024
Pécsi járás;2,2038409;TYWG004;2024
Pécsváradi járás;0,92280718;TYWG004;2024
Pétervásárai járás;0,3207527;TYWG004;2024
Pilisvörösvári járás;3,92587532;TYWG004;2024
Putnoki járás;0;TYWG004;2024
Püspökladányi járás;0,36769905;TYWG004;2024
Ráckevei járás;3,58746677;TYWG004;2024
Rétsági járás;2,10883229;TYWG004;2024
Salgótarjáni járás;0,10973937;TYWG004;2024
Sárbogárdi járás;0,61166756;TYWG004;2024
Sarkadi járás;0,05089318;TYWG004;2024
Sárospataki járás;0;TYWG004;2024
Sárvári járás;2,18131876;TYWG004;2024
Sátoraljaújhelyi járás;0,25567601;TYWG004;2024
Sellyei járás;0;TYWG004;2024
Siklósi járás;0,38877342;TYWG004;2024
Siófoki járás;10,61583693;TYWG004;2024
Soproni járás;1,49101009;TYWG004;2024
Sümegi járás;0,63804899;TYWG004;2024
Szarvasi járás;0,44836652;TYWG004;2024
Szécsényi járás;0;TYWG004;2024
Szegedi járás;1,47705563;TYWG004;2024
Szeghalmi járás;0,07861635;TYWG004;2024
Székesfehérvári járás;2,90391762;TYWG004;2024
Szekszárdi járás;0,39804013;TYWG004;2024
Szentendrei járás;1,56856505;TYWG004;2024
Szentesi járás;0,11227125;TYWG004;2024
Szentgotthárdi járás;1,21973094;TYWG004;2024
Szentlőrinci járás;0,07320912;TYWG004;2024
Szerencsi járás;0,19195174;TYWG004;2024
Szigetszentmiklósi járás;2,13991642;TYWG004;2024
Szigetvári járás;0,88593577;TYWG004;2024
Szikszói járás;0;TYWG004;2024
Szobi járás;1,98747888;TYWG004;2024
Szolnoki járás;1,0182828;TYWG004;2024
Szombathelyi járás;2,10450882;TYWG004;2024
Tabi járás;0,52342319;TYWG004;2024
Tamási járás;0,20670309;TYWG004;2024
Tapolcai járás;2,56965944;TYWG004;2024
Tatabányai járás;1,0866099;TYWG004;2024
Tatai járás;1,38361299;TYWG004;2024
Téti járás;1,82827294;TYWG004;2024
Tiszafüredi járás;0,62565765;TYWG004;2024
Tiszakécskei járás;0,91269265;TYWG004;2024
Tiszaújvárosi járás;0,34091878;TYWG004;2024
Tiszavasvári járás;0,23798191;TYWG004;2024
Tokaji járás;0,44343932;TYWG004;2024
Tolnai járás;0,29099374;TYWG004;2024
Törökszentmiklósi járás;0,06009164;TYWG004;2024
Váci járás;4,22361126;TYWG004;2024
Várpalotai járás;1,4627697;TYWG004;2024
Vásárosnaményi járás;0,4957569;TYWG004;2024
Vasvári járás;0,23467751;TYWG004;2024
Vecsési járás;2,13871974;TYWG004;2024
Veszprémi járás;1,99271891;TYWG004;2024
Záhonyi járás;0,11650938;TYWG004;2024
Zalaegerszegi járás;2,50669939;TYWG004;2024
Zalaszentgróti járás;0,64086588;TYWG004;2024
Zirci járás;1,66016436;TYWG004;2024
Ajkai járás;284,6609417;TYWG005;2024
Aszódi járás;342,1906413;TYWG005;2024
Bácsalmási járás;309,7871881;TYWG005;2024
Bajai járás;313,5518303;TYWG005;2024
Baktalórántházai járás;289,295312;TYWG005;2024
Balassagyarmati járás;308,3303646;TYWG005;2024
Balatonalmádi járás;344,8870765;TYWG005;2024
Balatonfüredi járás;341,0352805;TYWG005;2024
Balmazújvárosi járás;286,5243657;TYWG005;2024
Barcsi járás;305,6276627;TYWG005;2024
Bátonyterenyei járás;266,3968796;TYWG005;2024
Békéscsabai járás;281,4942035;TYWG005;2024
Békési járás;277,7503325;TYWG005;2024
Bélapátfalvai járás;301,1526639;TYWG005;2024
Berettyóújfalui járás;270,7417012;TYWG005;2024
Bicskei járás;321,0304115;TYWG005;2024
Bólyi járás;355,0272308;TYWG005;2024
Bonyhádi járás;348,1460853;TYWG005;2024
Budakeszi járás;374,574506;TYWG005;2024
Budapest, illetve fiktív területi egység;261,1465446;TYWG005;2024
Ceglédi járás;292,64201;TYWG005;2024
Celldömölki járás;287,5443577;TYWG005;2024
Cigándi járás;284,4573322;TYWG005;2024
Csengeri járás;277,9887864;TYWG005;2024
Csongrádi járás;273,8875878;TYWG005;2024
Csornai járás;316,6446591;TYWG005;2024
Csurgói járás;308,8201767;TYWG005;2024
Dabasi járás;323,4991084;TYWG005;2024
Debreceni járás;285,7995272;TYWG005;2024
Derecskei járás;293,4524553;TYWG005;2024
Devecseri járás;278,3165599;TYWG005;2024
Dombóvári járás;298,337144;TYWG005;2024
Dunakeszi járás;348,0826376;TYWG005;2024
Dunaújvárosi járás;269,1356548;TYWG005;2024
Edelényi járás;297,7199743;TYWG005;2024
Egri járás;303,1884058;TYWG005;2024
Encsi járás;308,6560365;TYWG005;2024
Enyingi járás;297,032641;TYWG005;2024
Érdi járás;350,3928193;TYWG005;2024
Esztergomi járás;296,3356974;TYWG005;2024
Fehérgyarmati járás;288,1884449;TYWG005;2024
Fonyódi járás;337,8554958;TYWG005;2024
Füzesabonyi járás;307,5296504;TYWG005;2024
Gárdonyi járás;342,9819384;TYWG005;2024
Gödöllői járás;354,4753825;TYWG005;2024
Gönci járás;284,8023903;TYWG005;2024
Gyáli járás;340,1717068;TYWG005;2024
Gyomaendrődi járás;271,6136631;TYWG005;2024
Gyöngyösi járás;295,9759044;TYWG005;2024
Győri járás;301,5981512;TYWG005;2024
Gyulai járás;294,8501031;TYWG005;2024
Hajdúböszörményi járás;280,9935878;TYWG005;2024
Hajdúhadházi járás;294,2083997;TYWG005;2024
Hajdúnánási járás;281,9710567;TYWG005;2024
Hajdúszoboszlói járás;292,2426169;TYWG005;2024
Hatvani járás;295,2099996;TYWG005;2024
Hegyháti járás;314,5352222;TYWG005;2024
Hevesi járás;286,0077575;TYWG005;2024
Hódmezővásárhelyi járás;278,4457884;TYWG005;2024
Ibrányi járás;291,6714335;TYWG005;2024
Jánoshalmai járás;290,9069929;TYWG005;2024
Jászapáti járás;273,9794132;TYWG005;2024
Jászberényi járás;286,390059;TYWG005;2024
Kalocsai járás;311,0560779;TYWG005;2024
Kaposvári járás;299,9214577;TYWG005;2024
Kapuvári járás;326,6261453;TYWG005;2024
Karcagi járás;275,5774811;TYWG005;2024
Kazincbarcikai járás;261,4467992;TYWG005;2024
Kecskeméti járás;279,7199567;TYWG005;2024
Kemecsei járás;294,2174145;TYWG005;2024
Keszthelyi járás;324,2372701;TYWG005;2024
Kisbéri járás;309,1073365;TYWG005;2024
Kiskőrösi járás;304,0166045;TYWG005;2024
Kiskunfélegyházi járás;261,8037424;TYWG005;2024
Kiskunhalasi járás;281,2336749;TYWG005;2024
Kiskunmajsai járás;287,4306445;TYWG005;2024
Kisteleki járás;280,9205214;TYWG005;2024
Kisvárdai járás;311,8774876;TYWG005;2024
Komáromi járás;291,3849193;TYWG005;2024
Komlói járás;261,8870958;TYWG005;2024
Körmendi járás;297,4758065;TYWG005;2024
Kőszegi járás;314,3455778;TYWG005;2024
Kunhegyesi járás;269,1972921;TYWG005;2024
Kunszentmártoni járás;265,212747;TYWG005;2024
Kunszentmiklósi járás;276,2833151;TYWG005;2024
Lenti járás;301,9705434;TYWG005;2024
Letenyei járás;325,3961136;TYWG005;2024
Makói járás;277,5389702;TYWG005;2024
Marcali járás;310,3702793;TYWG005;2024
Martonvásári járás;324,3507109;TYWG005;2024
Mátészalkai járás;292,7928302;TYWG005;2024
Mezőcsáti járás;274,3214663;TYWG005;2024
Mezőkovácsházai járás;263,6663119;TYWG005;2024
Mezőkövesdi járás;308,1894576;TYWG005;2024
Mezőtúri járás;260,392;TYWG005;2024
Miskolci járás;279,1423664;TYWG005;2024
Mohácsi járás;325,6500884;TYWG005;2024
Monori járás;318,6261935;TYWG005;2024
Mórahalmi járás;301,9557089;TYWG005;2024
Móri járás;304,6653865;TYWG005;2024
Mosonmagyaróvári járás;315,7323036;TYWG005;2024
Nagyatádi járás;302,1036527;TYWG005;2024
Nagykállói járás;278,0012135;TYWG005;2024
Nagykanizsai járás;291,2132618;TYWG005;2024
Nagykátai járás;300,3910036;TYWG005;2024
Nagykőrösi járás;274,3198091;TYWG005;2024
Nyíradonyi járás;274,1459907;TYWG005;2024
Nyírbátori járás;275,4603509;TYWG005;2024
Nyíregyházai járás;296,6395701;TYWG005;2024
Orosházi járás;269,1867078;TYWG005;2024
Oroszlányi járás;274,7026737;TYWG005;2024
Ózdi járás;263,9466421;TYWG005;2024
Paksi járás;319,8785202;TYWG005;2024
Pannonhalmi járás;322,2482436;TYWG005;2024
Pápai járás;296,0571251;TYWG005;2024
Pásztói járás;300,2541019;TYWG005;2024
Pécsi járás;286,522825;TYWG005;2024
Pécsváradi járás;342,4401047;TYWG005;2024
Pétervásárai járás;300,7955997;TYWG005;2024
Pilisvörösvári járás;373,8363346;TYWG005;2024
Putnoki járás;279,0427258;TYWG005;2024
Püspökladányi járás;277,8394908;TYWG005;2024
Ráckevei járás;309,2373792;TYWG005;2024
Rétsági járás;316,5947682;TYWG005;2024
Salgótarjáni járás;265,2421459;TYWG005;2024
Sárbogárdi járás;292,4257206;TYWG005;2024
Sarkadi járás;271,5228526;TYWG005;2024
Sárospataki járás;299,8447054;TYWG005;2024
Sárvári járás;298,4118139;TYWG005;2024
Sátoraljaújhelyi járás;272,7961224;TYWG005;2024
Sellyei járás;305,9561129;TYWG005;2024
Siklósi járás;316,9450915;TYWG005;2024
Siófoki járás;324,1409294;TYWG005;2024
Soproni járás;305,3753317;TYWG005;2024
Sümegi járás;291,0206618;TYWG005;2024
Szarvasi járás;275,891189;TYWG005;2024
Szécsényi járás;308,8992974;TYWG005;2024
Szegedi járás;285,3475905;TYWG005;2024
Szeghalmi járás;269,664462;TYWG005;2024
Székesfehérvári járás;293,5181748;TYWG005;2024
Szekszárdi járás;309,042125;TYWG005;2024
Szentendrei járás;355,0440363;TYWG005;2024
Szentesi járás;273,3733679;TYWG005;2024
Szentgotthárdi járás;306,1655808;TYWG005;2024
Szentlőrinci járás;314,9664666;TYWG005;2024
Szerencsi járás;304,1098534;TYWG005;2024
Szigetszentmiklósi járás;339,3424712;TYWG005;2024
Szigetvári járás;306,048615;TYWG005;2024
Szikszói járás;300,1123415;TYWG005;2024
Szobi járás;319,1515908;TYWG005;2024
Szolnoki járás;269,9200288;TYWG005;2024
Szombathelyi járás;298,8116278;TYWG005;2024
Tabi járás;292,8843921;TYWG005;2024
Tamási járás;297,0908663;TYWG005;2024
Tapolcai járás;304,6922457;TYWG005;2024
Tatabányai járás;263,4088353;TYWG005;2024
Tatai járás;307,9466487;TYWG005;2024
Téti járás;325,4142766;TYWG005;2024
Tiszafüredi járás;284,033337;TYWG005;2024
Tiszakécskei járás;294,4915625;TYWG005;2024
Tiszaújvárosi járás;283,5984021;TYWG005;2024
Tiszavasvári járás;284,9275362;TYWG005;2024
Tokaji járás;296,0483734;TYWG005;2024
Tolnai járás;335,2074605;TYWG005;2024
Törökszentmiklósi járás;272,0376341;TYWG005;2024
Váci járás;314,8741497;TYWG005;2024
Várpalotai járás;274,9243351;TYWG005;2024
Vásárosnaményi járás;292,1760035;TYWG005;2024
Vasvári járás;278,8269615;TYWG005;2024
Vecsési járás;341,6178377;TYWG005;2024
Veszprémi járás;304,7929805;TYWG005;2024
Záhonyi járás;303,9775184;TYWG005;2024
Zalaegerszegi járás;291,4314778;TYWG005;2024
Zalaszentgróti járás;298,759409;TYWG005;2024
Zirci járás;324,2121445;TYWG005;2024
Ajkai járás;78,00248741;TYWG006;2024
Aszódi járás;100,4610052;TYWG006;2024
Bácsalmási járás;92,88084693;TYWG006;2024
Bajai járás;88,36988409;TYWG006;2024
Baktalórántházai járás;89,96237683;TYWG006;2024
Balassagyarmati járás;87,93694336;TYWG006;2024
Balatonalmádi járás;91,89562422;TYWG006;2024
Balatonfüredi járás;91,99501157;TYWG006;2024
Balmazújvárosi járás;81,3503826;TYWG006;2024
Barcsi járás;86,92083622;TYWG006;2024
Bátonyterenyei járás;76,22047782;TYWG006;2024
Békéscsabai járás;80,75392115;TYWG006;2024
Békési járás;85,43903984;TYWG006;2024
Bélapátfalvai járás;92,40599385;TYWG006;2024
Berettyóújfalui járás;82,40518672;TYWG006;2024
Bicskei járás;91,25452594;TYWG006;2024
Bólyi járás;99,12903226;TYWG006;2024
Bonyhádi járás;95,50875239;TYWG006;2024
Budakeszi járás;103,5967605;TYWG006;2024
Budapest, illetve fiktív területi egység;66,40681514;TYWG006;2024
Ceglédi járás;82,26680191;TYWG006;2024
Celldömölki járás;86,18026969;TYWG006;2024
Cigándi járás;89,86280033;TYWG006;2024
Csengeri járás;90,45324652;TYWG006;2024
Csongrádi járás;81,22635561;TYWG006;2024
Csornai járás;96,03586073;TYWG006;2024
Csurgói járás;92,62168709;TYWG006;2024
Dabasi járás;92,07440063;TYWG006;2024
Debreceni járás;71,97326714;TYWG006;2024
Derecskei járás;84,58184431;TYWG006;2024
Devecseri járás;87,53705398;TYWG006;2024
Dombóvári járás;83,3257812;TYWG006;2024
Dunakeszi járás;90,61873497;TYWG006;2024
Dunaújvárosi járás;73,20699799;TYWG006;2024
Edelényi járás;88,50947335;TYWG006;2024
Egri járás;82,40701102;TYWG006;2024
Encsi járás;90,84711242;TYWG006;2024
Enyingi járás;88,07937685;TYWG006;2024
Érdi járás;96,35011895;TYWG006;2024
Esztergomi járás;83,80825367;TYWG006;2024
Fehérgyarmati járás;90,16596922;TYWG006;2024
Fonyódi járás;89,85906446;TYWG006;2024
Füzesabonyi járás;90,15941011;TYWG006;2024
Gárdonyi járás;89,41482706;TYWG006;2024
Gödöllői járás;98,20524205;TYWG006;2024
Gönci járás;90,36208067;TYWG006;2024
Gyáli járás;94,15261404;TYWG006;2024
Gyomaendrődi járás;81,82730815;TYWG006;2024
Gyöngyösi járás;83,58334098;TYWG006;2024
Győri járás;80,88640432;TYWG006;2024
Gyulai járás;84,28361445;TYWG006;2024
Hajdúböszörményi járás;79,81653489;TYWG006;2024
Hajdúhadházi járás;84,25431615;TYWG006;2024
Hajdúnánási járás;83,73191042;TYWG006;2024
Hajdúszoboszlói járás;81,28245488;TYWG006;2024
Hatvani járás;85,04794371;TYWG006;2024
Hegyháti járás;91,51814477;TYWG006;2024
Hevesi járás;84,86776325;TYWG006;2024
Hódmezővásárhelyi járás;80,48733152;TYWG006;2024
Ibrányi járás;88,89955383;TYWG006;2024
Jánoshalmai járás;87,62070159;TYWG006;2024
Jászapáti járás;83,14410756;TYWG006;2024
Jászberényi járás;80,63542544;TYWG006;2024
Kalocsai járás;90,34041303;TYWG006;2024
Kaposvári járás;82,1058946;TYWG006;2024
Kapuvári járás;99,1916901;TYWG006;2024
Karcagi járás;80,4074289;TYWG006;2024
Kazincbarcikai járás;73,01268607;TYWG006;2024
Kecskeméti járás;76,60528677;TYWG006;2024
Kemecsei járás;90,07598825;TYWG006;2024
Keszthelyi járás;89,55313419;TYWG006;2024
Kisbéri járás;92,8661607;TYWG006;2024
Kiskőrösi járás;88,98051274;TYWG006;2024
Kiskunfélegyházi járás;73,15459095;TYWG006;2024
Kiskunhalasi járás;80,29862367;TYWG006;2024
Kiskunmajsai járás;84,95689287;TYWG006;2024
Kisteleki járás;84,05144769;TYWG006;2024
Kisvárdai járás;93,37569168;TYWG006;2024
Komáromi járás;83,18781225;TYWG006;2024
Komlói járás;71,1354727;TYWG006;2024
Körmendi járás;85,87362903;TYWG006;2024
Kőszegi járás;89,97797789;TYWG006;2024
Kunhegyesi járás;79,9551499;TYWG006;2024
Kunszentmártoni járás;79,54299448;TYWG006;2024
Kunszentmiklósi járás;84,16129974;TYWG006;2024
Lenti járás;88,27110208;TYWG006;2024
Letenyei járás;95,30792227;TYWG006;2024
Makói járás;86,95885687;TYWG006;2024
Marcali járás;87,50196826;TYWG006;2024
Martonvásári járás;93,08995261;TYWG006;2024
Mátészalkai járás;90,22173354;TYWG006;2024
Mezőcsáti járás;84,42985548;TYWG006;2024
Mezőkovácsházai járás;81,7036136;TYWG006;2024
Mezőkövesdi járás;87,75120957;TYWG006;2024
Mezőtúri járás;78,90616;TYWG006;2024
Miskolci járás;75,61235661;TYWG006;2024
Mohácsi járás;87,47614239;TYWG006;2024
Monori járás;85,88841385;TYWG006;2024
Mórahalmi járás;88,78221168;TYWG006;2024
Móri járás;87,63807695;TYWG006;2024
Mosonmagyaróvári járás;88,32156351;TYWG006;2024
Nagyatádi járás;84,91480207;TYWG006;2024
Nagykállói járás;86,48357459;TYWG006;2024
Nagykanizsai járás;80,03606022;TYWG006;2024
Nagykátai járás;86,28148916;TYWG006;2024
Nagykőrösi járás;77,79801114;TYWG006;2024
Nyíradonyi járás;84,57829917;TYWG006;2024
Nyírbátori járás;86,40647281;TYWG006;2024
Nyíregyházai járás;80,80513916;TYWG006;2024
Orosházi járás;83,37000325;TYWG006;2024
Oroszlányi járás;74,94929804;TYWG006;2024
Ózdi járás;76,2126035;TYWG006;2024
Paksi járás;90,54307013;TYWG006;2024
Pannonhalmi járás;97,10148322;TYWG006;2024
Pápai járás;86,96887613;TYWG006;2024
Pásztói járás;89,21199361;TYWG006;2024
Pécsi járás;73,60897034;TYWG006;2024
Pécsváradi járás;98,06241192;TYWG006;2024
Pétervásárai járás;88,51979177;TYWG006;2024
Pilisvörösvári járás;106,8210622;TYWG006;2024
Putnoki járás;85,71687399;TYWG006;2024
Püspökladányi járás;84,20275836;TYWG006;2024
Ráckevei járás;85,61988304;TYWG006;2024
Rétsági járás;91,7608995;TYWG006;2024
Salgótarjáni járás;73,40556478;TYWG006;2024
Sárbogárdi járás;86,29658537;TYWG006;2024
Sarkadi járás;85,15947597;TYWG006;2024
Sárospataki járás;91,55226633;TYWG006;2024
Sárvári járás;87,74159933;TYWG006;2024
Sátoraljaújhelyi járás;83,52983944;TYWG006;2024
Sellyei járás;90,70916057;TYWG006;2024
Siklósi járás;88,49104825;TYWG006;2024
Siófoki járás;84,88850601;TYWG006;2024
Soproni járás;84,58379697;TYWG006;2024
Sümegi járás;87,77473979;TYWG006;2024
Szarvasi járás;84,5155818;TYWG006;2024
Szécsényi járás;89,95511319;TYWG006;2024
Szegedi járás;74,97462704;TYWG006;2024
Szeghalmi járás;83,18559445;TYWG006;2024
Székesfehérvári járás;78,9084692;TYWG006;2024
Szekszárdi járás;81,68503967;TYWG006;2024
Szentendrei járás;95,93043092;TYWG006;2024
Szentesi járás;82,11481461;TYWG006;2024
Szentgotthárdi járás;91,36596218;TYWG006;2024
Szentlőrinci járás;87,47017296;TYWG006;2024
Szerencsi járás;93,62020839;TYWG006;2024
Szigetszentmiklósi járás;88,20439015;TYWG006;2024
Szigetvári járás;85,28697946;TYWG006;2024
Szikszói járás;90,22821377;TYWG006;2024
Szobi járás;90,08911862;TYWG006;2024
Szolnoki járás;71,95929553;TYWG006;2024
Szombathelyi járás;82,05580271;TYWG006;2024
Tabi járás;82,82949079;TYWG006;2024
Tamási járás;85,08379954;TYWG006;2024
Tapolcai járás;84,44498853;TYWG006;2024
Tatabányai járás;69,21208713;TYWG006;2024
Tatai járás;86,84364492;TYWG006;2024
Téti járás;98,21733588;TYWG006;2024
Tiszafüredi járás;81,58504222;TYWG006;2024
Tiszakécskei járás;82,9025094;TYWG006;2024
Tiszaújvárosi járás;76,1874576;TYWG006;2024
Tiszavasvári járás;84,0113943;TYWG006;2024
Tokaji járás;88,79475387;TYWG006;2024
Tolnai járás;95,45979186;TYWG006;2024
Törökszentmiklósi járás;79,92723205;TYWG006;2024
Váci járás;86,26054422;TYWG006;2024
Várpalotai járás;73,89130015;TYWG006;2024
Vásárosnaményi járás;89,61688643;TYWG006;2024
Vasvári járás;85,79748196;TYWG006;2024
Vecsési járás;93,57583614;TYWG006;2024
Veszprémi járás;79,31757609;TYWG006;2024
Záhonyi járás;89,7148004;TYWG006;2024
Zalaegerszegi járás;81,38050818;TYWG006;2024
Zalaszentgróti járás;87,61290772;TYWG006;2024
Zirci járás;94,37317448;TYWG006;2024
Ajkai járás;8,2973053;TYWG008;2024
Aszódi járás;4,04159445;TYWG008;2024
Bácsalmási járás;3,14356703;TYWG008;2024
Bajai járás;6,67932683;TYWG008;2024
Baktalórántházai járás;8,21140639;TYWG008;2024
Balassagyarmati járás;5,43878399;TYWG008;2024
Balatonalmádi járás;5,99121706;TYWG008;2024
Balatonfüredi járás;10,11422788;TYWG008;2024
Balmazújvárosi járás;6,59685864;TYWG008;2024
Barcsi járás;6,72743486;TYWG008;2024
Bátonyterenyei járás;10,21940517;TYWG008;2024
Békéscsabai járás;8,19084182;TYWG008;2024
Békési járás;8,44892013;TYWG008;2024
Bélapátfalvai járás;7,68442623;TYWG008;2024
Berettyóújfalui járás;9,24273859;TYWG008;2024
Bicskei járás;6,94812165;TYWG008;2024
Bólyi járás;4,39882698;TYWG008;2024
Bonyhádi járás;3,52482495;TYWG008;2024
Budakeszi járás;5,0620769;TYWG008;2024
Budapest, illetve fiktív területi egység;16,75283673;TYWG008;2024
Ceglédi járás;8,42176446;TYWG008;2024
Celldömölki járás;7,29240596;TYWG008;2024
Cigándi járás;5,21955261;TYWG008;2024
Csengeri járás;9,13365889;TYWG008;2024
Csongrádi járás;8,80021618;TYWG008;2024
Csornai járás;4,46174161;TYWG008;2024
Csurgói járás;7,52351097;TYWG008;2024
Dabasi járás;4,99801862;TYWG008;2024
Debreceni járás;10,12009456;TYWG008;2024
Derecskei járás;6,90366113;TYWG008;2024
Devecseri járás;9,80481854;TYWG008;2024
Dombóvári járás;7,16413774;TYWG008;2024
Dunakeszi járás;4,6922315;TYWG008;2024
Dunaújvárosi járás;9,18635798;TYWG008;2024
Edelényi járás;5,66795119;TYWG008;2024
Egri járás;6,12907222;TYWG008;2024
Encsi járás;3,34985931;TYWG008;2024
Enyingi járás;5,58852621;TYWG008;2024
Érdi járás;5,00569738;TYWG008;2024
Esztergomi járás;8,34361188;TYWG008;2024
Fehérgyarmati járás;6,58072354;TYWG008;2024
Fonyódi járás;5,91303393;TYWG008;2024
Füzesabonyi járás;4,07303371;TYWG008;2024
Gárdonyi járás;5,08794711;TYWG008;2024
Gödöllői járás;4,90204169;TYWG008;2024
Gönci járás;6,07089502;TYWG008;2024
Gyáli járás;5,11916966;TYWG008;2024
Gyomaendrődi járás;9,22352088;TYWG008;2024
Gyöngyösi járás;6,75473198;TYWG008;2024
Győri járás;7,49818269;TYWG008;2024
Gyulai járás;6,78369376;TYWG008;2024
Hajdúböszörményi járás;9,929652;TYWG008;2024
Hajdúhadházi járás;8,30170197;TYWG008;2024
Hajdúnánási járás;7,57539009;TYWG008;2024
Hajdúszoboszlói járás;7,92145201;TYWG008;2024
Hatvani járás;6,53380534;TYWG008;2024
Hegyháti járás;5,27847856;TYWG008;2024
Hevesi járás;5,55954604;TYWG008;2024
Hódmezővásárhelyi járás;8,47069054;TYWG008;2024
Ibrányi járás;6,79556115;TYWG008;2024
Jánoshalmai járás;6,81975537;TYWG008;2024
Jászapáti járás;7,64652335;TYWG008;2024
Jászberényi járás;8,22240944;TYWG008;2024
Kalocsai járás;5,38952317;TYWG008;2024
Kaposvári járás;7,41046183;TYWG008;2024
Kapuvári járás;4,38174726;TYWG008;2024
Karcagi járás;7,06326175;TYWG008;2024
Kazincbarcikai járás;10,38718193;TYWG008;2024
Kecskeméti járás;12,14004804;TYWG008;2024
Kemecsei járás;6,00961538;TYWG008;2024
Keszthelyi járás;7,56883172;TYWG008;2024
Kisbéri járás;6,39681966;TYWG008;2024
Kiskőrösi járás;6,62643656;TYWG008;2024
Kiskunfélegyházi járás;13,74564839;TYWG008;2024
Kiskunhalasi járás;9,60920233;TYWG008;2024
Kiskunmajsai járás;7,52240717;TYWG008;2024
Kisteleki járás;7,17499135;TYWG008;2024
Kisvárdai járás;5,06746918;TYWG008;2024
Komáromi járás;8,50470547;TYWG008;2024
Komlói járás;11,05546281;TYWG008;2024
Körmendi járás;7,99193548;TYWG008;2024
Kőszegi járás;7,37339515;TYWG008;2024
Kunhegyesi járás;7,55560928;TYWG008;2024
Kunszentmártoni járás;10,27832176;TYWG008;2024
Kunszentmiklósi járás;9,1128149;TYWG008;2024
Lenti járás;6,79532758;TYWG008;2024
Letenyei járás;5,06726457;TYWG008;2024
Makói járás;6,46669816;TYWG008;2024
Marcali járás;5,96629352;TYWG008;2024
Martonvásári járás;6,02843602;TYWG008;2024
Mátészalkai járás;6,63872868;TYWG008;2024
Mezőcsáti járás;7,34931265;TYWG008;2024
Mezőkovácsházai járás;8,12933962;TYWG008;2024
Mezőkövesdi járás;5,28138528;TYWG008;2024
Mezőtúri járás;9,8;TYWG008;2024
Miskolci járás;9,39466023;TYWG008;2024
Mohácsi járás;4,43701086;TYWG008;2024
Monori járás;6,75858629;TYWG008;2024
Mórahalmi járás;6,35605407;TYWG008;2024
Móri járás;5,80328568;TYWG008;2024
Mosonmagyaróvári járás;6,59517724;TYWG008;2024
Nagyatádi járás;6,87511953;TYWG008;2024
Nagykállói járás;9,12715611;TYWG008;2024
Nagykanizsai járás;8,3079648;TYWG008;2024
Nagykátai járás;6,92109748;TYWG008;2024
Nagykőrösi járás;10,12728719;TYWG008;2024
Nyíradonyi járás;11,17403812;TYWG008;2024
Nyírbátori járás;8,48161696;TYWG008;2024
Nyíregyházai járás;7,31055387;TYWG008;2024
Orosházi járás;7,87292818;TYWG008;2024
Oroszlányi járás;9,85424305;TYWG008;2024
Ózdi járás;10,52437902;TYWG008;2024
Paksi járás;4,24259157;TYWG008;2024
Pannonhalmi járás;4,79313037;TYWG008;2024
Pápai járás;7,94784229;TYWG008;2024
Pásztói járás;5,76448381;TYWG008;2024
Pécsi járás;8,46970544;TYWG008;2024
Pécsváradi járás;4,22790417;TYWG008;2024
Pétervásárai járás;6,25675277;TYWG008;2024
Pilisvörösvári járás;6,29587417;TYWG008;2024
Putnoki járás;8,05840995;TYWG008;2024
Püspökladányi járás;6,99575637;TYWG008;2024
Ráckevei járás;7,86490035;TYWG008;2024
Rétsági járás;4,65351078;TYWG008;2024
Salgótarjáni járás;12,21743993;TYWG008;2024
Sárbogárdi járás;5,75609756;TYWG008;2024
Sarkadi járás;9,13120567;TYWG008;2024
Sárospataki járás;7,0367854;TYWG008;2024
Sárvári járás;7,55084982;TYWG008;2024
Sátoraljaújhelyi járás;10,56245582;TYWG008;2024
Sellyei járás;7,47126437;TYWG008;2024
Siklósi járás;6,10981697;TYWG008;2024
Siófoki járás;6,58271875;TYWG008;2024
Soproni járás;8,50166909;TYWG008;2024
Sümegi járás;8,15597328;TYWG008;2024
Szarvasi járás;9,25192437;TYWG008;2024
Szécsényi járás;3,96825397;TYWG008;2024
Szegedi járás;8,68594758;TYWG008;2024
Szeghalmi járás;9,05791257;TYWG008;2024
Székesfehérvári járás;6,54178921;TYWG008;2024
Szekszárdi járás;8,05703553;TYWG008;2024
Szentendrei járás;5,98449699;TYWG008;2024
Szentesi járás;10,23635061;TYWG008;2024
Szentgotthárdi járás;6,9124424;TYWG008;2024
Szentlőrinci járás;5,43593364;TYWG008;2024
Szerencsi járás;5,00385902;TYWG008;2024
Szigetszentmiklósi járás;5,65554231;TYWG008;2024
Szigetvári járás;9,16713774;TYWG008;2024
Szikszói járás;4,34922163;TYWG008;2024
Szobi járás;7,15622494;TYWG008;2024
Szolnoki járás;9,23712822;TYWG008;2024
Szombathelyi járás;8,31860564;TYWG008;2024
Tabi járás;5,40719854;TYWG008;2024
Tamási járás;5,74171132;TYWG008;2024
Tapolcai járás;7,07246017;TYWG008;2024
Tatabányai járás;11,18468146;TYWG008;2024
Tatai járás;8,69760143;TYWG008;2024
Téti járás;4,39770554;TYWG008;2024
Tiszafüredi járás;6,06426143;TYWG008;2024
Tiszakécskei járás;7,27463496;TYWG008;2024
Tiszaújvárosi járás;6,94957413;TYWG008;2024
Tiszavasvári járás;6,07696152;TYWG008;2024
Tokaji járás;6,71095214;TYWG008;2024
Tolnai járás;3,24368158;TYWG008;2024
Törökszentmiklósi járás;7,96105007;TYWG008;2024
Váci járás;7,30612245;TYWG008;2024
Várpalotai járás;8,7900058;TYWG008;2024
Vásárosnaményi járás;7,04451082;TYWG008;2024
Vasvári járás;9,79579303;TYWG008;2024
Vecsési járás;4,30386311;TYWG008;2024
Veszprémi járás;9,06498492;TYWG008;2024
Záhonyi járás;6,16803574;TYWG008;2024
Zalaegerszegi járás;8,30664012;TYWG008;2024
Zalaszentgróti járás;6,56537497;TYWG008;2024
Zirci járás;5,12426339;TYWG008;2024
Ajkai járás;38,7326029;TYWG009;2024
Aszódi járás;20,06932409;TYWG009;2024
Bácsalmási járás;25,04050988;TYWG009;2024
Bajai járás;24,82483138;TYWG009;2024
Baktalórántházai járás;29,36697522;TYWG009;2024
Balassagyarmati járás;27,85298658;TYWG009;2024
Balatonalmádi járás;21,55740276;TYWG009;2024
Balatonfüredi járás;20,22122614;TYWG009;2024
Balmazújvárosi járás;32,8956907;TYWG009;2024
Barcsi járás;28,06895868;TYWG009;2024
Bátonyterenyei járás;40,2145295;TYWG009;2024
Békéscsabai járás;37,30709974;TYWG009;2024
Békési járás;34,65703971;TYWG009;2024
Bélapátfalvai járás;30,71209016;TYWG009;2024
Berettyóújfalui járás;37,8060166;TYWG009;2024
Bicskei járás;24,25760286;TYWG009;2024
Bólyi járás;17,63720151;TYWG009;2024
Bonyhádi járás;13,99586251;TYWG009;2024
Budakeszi járás;17,28012717;TYWG009;2024
Budapest, illetve fiktív területi egység;36,18670249;TYWG009;2024
Ceglédi járás;30,80784436;TYWG009;2024
Celldömölki járás;33,38360539;TYWG009;2024
Cigándi járás;33,09030655;TYWG009;2024
Csengeri járás;33,27907397;TYWG009;2024
Csongrádi járás;37,76796974;TYWG009;2024
Csornai járás;25,23455417;TYWG009;2024
Csurgói járás;25,7908236;TYWG009;2024
Dabasi járás;23,69724589;TYWG009;2024
Debreceni járás;34,06241135;TYWG009;2024
Derecskei járás;31,00087467;TYWG009;2024
Devecseri járás;34,11100945;TYWG009;2024
Dombóvári járás;29,98683572;TYWG009;2024
Dunakeszi járás;20,69336352;TYWG009;2024
Dunaújvárosi járás;44,52071176;TYWG009;2024
Edelényi járás;30,04977521;TYWG009;2024
Egri járás;32,25566704;TYWG009;2024
Encsi járás;29,18397427;TYWG009;2024
Enyingi járás;30,19287834;TYWG009;2024
Érdi járás;21,69002259;TYWG009;2024
Esztergomi járás;33,20485147;TYWG009;2024
Fehérgyarmati járás;33,48407127;TYWG009;2024
Fonyódi járás;21,73602723;TYWG009;2024
Füzesabonyi járás;26,88826467;TYWG009;2024
Gárdonyi járás;20,81218274;TYWG009;2024
Gödöllői járás;19,54379652;TYWG009;2024
Gönci járás;35,25736792;TYWG009;2024
Gyáli járás;20,62403895;TYWG009;2024
Gyomaendrődi járás;36,9937483;TYWG009;2024
Gyöngyösi járás;33,03366664;TYWG009;2024
Győri járás;31,61041131;TYWG009;2024
Gyulai járás;33,63295088;TYWG009;2024
Hajdúböszörményi járás;34,13434601;TYWG009;2024
Hajdúhadházi járás;28,84780213;TYWG009;2024
Hajdúnánási járás;34,89368583;TYWG009;2024
Hajdúszoboszlói járás;33,05988515;TYWG009;2024
Hatvani járás;31,0738167;TYWG009;2024
Hegyháti járás;24,45177566;TYWG009;2024
Hevesi járás;33,48656802;TYWG009;2024
Hódmezővásárhelyi járás;36,60618997;TYWG009;2024
Ibrányi járás;28,80677268;TYWG009;2024
Jánoshalmai járás;30,45234249;TYWG009;2024
Jászapáti járás;35,71178489;TYWG009;2024
Jászberényi járás;32,24515586;TYWG009;2024
Kalocsai járás;25,96961048;TYWG009;2024
Kaposvári járás;32,08647502;TYWG009;2024
Kapuvári járás;22,73428286;TYWG009;2024
Karcagi járás;39,39640163;TYWG009;2024
Kazincbarcikai járás;45,1272274;TYWG009;2024
Kecskeméti járás;34,55802782;TYWG009;2024
Kemecsei járás;28,27190171;TYWG009;2024
Keszthelyi járás;25,88852273;TYWG009;2024
Kisbéri járás;26,55101795;TYWG009;2024
Kiskőrösi járás;27,97401699;TYWG009;2024
Kiskunfélegyházi járás;38,64773716;TYWG009;2024
Kiskunhalasi járás;34,2676311;TYWG009;2024
Kiskunmajsai járás;32,74647887;TYWG009;2024
Kisteleki járás;36,39404776;TYWG009;2024
Kisvárdai járás;26,17221629;TYWG009;2024
Komáromi járás;33,57732079;TYWG009;2024
Komlói járás;42,42255611;TYWG009;2024
Körmendi járás;31,75806452;TYWG009;2024
Kőszegi járás;28,06704708;TYWG009;2024
Kunhegyesi járás;40,90909091;TYWG009;2024
Kunszentmártoni járás;38,47842858;TYWG009;2024
Kunszentmiklósi járás;35,96933187;TYWG009;2024
Lenti járás;28,68461148;TYWG009;2024
Letenyei járás;25,23168909;TYWG009;2024
Makói járás;37,46339159;TYWG009;2024
Marcali járás;28,10308771;TYWG009;2024
Martonvásári járás;25,21327014;TYWG009;2024
Mátészalkai járás;32,06505954;TYWG009;2024
Mezőcsáti járás;36,99330278;TYWG009;2024
Mezőkovácsházai járás;41,17378744;TYWG009;2024
Mezőkövesdi járás;27,7820219;TYWG009;2024
Mezőtúri járás;42,856;TYWG009;2024
Miskolci járás;37,27647615;TYWG009;2024
Mohácsi járás;23,87023479;TYWG009;2024
Monori járás;24,35157475;TYWG009;2024
Mórahalmi járás;29,68075928;TYWG009;2024
Móri járás;32,08875613;TYWG009;2024
Mosonmagyaróvári járás;25,54172686;TYWG009;2024
Nagyatádi járás;27,17536814;TYWG009;2024
Nagykállói járás;32,7468146;TYWG009;2024
Nagykanizsai járás;33,68295788;TYWG009;2024
Nagykátai járás;28,54994486;TYWG009;2024
Nagykőrösi járás;35,88703262;TYWG009;2024
Nyíradonyi járás;33,80079108;TYWG009;2024
Nyírbátori járás;35,95387191;TYWG009;2024
Nyíregyházai járás;31,3116561;TYWG009;2024
Orosházi járás;40,8758531;TYWG009;2024
Oroszlányi járás;40,88348386;TYWG009;2024
Ózdi járás;41,31094756;TYWG009;2024
Paksi járás;24,66408982;TYWG009;2024
Pannonhalmi járás;24,59016393;TYWG009;2024
Pápai járás;30,61937287;TYWG009;2024
Pásztói járás;29,63554523;TYWG009;2024
Pécsi járás;38,3867988;TYWG009;2024
Pécsváradi járás;19,2470304;TYWG009;2024
Pétervásárai járás;30,42923092;TYWG009;2024
Pilisvörösvári járás;16,24344655;TYWG009;2024
Putnoki járás;37,87182261;TYWG009;2024
Püspökladányi járás;38,96030954;TYWG009;2024
Ráckevei járás;26,1009667;TYWG009;2024
Rétsági járás;25,06654429;TYWG009;2024
Salgótarjáni járás;38,42139153;TYWG009;2024
Sárbogárdi járás;32,47006652;TYWG009;2024
Sarkadi járás;37,93341214;TYWG009;2024
Sárospataki járás;30,6318548;TYWG009;2024
Sárvári járás;29,99721371;TYWG009;2024
Sátoraljaújhelyi járás;37,13016258;TYWG009;2024
Sellyei járás;26,12330199;TYWG009;2024
Siklósi járás;26,53577371;TYWG009;2024
Siófoki járás;26,43393127;TYWG009;2024
Soproni járás;29,71197466;TYWG009;2024
Sümegi járás;32,00248563;TYWG009;2024
Szarvasi járás;36,53688065;TYWG009;2024
Szécsényi járás;29,93754879;TYWG009;2024
Szegedi járás;35,64424434;TYWG009;2024
Szeghalmi járás;39,30472657;TYWG009;2024
Székesfehérvári járás;37,65740556;TYWG009;2024
Szekszárdi járás;26,52075587;TYWG009;2024
Szentendrei járás;19,9344317;TYWG009;2024
Szentesi járás;37,03377224;TYWG009;2024
Szentgotthárdi járás;30,16049579;TYWG009;2024
Szentlőrinci járás;23,66749029;TYWG009;2024
Szerencsi járás;28,87188063;TYWG009;2024
Szigetszentmiklósi járás;20,41914978;TYWG009;2024
Szigetvári járás;25,23082721;TYWG009;2024
Szikszói járás;30,66923447;TYWG009;2024
Szobi járás;25,69289725;TYWG009;2024
Szolnoki járás;40,8644083;TYWG009;2024
Szombathelyi járás;33,43490361;TYWG009;2024
Tabi járás;33,60424614;TYWG009;2024
Tamási járás;29,6390083;TYWG009;2024
Tapolcai járás;32,46141449;TYWG009;2024
Tatabányai járás;45,26025156;TYWG009;2024
Tatai járás;29,33759247;TYWG009;2024
Téti járás;21,09623964;TYWG009;2024
Tiszafüredi járás;37,44928172;TYWG009;2024
Tiszakécskei járás;30,08656116;TYWG009;2024
Tiszaújvárosi járás;37,90608276;TYWG009;2024
Tiszavasvári járás;34,36281859;TYWG009;2024
Tokaji járás;31,08499404;TYWG009;2024
Tolnai járás;19,17826733;TYWG009;2024
Törökszentmiklósi járás;36,73925916;TYWG009;2024
Váci járás;28,39115646;TYWG009;2024
Várpalotai járás;40,17000451;TYWG009;2024
Vásárosnaményi járás;29,21250091;TYWG009;2024
Vasvári járás;35,86672808;TYWG009;2024
Vecsési járás;20,5237231;TYWG009;2024
Veszprémi járás;31,20921305;TYWG009;2024
Záhonyi járás;28,0732094;TYWG009;2024
Zalaegerszegi járás;33,64427322;TYWG009;2024
Zalaszentgróti járás;31,0844717;TYWG009;2024
Zirci járás;25,7238022;TYWG009;2024
Ajkai járás;52,9700918;TYWG010;2024
Aszódi járás;75,88908146;TYWG010;2024
Bácsalmási járás;71,81592309;TYWG010;2024
Bajai járás;68,49584179;TYWG010;2024
Baktalórántházai járás;62,42161839;TYWG010;2024
Balassagyarmati járás;66,70822943;TYWG010;2024
Balatonalmádi járás;72,45138018;TYWG010;2024
Balatonfüredi járás;69,66454598;TYWG010;2024
Balmazújvárosi járás;60,50745066;TYWG010;2024
Barcsi járás;65,20360646;TYWG010;2024
Bátonyterenyei járás;49,56606533;TYWG010;2024
Békéscsabai járás;54,50205844;TYWG010;2024
Békési járás;56,89404015;TYWG010;2024
Bélapátfalvai járás;61,60348361;TYWG010;2024
Berettyóújfalui járás;52,95124481;TYWG010;2024
Bicskei járás;68,79427549;TYWG010;2024
Bólyi járás;77,96397151;TYWG010;2024
Bonyhádi járás;82,47931254;TYWG010;2024
Budakeszi járás;77,65779593;TYWG010;2024
Budapest, illetve fiktív területi egység;47,06046078;TYWG010;2024
Ceglédi járás;60,77039118;TYWG010;2024
Celldömölki járás;59,32398864;TYWG010;2024
Cigándi járás;61,69014085;TYWG010;2024
Csengeri járás;57,58726714;TYWG010;2024
Csongrádi járás;53,43181409;TYWG010;2024
Csornai járás;70,30370422;TYWG010;2024
Csurgói járás;66,68566543;TYWG010;2024
Dabasi járás;71,30473549;TYWG010;2024
Debreceni járás;55,81749409;TYWG010;2024
Derecskei járás;62,0954642;TYWG010;2024
Devecseri járás;56,084172;TYWG010;2024
Dombóvári járás;62,84902654;TYWG010;2024
Dunakeszi járás;74,61440498;TYWG010;2024
Dunaújvárosi járás;46,29293026;TYWG010;2024
Edelényi járás;64,2822736;TYWG010;2024
Egri járás;61,61526075;TYWG010;2024
Encsi járás;67,46616642;TYWG010;2024
Enyingi járás;64,21859545;TYWG010;2024
Érdi járás;73,30428003;TYWG010;2024
Esztergomi járás;58,45153664;TYWG010;2024
Fehérgyarmati járás;59,93520518;TYWG010;2024
Fonyódi járás;72,35093884;TYWG010;2024
Füzesabonyi járás;69,03870162;TYWG010;2024
Gárdonyi járás;74,09987015;TYWG010;2024
Gödöllői járás;75,55416178;TYWG010;2024
Gönci járás;58,67173706;TYWG010;2024
Gyáli járás;74,25679139;TYWG010;2024
Gyomaendrődi járás;53,78273081;TYWG010;2024
Gyöngyösi járás;60,21160138;TYWG010;2024
Győri járás;60,891406;TYWG010;2024
Gyulai járás;59,58335536;TYWG010;2024
Hajdúböszörményi járás;55,93600199;TYWG010;2024
Hajdúhadházi járás;62,8504959;TYWG010;2024
Hajdúnánási járás;57,53092408;TYWG010;2024
Hajdúszoboszlói járás;59,01866284;TYWG010;2024
Hatvani járás;62,39237796;TYWG010;2024
Hegyháti járás;70,26974578;TYWG010;2024
Hevesi járás;60,95388594;TYWG010;2024
Hódmezővásárhelyi járás;54,92311949;TYWG010;2024
Ibrányi járás;64,39766617;TYWG010;2024
Jánoshalmai járás;62,72790215;TYWG010;2024
Jászapáti járás;56,64169176;TYWG010;2024
Jászberényi járás;59,53243471;TYWG010;2024
Kalocsai járás;68,64086635;TYWG010;2024
Kaposvári járás;60,50306315;TYWG010;2024
Kapuvári járás;72,88396988;TYWG010;2024
Karcagi járás;53,54033662;TYWG010;2024
Kazincbarcikai járás;44,48559067;TYWG010;2024
Kecskeméti járás;53,30192414;TYWG010;2024
Kemecsei járás;65,71848291;TYWG010;2024
Keszthelyi járás;66,54264555;TYWG010;2024
Kisbéri járás;67,05216239;TYWG010;2024
Kiskőrösi járás;65,39954645;TYWG010;2024
Kiskunfélegyházi járás;47,60661445;TYWG010;2024
Kiskunhalasi járás;56,12316657;TYWG010;2024
Kiskunmajsai járás;59,73111396;TYWG010;2024
Kisteleki járás;56,4309609;TYWG010;2024
Kisvárdai járás;68,76031453;TYWG010;2024
Komáromi járás;57,91797374;TYWG010;2024
Komlói járás;46,52198108;TYWG010;2024
Körmendi járás;60,25;TYWG010;2024
Kőszegi járás;64,55955777;TYWG010;2024
Kunhegyesi járás;51,53529981;TYWG010;2024
Kunszentmártoni járás;51,24324966;TYWG010;2024
Kunszentmiklósi járás;54,91785323;TYWG010;2024
Lenti járás;64,52006094;TYWG010;2024
Letenyei járás;69,70104634;TYWG010;2024
Makói járás;56,06991025;TYWG010;2024
Marcali járás;65,93061877;TYWG010;2024
Martonvásári járás;68,75829384;TYWG010;2024
Mátészalkai járás;61,29621178;TYWG010;2024
Mezőcsáti járás;55,65738456;TYWG010;2024
Mezőkovácsházai járás;50,69687294;TYWG010;2024
Mezőkövesdi járás;66,93659282;TYWG010;2024
Mezőtúri járás;47,344;TYWG010;2024
Miskolci járás;53,32886362;TYWG010;2024
Mohácsi járás;71,69275435;TYWG010;2024
Monori járás;68,88983896;TYWG010;2024
Mórahalmi járás;63,96318666;TYWG010;2024
Móri járás;62,10795818;TYWG010;2024
Mosonmagyaróvári járás;67,8630959;TYWG010;2024
Nagyatádi járás;65,94951234;TYWG010;2024
Nagykállói járás;58,1260293;TYWG010;2024
Nagykanizsai járás;58,00907732;TYWG010;2024
Nagykátai járás;64,52895766;TYWG010;2024
Nagykőrösi járás;53,98568019;TYWG010;2024
Nyíradonyi járás;55,0251708;TYWG010;2024
Nyírbátori járás;55,56451113;TYWG010;2024
Nyíregyházai járás;61,37779002;TYWG010;2024
Orosházi járás;51,25121872;TYWG010;2024
Oroszlányi járás;49,26227309;TYWG010;2024
Ózdi járás;48,16467341;TYWG010;2024
Paksi járás;71,09331861;TYWG010;2024
Pannonhalmi járás;70,6167057;TYWG010;2024
Pápai járás;61,43278485;TYWG010;2024
Pásztói járás;64,59997096;TYWG010;2024
Pécsi járás;53,14349576;TYWG010;2024
Pécsváradi járás;76,52506543;TYWG010;2024
Pétervásárai járás;63,3140163;TYWG010;2024
Pilisvörösvári járás;77,46067928;TYWG010;2024
Putnoki járás;54,06976744;TYWG010;2024
Püspökladányi járás;54,0439341;TYWG010;2024
Ráckevei járás;66,03413295;TYWG010;2024
Rétsági járás;70,27994493;TYWG010;2024
Salgótarjáni járás;49,36116854;TYWG010;2024
Sárbogárdi járás;61,77383592;TYWG010;2024
Sarkadi járás;52,93538219;TYWG010;2024
Sárospataki járás;62,3313598;TYWG010;2024
Sárvári járás;62,45193647;TYWG010;2024
Sátoraljaújhelyi járás;52,3073816;TYWG010;2024
Sellyei járás;66,40543365;TYWG010;2024
Siklósi járás;67,35440932;TYWG010;2024
Siófoki járás;66,98334997;TYWG010;2024
Soproni járás;61,78635624;TYWG010;2024
Sümegi járás;59,84154109;TYWG010;2024
Szarvasi járás;54,21119498;TYWG010;2024
Szécsényi járás;66,09419724;TYWG010;2024
Szegedi járás;55,66980808;TYWG010;2024
Szeghalmi járás;51,63736086;TYWG010;2024
Székesfehérvári járás;55,80080523;TYWG010;2024
Szekszárdi járás;65,42220859;TYWG010;2024
Szentendrei járás;74,08107132;TYWG010;2024
Szentesi járás;52,72987714;TYWG010;2024
Szentgotthárdi járás;62,92706181;TYWG010;2024
Szentlőrinci járás;70,89657607;TYWG010;2024
Szerencsi járás;66,12426036;TYWG010;2024
Szigetszentmiklósi járás;73,92530791;TYWG010;2024
Szigetvári járás;65,60203505;TYWG010;2024
Szikszói járás;64,98154389;TYWG010;2024
Szobi járás;67,15087782;TYWG010;2024
Szolnoki járás;49,89846347;TYWG010;2024
Szombathelyi járás;58,24649075;TYWG010;2024
Tabi járás;60,98855532;TYWG010;2024
Tamási járás;64,61928037;TYWG010;2024
Tapolcai járás;60,46612533;TYWG010;2024
Tatabányai járás;43,55506698;TYWG010;2024
Tatai járás;61,9648061;TYWG010;2024
Téti járás;74,50605481;TYWG010;2024
Tiszafüredi járás;56,48645685;TYWG010;2024
Tiszakécskei járás;62,63880388;TYWG010;2024
Tiszaújvárosi járás;55,14434311;TYWG010;2024
Tiszavasvári járás;59,56021989;TYWG010;2024
Tokaji járás;62,20405382;TYWG010;2024
Tolnai járás;77,57805109;TYWG010;2024
Törökszentmiklósi járás;55,29969077;TYWG010;2024
Váci járás;64,30272109;TYWG010;2024
Várpalotai járás;51,0399897;TYWG010;2024
Vásárosnaményi járás;63,74298827;TYWG010;2024
Vasvári járás;54,33747889;TYWG010;2024
Vecsési járás;75,17241379;TYWG010;2024
Veszprémi járás;59,72580203;TYWG010;2024
Záhonyi járás;65,75875486;TYWG010;2024
Zalaegerszegi járás;58,04908666;TYWG010;2024
Zalaszentgróti járás;62,35015333;TYWG010;2024
Zirci járás;69,15193441;TYWG010;2024
Ajkai járás;5,01134513;TYWG101;2024
Aszódi járás;5,59321357;TYWG101;2024
Bácsalmási járás;0,5872163;TYWG101;2024
Bajai járás;6,39558368;TYWG101;2024
Baktalórántházai járás;0;TYWG101;2024
Balassagyarmati járás;1,9476364;TYWG101;2024
Balatonalmádi járás;23,7151221;TYWG101;2024
Balatonfüredi járás;28,23917008;TYWG101;2024
Balmazújvárosi járás;3,85025989;TYWG101;2024
Barcsi járás;0;TYWG101;2024
Bátonyterenyei járás;0,53380308;TYWG101;2024
Békéscsabai járás;6,267585;TYWG101;2024
Békési járás;0,30840401;TYWG101;2024
Bélapátfalvai járás;0;TYWG101;2024
Berettyóújfalui járás;1,23339541;TYWG101;2024
Bicskei járás;14,43381955;TYWG101;2024
Bólyi járás;8,18963556;TYWG101;2024
Bonyhádi járás;1,08591389;TYWG101;2024
Budakeszi járás;22,603795;TYWG101;2024
Budapest, illetve fiktív területi egység;27,32964133;TYWG101;2024
Ceglédi járás;10,94482913;TYWG101;2024
Celldömölki járás;4,93041393;TYWG101;2024
Cigándi járás;2,78377062;TYWG101;2024
Csengeri járás;0;TYWG101;2024
Csongrádi járás;0,9710152;TYWG101;2024
Csornai járás;17,57000549;TYWG101;2024
Csurgói járás;0,68427535;TYWG101;2024
Dabasi járás;27,0299386;TYWG101;2024
Debreceni járás;11,01280817;TYWG101;2024
Derecskei járás;5,91103887;TYWG101;2024
Devecseri járás;1,43538953;TYWG101;2024
Dombóvári járás;1,75746924;TYWG101;2024
Dunakeszi járás;10,08746289;TYWG101;2024
Dunaújvárosi járás;5,14718077;TYWG101;2024
Edelényi járás;0,62831831;TYWG101;2024
Egri járás;9,59662996;TYWG101;2024
Encsi járás;1,40699747;TYWG101;2024
Enyingi járás;4,6550119;TYWG101;2024
Érdi járás;30,61119593;TYWG101;2024
Esztergomi járás;6,52145559;TYWG101;2024
Fehérgyarmati járás;0,57831047;TYWG101;2024
Fonyódi járás;22,83695933;TYWG101;2024
Füzesabonyi járás;3,21951743;TYWG101;2024
Gárdonyi járás;33,11128782;TYWG101;2024
Gödöllői járás;30,40668947;TYWG101;2024
Gönci járás;2,49875062;TYWG101;2024
Gyáli járás;16,7419673;TYWG101;2024
Gyomaendrődi járás;0,49113501;TYWG101;2024
Gyöngyösi járás;4,8277839;TYWG101;2024
Győri járás;26,48083968;TYWG101;2024
Gyulai járás;4,90951491;TYWG101;2024
Hajdúböszörményi járás;7,98020908;TYWG101;2024
Hajdúhadházi járás;17,42234309;TYWG101;2024
Hajdúnánási járás;3,23968251;TYWG101;2024
Hajdúszoboszlói járás;16,05515418;TYWG101;2024
Hatvani járás;5,02204679;TYWG101;2024
Hegyháti járás;0,91445293;TYWG101;2024
Hevesi járás;0,60585865;TYWG101;2024
Hódmezővásárhelyi járás;6,06641749;TYWG101;2024
Ibrányi járás;0,45759261;TYWG101;2024
Jánoshalmai járás;1,31298211;TYWG101;2024
Jászapáti járás;2,25901184;TYWG101;2024
Jászberényi járás;6,33422217;TYWG101;2024
Kalocsai járás;0;TYWG101;2024
Kaposvári járás;1,12573525;TYWG101;2024
Kapuvári járás;15,00375094;TYWG101;2024
Karcagi járás;0,79298997;TYWG101;2024
Kazincbarcikai járás;1,03803535;TYWG101;2024
Kecskeméti járás;31,25832405;TYWG101;2024
Kemecsei járás;0;TYWG101;2024
Keszthelyi járás;32,03294818;TYWG101;2024
Kisbéri járás;2,10360242;TYWG101;2024
Kiskőrösi járás;0;TYWG101;2024
Kiskunfélegyházi járás;9,36130377;TYWG101;2024
Kiskunhalasi járás;3,76728241;TYWG101;2024
Kiskunmajsai járás;3,32667997;TYWG101;2024
Kisteleki járás;1,74850648;TYWG101;2024
Kisvárdai járás;5,1377307;TYWG101;2024
Komáromi járás;2,77123459;TYWG101;2024
Komlói járás;1,59103927;TYWG101;2024
Körmendi járás;6,48403307;TYWG101;2024
Kőszegi járás;7,35920675;TYWG101;2024
Kunhegyesi járás;0,5248655;TYWG101;2024
Kunszentmártoni járás;0,31932558;TYWG101;2024
Kunszentmiklósi járás;0;TYWG101;2024
Lenti járás;0,56897386;TYWG101;2024
Letenyei járás;2,0984157;TYWG101;2024
Makói járás;1,22143372;TYWG101;2024
Marcali járás;6,82445637;TYWG101;2024
Martonvásári járás;15,99317624;TYWG101;2024
Mátészalkai járás;1,34854947;TYWG101;2024
Mezőcsáti járás;1,4952712;TYWG101;2024
Mezőkovácsházai járás;0;TYWG101;2024
Mezőkövesdi járás;2,33411569;TYWG101;2024
Mezőtúri járás;0;TYWG101;2024
Miskolci járás;2,11928413;TYWG101;2024
Mohácsi járás;2,48316106;TYWG101;2024
Monori járás;26,47048944;TYWG101;2024
Mórahalmi járás;15,86909758;TYWG101;2024
Móri járás;9,56751828;TYWG101;2024
Mosonmagyaróvári járás;47,91298504;TYWG101;2024
Nagyatádi járás;0,4451666;TYWG101;2024
Nagykállói járás;0,7135976;TYWG101;2024
Nagykanizsai járás;4,17795194;TYWG101;2024
Nagykátai járás;3,94896306;TYWG101;2024
Nagykőrösi járás;4,8405414;TYWG101;2024
Nyíradonyi járás;1,79198624;TYWG101;2024
Nyírbátori járás;0,50516532;TYWG101;2024
Nyíregyházai járás;23,52635261;TYWG101;2024
Orosházi járás;3,60632459;TYWG101;2024
Oroszlányi járás;2,36057834;TYWG101;2024
Ózdi járás;1,25;TYWG101;2024
Paksi járás;4,8245614;TYWG101;2024
Pannonhalmi járás;14,47815687;TYWG101;2024
Pápai járás;4,99847269;TYWG101;2024
Pásztói járás;4,17260684;TYWG101;2024
Pécsi járás;10,41501834;TYWG101;2024
Pécsváradi járás;2,76842154;TYWG101;2024
Pétervásárai járás;1,6037635;TYWG101;2024
Pilisvörösvári járás;26,11485347;TYWG101;2024
Putnoki járás;0;TYWG101;2024
Püspökladányi járás;6,22259935;TYWG101;2024
Ráckevei járás;12,46708308;TYWG101;2024
Rétsági járás;6,2024479;TYWG101;2024
Salgótarjáni járás;0,91449474;TYWG101;2024
Sárbogárdi járás;4,58750669;TYWG101;2024
Sarkadi járás;1,0178635;TYWG101;2024
Sárospataki járás;0,97023795;TYWG101;2024
Sárvári járás;28,00705562;TYWG101;2024
Sátoraljaújhelyi járás;0;TYWG101;2024
Sellyei járás;2,4233612;TYWG101;2024
Siklósi járás;1,19622591;TYWG101;2024
Siófoki járás;66,10233035;TYWG101;2024
Soproni járás;13,83813283;TYWG101;2024
Sümegi járás;1,41788664;TYWG101;2024
Szarvasi járás;1,63042371;TYWG101;2024
Szécsényi járás;0;TYWG101;2024
Szegedi járás;20,87366815;TYWG101;2024
Szeghalmi járás;2,35849057;TYWG101;2024
Székesfehérvári járás;26,17522079;TYWG101;2024
Szekszárdi járás;2,84314376;TYWG101;2024
Szentendrei járás;18,29992555;TYWG101;2024
Szentesi járás;1,40339059;TYWG101;2024
Szentgotthárdi járás;7,89237668;TYWG101;2024
Szentlőrinci járás;0;TYWG101;2024
Szerencsi járás;0,27421677;TYWG101;2024
Szigetszentmiklósi járás;19,77096692;TYWG101;2024
Szigetvári járás;0,88593577;TYWG101;2024
Szikszói járás;2,88733614;TYWG101;2024
Szobi járás;12,32236907;TYWG101;2024
Szolnoki járás;6,75769498;TYWG101;2024
Szombathelyi járás;1,63280857;TYWG101;2024
Tabi járás;2,61711594;TYWG101;2024
Tamási járás;0,59058025;TYWG101;2024
Tapolcai járás;8,0495356;TYWG101;2024
Tatabányai járás;13,70073346;TYWG101;2024
Tatai járás;8,05011195;TYWG101;2024
Téti járás;17,62977473;TYWG101;2024
Tiszafüredi járás;7,39413588;TYWG101;2024
Tiszakécskei járás;7,05262503;TYWG101;2024
Tiszaújvárosi járás;2,72735021;TYWG101;2024
Tiszavasvári járás;2,37981913;TYWG101;2024
Tokaji járás;0,88687863;TYWG101;2024
Tolnai járás;2,32794995;TYWG101;2024
Törökszentmiklósi járás;0;TYWG101;2024
Váci járás;15,53836918;TYWG101;2024
Várpalotai járás;5,6260373;TYWG101;2024
Vásárosnaményi járás;0;TYWG101;2024
Vasvári járás;5,47580866;TYWG101;2024
Vecsési járás;7,1290658;TYWG101;2024
Veszprémi járás;12,51836239;TYWG101;2024
Záhonyi járás;0,5825469;TYWG101;2024
Zalaegerszegi járás;5,8734379;TYWG101;2024
Zalaszentgróti járás;0,7120732;TYWG101;2024
Zirci járás;6,64065743;TYWG101;2024
Ajkai járás;40506;TYWJ001;2024
Aszódi járás;27003,06667;TYWJ001;2024
Bácsalmási járás;30197,55556;TYWJ001;2024
Bajai járás;26334,90323;TYWJ001;2024
Baktalórántházai járás;54492;TYWJ001;2024
Balassagyarmati járás;29721,33333;TYWJ001;2024
Balatonalmádi járás;30429,11111;TYWJ001;2024
Balatonfüredi járás;25487,45455;TYWJ001;2024
Balmazújvárosi járás;28741,5;TYWJ001;2024
Barcsi járás;33123,25;TYWJ001;2024
Bátonyterenyei járás;30209,55556;TYWJ001;2024
Békéscsabai járás;23446,5;TYWJ001;2024
Békési járás;43238,54545;TYWJ001;2024
Bélapátfalvai járás;26099,2;TYWJ001;2024
Berettyóújfalui járás;37765,05882;TYWJ001;2024
Bicskei járás;30717,57143;TYWJ001;2024
Bólyi járás;35039,33333;TYWJ001;2024
Bonyhádi járás;29090,85714;TYWJ001;2024
Budakeszi járás;24507,52941;TYWJ001;2024
Budapest, illetve fiktív területi egység;19360,03855;TYWJ001;2024
Ceglédi járás;31112,5625;TYWJ001;2024
Celldömölki járás;27036,76923;TYWJ001;2024
Cigándi járás;42526;TYWJ001;2024
Csengeri járás;47368,4;TYWJ001;2024
Csongrádi járás;33733,8;TYWJ001;2024
Csornai járás;41975,33333;TYWJ001;2024
Csurgói járás;36660,28571;TYWJ001;2024
Dabasi járás;31592,33333;TYWJ001;2024
Debreceni járás;21903,58;TYWJ001;2024
Derecskei járás;33072,44444;TYWJ001;2024
Devecseri járás;43911,2;TYWJ001;2024
Dombóvári járás;26868,57143;TYWJ001;2024
Dunakeszi járás;23571,58621;TYWJ001;2024
Dunaújvárosi járás;33399,2973;TYWJ001;2024
Edelényi járás;46779,09091;TYWJ001;2024
Egri járás;29371,52632;TYWJ001;2024
Encsi járás;43263,77778;TYWJ001;2024
Enyingi járás;33176,25;TYWJ001;2024
Érdi járás;24876,63636;TYWJ001;2024
Esztergomi járás;25715,70732;TYWJ001;2024
Fehérgyarmati járás;32415,22222;TYWJ001;2024
Fonyódi járás;25183,29412;TYWJ001;2024
Füzesabonyi járás;39807,09091;TYWJ001;2024
Gárdonyi járás;39838,18182;TYWJ001;2024
Gödöllői járás;28683,52941;TYWJ001;2024
Gönci járás;42393;TYWJ001;2024
Gyáli járás;37391;TYWJ001;2024
Gyomaendrődi járás;77664;TYWJ001;2024
Gyöngyösi járás;32138,24242;TYWJ001;2024
Győri járás;29369,15942;TYWJ001;2024
Gyulai járás;28580,625;TYWJ001;2024
Hajdúböszörményi járás;32632,35294;TYWJ001;2024
Hajdúhadházi járás;29931,5;TYWJ001;2024
Hajdúnánási járás;24836;TYWJ001;2024
Hajdúszoboszlói járás;27840,1;TYWJ001;2024
Hatvani járás;33217,3;TYWJ001;2024
Hegyháti járás;27342,33333;TYWJ001;2024
Hevesi járás;42822,15385;TYWJ001;2024
Hódmezővásárhelyi járás;25200,59259;TYWJ001;2024
Ibrányi járás;35986;TYWJ001;2024
Jánoshalmai járás;38572;TYWJ001;2024
Jászapáti járás;66214,75;TYWJ001;2024
Jászberényi járás;31516,85714;TYWJ001;2024
Kalocsai járás;30311,1;TYWJ001;2024
Kaposvári járás;23690,60714;TYWJ001;2024
Kapuvári járás;30566,8;TYWJ001;2024
Karcagi járás;34557;TYWJ001;2024
Kazincbarcikai járás;32331,14286;TYWJ001;2024
Kecskeméti járás;28793,11111;TYWJ001;2024
Kemecsei járás;40350,66667;TYWJ001;2024
Keszthelyi járás;22197,30769;TYWJ001;2024
Kisbéri járás;34770,88889;TYWJ001;2024
Kiskőrösi járás;28747,77778;TYWJ001;2024
Kiskunfélegyházi járás;21373,88235;TYWJ001;2024
Kiskunhalasi járás;28784,4;TYWJ001;2024
Kiskunmajsai járás;23777,16667;TYWJ001;2024
Kisteleki járás;26422,90909;TYWJ001;2024
Kisvárdai járás;41246,25;TYWJ001;2024
Komáromi járás;37345,85714;TYWJ001;2024
Komlói járás;31692,26667;TYWJ001;2024
Körmendi járás;31775,27273;TYWJ001;2024
Kőszegi járás;26007,6;TYWJ001;2024
Kunhegyesi járás;45914,5;TYWJ001;2024
Kunszentmártoni járás;48061,6;TYWJ001;2024
Kunszentmiklósi járás;32385,66667;TYWJ001;2024
Lenti járás;40901;TYWJ001;2024
Letenyei járás;34954,66667;TYWJ001;2024
Makói járás;31008;TYWJ001;2024
Marcali járás;32402,92308;TYWJ001;2024
Martonvásári járás;30089,27273;TYWJ001;2024
Mátészalkai járás;38989,78571;TYWJ001;2024
Mezőcsáti járás;59477,5;TYWJ001;2024
Mezőkovácsházai járás;33290,125;TYWJ001;2024
Mezőkövesdi járás;31677,11111;TYWJ001;2024
Mezőtúri járás;31791,45455;TYWJ001;2024
Miskolci járás;25878,77419;TYWJ001;2024
Mohácsi járás;31697,14286;TYWJ001;2024
Monori járás;32004,17391;TYWJ001;2024
Mórahalmi járás;25003,05882;TYWJ001;2024
Móri járás;27995,46667;TYWJ001;2024
Mosonmagyaróvári járás;31651,22581;TYWJ001;2024
Nagyatádi járás;40037,33333;TYWJ001;2024
Nagykállói járás;31003,33333;TYWJ001;2024
Nagykanizsai járás;36525,44828;TYWJ001;2024
Nagykátai járás;35988,15385;TYWJ001;2024
Nagykőrösi járás;34685,8;TYWJ001;2024
Nyíradonyi járás;31734,71429;TYWJ001;2024
Nyírbátori járás;37301,3;TYWJ001;2024
Nyíregyházai járás;32251,82857;TYWJ001;2024
Orosházi járás;28273,2381;TYWJ001;2024
Oroszlányi járás;35754,8;TYWJ001;2024
Ózdi járás;38410,70588;TYWJ001;2024
Paksi járás;32498,4;TYWJ001;2024
Pannonhalmi járás;50094;TYWJ001;2024
Pápai járás;30173,42857;TYWJ001;2024
Pásztói járás;30520,76923;TYWJ001;2024
Pécsi járás;24089,34043;TYWJ001;2024
Pécsváradi járás;29923,71429;TYWJ001;2024
Pétervásárai járás;31084,72727;TYWJ001;2024
Pilisvörösvári járás;24392,43478;TYWJ001;2024
Putnoki járás;47716,66667;TYWJ001;2024
Püspökladányi járás;34065,73333;TYWJ001;2024
Ráckevei járás;37000,15385;TYWJ001;2024
Rétsági járás;36248,5;TYWJ001;2024
Salgótarjáni járás;30567,7037;TYWJ001;2024
Sárbogárdi járás;39574,22222;TYWJ001;2024
Sarkadi járás;34857,63636;TYWJ001;2024
Sárospataki járás;31446,36364;TYWJ001;2024
Sárvári járás;27178,58824;TYWJ001;2024
Sátoraljaújhelyi járás;24451,45455;TYWJ001;2024
Sellyei járás;31892;TYWJ001;2024
Siklósi járás;29214,73684;TYWJ001;2024
Siófoki járás;29793,61905;TYWJ001;2024
Soproni járás;24897,90476;TYWJ001;2024
Sümegi járás;21979,5;TYWJ001;2024
Szarvasi járás;29918,18182;TYWJ001;2024
Szécsényi járás;36003,66667;TYWJ001;2024
Szegedi járás;23826,375;TYWJ001;2024
Szeghalmi járás;44324,88889;TYWJ001;2024
Székesfehérvári járás;34511,68627;TYWJ001;2024
Szekszárdi járás;33359,04762;TYWJ001;2024
Szentendrei járás;26067,86207;TYWJ001;2024
Szentesi járás;32618,94118;TYWJ001;2024
Szentgotthárdi járás;27214,33333;TYWJ001;2024
Szentlőrinci járás;32294,28571;TYWJ001;2024
Szerencsi járás;32564;TYWJ001;2024
Szigetszentmiklósi járás;27018,73171;TYWJ001;2024
Szigetvári járás;29062,42857;TYWJ001;2024
Szikszói járás;34551,25;TYWJ001;2024
Szobi járás;28047,5;TYWJ001;2024
Szolnoki járás;29757,14286;TYWJ001;2024
Szombathelyi járás;27213,69565;TYWJ001;2024
Tabi járás;27950;TYWJ001;2024
Tamási járás;41976;TYWJ001;2024
Tapolcai járás;27064,23529;TYWJ001;2024
Tatabányai járás;30403,88571;TYWJ001;2024
Tatai járás;26776,625;TYWJ001;2024
Téti járás;24362,85714;TYWJ001;2024
Tiszafüredi járás;25332,66667;TYWJ001;2024
Tiszakécskei járás;33388,4;TYWJ001;2024
Tiszaújvárosi járás;30058,53333;TYWJ001;2024
Tiszavasvári járás;31898,90909;TYWJ001;2024
Tokaji járás;31397,33333;TYWJ001;2024
Tolnai járás;28406,44444;TYWJ001;2024
Törökszentmiklósi járás;36220,46154;TYWJ001;2024
Váci járás;28648,56;TYWJ001;2024
Várpalotai járás;33643,71429;TYWJ001;2024
Vásárosnaményi járás;38320,875;TYWJ001;2024
Vasvári járás;32186,57143;TYWJ001;2024
Vecsési járás;19956,3;TYWJ001;2024
Veszprémi járás;25702,47059;TYWJ001;2024
Záhonyi járás;38666,88889;TYWJ001;2024
Zalaegerszegi járás;30006,34146;TYWJ001;2024
Zalaszentgróti járás;26382,25;TYWJ001;2024
Zirci járás;26591,11111;TYWJ001;2024
Ajkai járás;16418;TYWJ002;2024
Aszódi járás;22776,8;TYWJ002;2024
Bácsalmási járás;16377;TYWJ002;2024
Bajai járás;23235,25;TYWJ002;2024
Baktalórántházai járás;22814;TYWJ002;2024
Balassagyarmati járás;18405;TYWJ002;2024
Balatonalmádi járás;15513,5;TYWJ002;2024
Balatonfüredi járás;13321,33333;TYWJ002;2024
Balmazújvárosi járás;34549;TYWJ002;2024
Barcsi járás;25260;TYWJ002;2024
Bátonyterenyei járás;28170;TYWJ002;2024
Békéscsabai járás;16490,33333;TYWJ002;2024
Békési járás;17981,33333;TYWJ002;2024
Bélapátfalvai járás;19340;TYWJ002;2024
Berettyóújfalui járás;20311,5;TYWJ002;2024
Bicskei járás;20876,5;TYWJ002;2024
Bólyi járás;12474;TYWJ002;2024
Bonyhádi járás;20424;TYWJ002;2024
Budakeszi járás;22016;TYWJ002;2024
Budapest, illetve fiktív területi egység;16338,61132;TYWJ002;2024
Ceglédi járás;27286,76923;TYWJ002;2024
Celldömölki járás;48182;TYWJ002;2024
Cigándi járás;;TYWJ002;2024
Csengeri járás;11636;TYWJ002;2024
Csongrádi járás;22982,66667;TYWJ002;2024
Csornai járás;19348;TYWJ002;2024
Csurgói járás;15679;TYWJ002;2024
Dabasi járás;26078,4;TYWJ002;2024
Debreceni járás;18562,68293;TYWJ002;2024
Derecskei járás;20353,2;TYWJ002;2024
Devecseri járás;;TYWJ002;2024
Dombóvári járás;18592,5;TYWJ002;2024
Dunakeszi járás;27056,44444;TYWJ002;2024
Dunaújvárosi járás;20782,2;TYWJ002;2024
Edelényi járás;29297;TYWJ002;2024
Egri járás;24464;TYWJ002;2024
Encsi járás;23632;TYWJ002;2024
Enyingi járás;32516;TYWJ002;2024
Érdi járás;17361,65217;TYWJ002;2024
Esztergomi járás;18722,42857;TYWJ002;2024
Fehérgyarmati járás;18564;TYWJ002;2024
Fonyódi járás;14773;TYWJ002;2024
Füzesabonyi járás;15106;TYWJ002;2024
Gárdonyi járás;34380;TYWJ002;2024
Gödöllői járás;21395,76;TYWJ002;2024
Gönci járás;;TYWJ002;2024
Gyáli járás;22171,42857;TYWJ002;2024
Gyomaendrődi járás;16981,6;TYWJ002;2024
Gyöngyösi járás;19372,85714;TYWJ002;2024
Győri járás;22638,51852;TYWJ002;2024
Gyulai járás;13897;TYWJ002;2024
Hajdúböszörményi járás;21662,57143;TYWJ002;2024
Hajdúhadházi járás;34130;TYWJ002;2024
Hajdúnánási járás;21225,2;TYWJ002;2024
Hajdúszoboszlói járás;16746;TYWJ002;2024
Hatvani járás;69524;TYWJ002;2024
Hegyháti járás;13675;TYWJ002;2024
Hevesi járás;32060;TYWJ002;2024
Hódmezővásárhelyi járás;19641,11111;TYWJ002;2024
Ibrányi járás;28217;TYWJ002;2024
Jánoshalmai járás;13462,66667;TYWJ002;2024
Jászapáti járás;29479;TYWJ002;2024
Jászberényi járás;30612,8;TYWJ002;2024
Kalocsai járás;23379,6;TYWJ002;2024
Kaposvári járás;18940,8;TYWJ002;2024
Kapuvári járás;16719,5;TYWJ002;2024
Karcagi járás;29175,2;TYWJ002;2024
Kazincbarcikai járás;21972,33333;TYWJ002;2024
Kecskeméti járás;19775,83333;TYWJ002;2024
Kemecsei járás;31112;TYWJ002;2024
Keszthelyi járás;15488,28571;TYWJ002;2024
Kisbéri járás;12169;TYWJ002;2024
Kiskőrösi járás;21816,57143;TYWJ002;2024
Kiskunfélegyházi járás;24342,8;TYWJ002;2024
Kiskunhalasi járás;16727,42857;TYWJ002;2024
Kiskunmajsai járás;24566;TYWJ002;2024
Kisteleki járás;10582;TYWJ002;2024
Kisvárdai járás;16776;TYWJ002;2024
Komáromi járás;31251,33333;TYWJ002;2024
Komlói járás;22092;TYWJ002;2024
Körmendi járás;15483,33333;TYWJ002;2024
Kőszegi járás;53344;TYWJ002;2024
Kunhegyesi járás;26447;TYWJ002;2024
Kunszentmártoni járás;18571,33333;TYWJ002;2024
Kunszentmiklósi járás;24018;TYWJ002;2024
Lenti járás;17324;TYWJ002;2024
Letenyei járás;25315;TYWJ002;2024
Makói járás;19927,2;TYWJ002;2024
Marcali járás;;TYWJ002;2024
Martonvásári járás;15568;TYWJ002;2024
Mátészalkai járás;16545,6;TYWJ002;2024
Mezőcsáti járás;31706;TYWJ002;2024
Mezőkovácsházai járás;25194;TYWJ002;2024
Mezőkövesdi járás;20585;TYWJ002;2024
Mezőtúri járás;30814;TYWJ002;2024
Miskolci járás;25217,13333;TYWJ002;2024
Mohácsi járás;11305,6;TYWJ002;2024
Monori járás;23008,4;TYWJ002;2024
Mórahalmi járás;29776,66667;TYWJ002;2024
Móri járás;12672,5;TYWJ002;2024
Mosonmagyaróvári járás;18254,57143;TYWJ002;2024
Nagyatádi járás;18643;TYWJ002;2024
Nagykállói járás;26867;TYWJ002;2024
Nagykanizsai járás;20920,22222;TYWJ002;2024
Nagykátai járás;31008,8;TYWJ002;2024
Nagykőrösi járás;17996;TYWJ002;2024
Nyíradonyi járás;62844;TYWJ002;2024
Nyírbátori járás;18185,33333;TYWJ002;2024
Nyíregyházai járás;18988,125;TYWJ002;2024
Orosházi járás;20641,33333;TYWJ002;2024
Oroszlányi járás;19436;TYWJ002;2024
Ózdi járás;16584,85714;TYWJ002;2024
Paksi járás;21288,4;TYWJ002;2024
Pannonhalmi járás;20641;TYWJ002;2024
Pápai járás;23013,5;TYWJ002;2024
Pásztói járás;19301;TYWJ002;2024
Pécsi járás;17394;TYWJ002;2024
Pécsváradi járás;15067;TYWJ002;2024
Pétervásárai járás;;TYWJ002;2024
Pilisvörösvári járás;21596,28571;TYWJ002;2024
Putnoki járás;;TYWJ002;2024
Püspökladányi járás;19670;TYWJ002;2024
Ráckevei járás;37053;TYWJ002;2024
Rétsági járás;18758,66667;TYWJ002;2024
Salgótarjáni járás;26545;TYWJ002;2024
Sárbogárdi járás;24917;TYWJ002;2024
Sarkadi járás;22738;TYWJ002;2024
Sárospataki járás;23001;TYWJ002;2024
Sárvári járás;38779;TYWJ002;2024
Sátoraljaújhelyi járás;18245,33333;TYWJ002;2024
Sellyei járás;;TYWJ002;2024
Siklósi járás;16931,33333;TYWJ002;2024
Siófoki járás;15803,25;TYWJ002;2024
Soproni járás;18911;TYWJ002;2024
Sümegi járás;32836;TYWJ002;2024
Szarvasi járás;16865,5;TYWJ002;2024
Szécsényi járás;11297;TYWJ002;2024
Szegedi járás;19998,3871;TYWJ002;2024
Szeghalmi járás;31154;TYWJ002;2024
Székesfehérvári járás;22839,78947;TYWJ002;2024
Szekszárdi járás;24248;TYWJ002;2024
Szentendrei járás;16393,66667;TYWJ002;2024
Szentesi járás;17386;TYWJ002;2024
Szentgotthárdi járás;12237;TYWJ002;2024
Szentlőrinci járás;15488;TYWJ002;2024
Szerencsi járás;28710,5;TYWJ002;2024
Szigetszentmiklósi járás;18120,2;TYWJ002;2024
Szigetvári járás;26458;TYWJ002;2024
Szikszói járás;19774;TYWJ002;2024
Szobi járás;22048;TYWJ002;2024
Szolnoki járás;21082,35294;TYWJ002;2024
Szombathelyi járás;20997,875;TYWJ002;2024
Tabi járás;11626;TYWJ002;2024
Tamási járás;27347,33333;TYWJ002;2024
Tapolcai járás;18168,66667;TYWJ002;2024
Tatabányai járás;36882,22222;TYWJ002;2024
Tatai járás;19302,66667;TYWJ002;2024
Téti járás;15528;TYWJ002;2024
Tiszafüredi járás;30856;TYWJ002;2024
Tiszakécskei járás;22475;TYWJ002;2024
Tiszaújvárosi járás;14735,33333;TYWJ002;2024
Tiszavasvári járás;22922;TYWJ002;2024
Tokaji járás;;TYWJ002;2024
Tolnai járás;19065,33333;TYWJ002;2024
Törökszentmiklósi járás;28277,5;TYWJ002;2024
Váci járás;30439,14286;TYWJ002;2024
Várpalotai járás;24362,5;TYWJ002;2024
Vásárosnaményi járás;13760;TYWJ002;2024
Vasvári járás;15399;TYWJ002;2024
Vecsési járás;20967,33333;TYWJ002;2024
Veszprémi járás;23483;TYWJ002;2024
Záhonyi járás;23628;TYWJ002;2024
Zalaegerszegi járás;20727,81818;TYWJ002;2024
Zalaszentgróti járás;17579;TYWJ002;2024
Zirci járás;18936;TYWJ002;2024
Ajkai járás;29,04651652;TYWJ104;2024
Aszódi járás;22,13375796;TYWJ104;2024
Bácsalmási járás;51,40562249;TYWJ104;2024
Bajai járás;11,14275102;TYWJ104;2024
Baktalórántházai járás;40,5181003;TYWJ104;2024
Balassagyarmati járás;20,39230919;TYWJ104;2024
Balatonalmádi járás;3,8491147;TYWJ104;2024
Balatonfüredi járás;2,81778334;TYWJ104;2024
Balmazújvárosi járás;24,61851475;TYWJ104;2024
Barcsi járás;37,74812886;TYWJ104;2024
Bátonyterenyei járás;49,26470588;TYWJ104;2024
Békéscsabai járás;10,55791326;TYWJ104;2024
Békési járás;26,58149598;TYWJ104;2024
Bélapátfalvai járás;38,92215569;TYWJ104;2024
Berettyóújfalui járás;41,67911563;TYWJ104;2024
Bicskei járás;16,47418478;TYWJ104;2024
Bólyi járás;16,58767773;TYWJ104;2024
Bonyhádi járás;13,31557923;TYWJ104;2024
Budakeszi járás;2,75260924;TYWJ104;2024
Budapest, illetve fiktív területi egység;13,05730735;TYWJ104;2024
Ceglédi járás;72,74484091;TYWJ104;2024
Celldömölki járás;15,32311792;TYWJ104;2024
Cigándi járás;60,03016591;TYWJ104;2024
Csengeri járás;40,39965248;TYWJ104;2024
Csongrádi járás;14,80437081;TYWJ104;2024
Csornai járás;13,25919589;TYWJ104;2024
Csurgói járás;33,39432754;TYWJ104;2024
Dabasi járás;24,50980392;TYWJ104;2024
Debreceni járás;30,31369926;TYWJ104;2024
Derecskei járás;54,97977755;TYWJ104;2024
Devecseri járás;17,18494272;TYWJ104;2024
Dombóvári járás;20,68095839;TYWJ104;2024
Dunakeszi járás;5,06155951;TYWJ104;2024
Dunaújvárosi járás;16,44625297;TYWJ104;2024
Edelényi járás;43,24939536;TYWJ104;2024
Egri járás;24,93905869;TYWJ104;2024
Encsi járás;33,46335455;TYWJ104;2024
Enyingi járás;34,44945267;TYWJ104;2024
Érdi járás;7,46096808;TYWJ104;2024
Esztergomi járás;8,24095683;TYWJ104;2024
Fehérgyarmati járás;55,22341095;TYWJ104;2024
Fonyódi járás;7,64635603;TYWJ104;2024
Füzesabonyi járás;53,77906977;TYWJ104;2024
Gárdonyi járás;3,21388398;TYWJ104;2024
Gödöllői járás;10,24355301;TYWJ104;2024
Gönci járás;56,07476636;TYWJ104;2024
Gyáli járás;11,42621145;TYWJ104;2024
Gyomaendrődi járás;19,75308642;TYWJ104;2024
Gyöngyösi járás;36,06102635;TYWJ104;2024
Győri járás;5,72772834;TYWJ104;2024
Gyulai járás;15,07222106;TYWJ104;2024
Hajdúböszörményi járás;36,77085074;TYWJ104;2024
Hajdúhadházi járás;64,23123244;TYWJ104;2024
Hajdúnánási járás;12,86101083;TYWJ104;2024
Hajdúszoboszlói járás;28,24519231;TYWJ104;2024
Hatvani járás;15,60486757;TYWJ104;2024
Hegyháti járás;16,88009313;TYWJ104;2024
Hevesi járás;54,78395062;TYWJ104;2024
Hódmezővásárhelyi járás;34,1619035;TYWJ104;2024
Ibrányi járás;32,75;TYWJ104;2024
Jánoshalmai járás;43,34500876;TYWJ104;2024
Jászapáti járás;43,69538077;TYWJ104;2024
Jászberényi járás;17,93160967;TYWJ104;2024
Kalocsai járás;20,05174644;TYWJ104;2024
Kaposvári járás;12,73132957;TYWJ104;2024
Kapuvári járás;7,01861459;TYWJ104;2024
Karcagi járás;34,68586387;TYWJ104;2024
Kazincbarcikai járás;43,0316174;TYWJ104;2024
Kecskeméti járás;17,99496471;TYWJ104;2024
Kemecsei járás;28,67924528;TYWJ104;2024
Keszthelyi járás;26,53946227;TYWJ104;2024
Kisbéri járás;24,79598242;TYWJ104;2024
Kiskőrösi járás;22,86508338;TYWJ104;2024
Kiskunfélegyházi járás;30,08257963;TYWJ104;2024
Kiskunhalasi járás;27,07092583;TYWJ104;2024
Kiskunmajsai járás;28,70639535;TYWJ104;2024
Kisteleki járás;18,38986514;TYWJ104;2024
Kisvárdai járás;25,7986739;TYWJ104;2024
Komáromi járás;12,7919911;TYWJ104;2024
Komlói járás;24,99399183;TYWJ104;2024
Körmendi járás;17,05955335;TYWJ104;2024
Kőszegi járás;7,34214391;TYWJ104;2024
Kunhegyesi járás;59,17312661;TYWJ104;2024
Kunszentmártoni járás;34,31472081;TYWJ104;2024
Kunszentmiklósi járás;25,59967748;TYWJ104;2024
Lenti járás;17,10526316;TYWJ104;2024
Letenyei járás;13,72756072;TYWJ104;2024
Makói járás;15,99232368;TYWJ104;2024
Marcali járás;20,4665493;TYWJ104;2024
Martonvásári járás;27,15789474;TYWJ104;2024
Mátészalkai járás;67,52712308;TYWJ104;2024
Mezőcsáti járás;36,30974435;TYWJ104;2024
Mezőkovácsházai járás;28,73313017;TYWJ104;2024
Mezőkövesdi járás;25,22306108;TYWJ104;2024
Mezőtúri járás;29,36422414;TYWJ104;2024
Miskolci járás;22,34342013;TYWJ104;2024
Mohácsi járás;30,23566029;TYWJ104;2024
Monori járás;7,86679905;TYWJ104;2024
Mórahalmi járás;9,98606595;TYWJ104;2024
Móri járás;10,91117917;TYWJ104;2024
Mosonmagyaróvári járás;15,63968892;TYWJ104;2024
Nagyatádi járás;37,46223565;TYWJ104;2024
Nagykállói járás;38,35673863;TYWJ104;2024
Nagykanizsai járás;17,23733583;TYWJ104;2024
Nagykátai járás;17,49708382;TYWJ104;2024
Nagykőrösi járás;32,47631935;TYWJ104;2024
Nyíradonyi járás;42,89649744;TYWJ104;2024
Nyírbátori járás;57,8042328;TYWJ104;2024
Nyíregyházai járás;13,45180797;TYWJ104;2024
Orosházi járás;21,29042743;TYWJ104;2024
Oroszlányi járás;30,64935065;TYWJ104;2024
Ózdi járás;68,94357234;TYWJ104;2024
Paksi járás;13,30214881;TYWJ104;2024
Pannonhalmi járás;19,01435778;TYWJ104;2024
Pápai járás;32,83052351;TYWJ104;2024
Pásztói járás;28,74331551;TYWJ104;2024
Pécsi járás;38,34397195;TYWJ104;2024
Pécsváradi járás;16,98113208;TYWJ104;2024
Pétervásárai járás;46,74220963;TYWJ104;2024
Pilisvörösvári járás;9,40221694;TYWJ104;2024
Putnoki járás;69,40874036;TYWJ104;2024
Püspökladányi járás;43,3447099;TYWJ104;2024
Ráckevei járás;28,36761778;TYWJ104;2024
Rétsági járás;10,73537305;TYWJ104;2024
Salgótarjáni járás;42,06791688;TYWJ104;2024
Sárbogárdi járás;30,34215623;TYWJ104;2024
Sarkadi járás;52,30669266;TYWJ104;2024
Sárospataki járás;25,75621444;TYWJ104;2024
Sárvári járás;16,76981433;TYWJ104;2024
Sátoraljaújhelyi járás;48,50361197;TYWJ104;2024
Sellyei járás;30,73967339;TYWJ104;2024
Siklósi járás;17,65276431;TYWJ104;2024
Siófoki járás;13,84027999;TYWJ104;2024
Soproni járás;23,54137906;TYWJ104;2024
Sümegi járás;27,24520686;TYWJ104;2024
Szarvasi járás;22,63308894;TYWJ104;2024
Szécsényi járás;39,66303966;TYWJ104;2024
Szegedi járás;24,51664341;TYWJ104;2024
Szeghalmi járás;26,03763857;TYWJ104;2024
Székesfehérvári járás;13,03974016;TYWJ104;2024
Szekszárdi járás;25,25684932;TYWJ104;2024
Szentendrei járás;5,16795866;TYWJ104;2024
Szentesi járás;17,49947291;TYWJ104;2024
Szentgotthárdi járás;7,61124122;TYWJ104;2024
Szentlőrinci járás;18,27094474;TYWJ104;2024
Szerencsi járás;41,25560538;TYWJ104;2024
Szigetszentmiklósi járás;4,14198548;TYWJ104;2024
Szigetvári járás;39,48180136;TYWJ104;2024
Szikszói járás;67,90123457;TYWJ104;2024
Szobi járás;11,61322898;TYWJ104;2024
Szolnoki járás;21,00048838;TYWJ104;2024
Szombathelyi járás;8,68090878;TYWJ104;2024
Tabi járás;29,58199357;TYWJ104;2024
Tamási járás;20,28357621;TYWJ104;2024
Tapolcai járás;16,24593852;TYWJ104;2024
Tatabányai járás;20,56856187;TYWJ104;2024
Tatai járás;10,69424965;TYWJ104;2024
Téti járás;8,2366155;TYWJ104;2024
Tiszafüredi járás;45,72147651;TYWJ104;2024
Tiszakécskei járás;5,65275908;TYWJ104;2024
Tiszaújvárosi járás;27,03296703;TYWJ104;2024
Tiszavasvári járás;73,61710878;TYWJ104;2024
Tokaji járás;21,17362371;TYWJ104;2024
Tolnai járás;29,46661693;TYWJ104;2024
Törökszentmiklósi járás;20,96436059;TYWJ104;2024
Váci járás;14,47203859;TYWJ104;2024
Várpalotai járás;36,45833333;TYWJ104;2024
Vásárosnaményi járás;45,96637359;TYWJ104;2024
Vasvári járás;22,84803401;TYWJ104;2024
Vecsési járás;23,2668566;TYWJ104;2024
Veszprémi járás;8,4721005;TYWJ104;2024
Záhonyi járás;64,32936636;TYWJ104;2024
Zalaegerszegi járás;12,82578311;TYWJ104;2024
Zalaszentgróti járás;20,13808976;TYWJ104;2024
Zirci járás;10,12373453;TYWJ104;2024
Ajkai járás;20,86811352;TYWJ105;2024
Aszódi járás;76,17700546;TYWJ105;2024
Bácsalmási járás;154,1482572;TYWJ105;2024
Bajai járás;65,77101941;TYWJ105;2024
Baktalórántházai járás;252,0153164;TYWJ105;2024
Balassagyarmati járás;118,0875576;TYWJ105;2024
Balatonalmádi járás;11,56293652;TYWJ105;2024
Balatonfüredi járás;9,18682918;TYWJ105;2024
Balmazújvárosi járás;164,6111905;TYWJ105;2024
Barcsi járás;274,2752889;TYWJ105;2024
Bátonyterenyei járás;173,6818285;TYWJ105;2024
Békéscsabai járás;33,6844684;TYWJ105;2024
Békési járás;104,0659477;TYWJ105;2024
Bélapátfalvai járás;126,4705882;TYWJ105;2024
Berettyóújfalui járás;231,5794583;TYWJ105;2024
Bicskei járás;44,6362188;TYWJ105;2024
Bólyi járás;96,38336347;TYWJ105;2024
Bonyhádi járás;65,5470406;TYWJ105;2024
Budakeszi járás;3,56677413;TYWJ105;2024
Budapest, illetve fiktív területi egység;10,46070771;TYWJ105;2024
Ceglédi járás;85,62557306;TYWJ105;2024
Celldömölki járás;59,40468651;TYWJ105;2024
Cigándi járás;444,9770738;TYWJ105;2024
Csengeri járás;323,2775453;TYWJ105;2024
Csongrádi járás;82,2402665;TYWJ105;2024
Csornai járás;29,9880842;TYWJ105;2024
Csurgói járás;204,4793485;TYWJ105;2024
Dabasi járás;76,09813427;TYWJ105;2024
Debreceni járás;26,23395125;TYWJ105;2024
Derecskei járás;224,7309115;TYWJ105;2024
Devecseri járás;175,1212634;TYWJ105;2024
Dombóvári járás;131,5217391;TYWJ105;2024
Dunakeszi járás;8,70414226;TYWJ105;2024
Dunaújvárosi járás;32,04147124;TYWJ105;2024
Edelényi járás;436,1598422;TYWJ105;2024
Egri járás;62,35482372;TYWJ105;2024
Encsi járás;425,7091973;TYWJ105;2024
Enyingi járás;83,18318318;TYWJ105;2024
Érdi járás;16,61776323;TYWJ105;2024
Esztergomi járás;31,6434516;TYWJ105;2024
Fehérgyarmati járás;327,7978339;TYWJ105;2024
Fonyódi járás;128,2342906;TYWJ105;2024
Füzesabonyi járás;227,1771969;TYWJ105;2024
Gárdonyi járás;9,0392562;TYWJ105;2024
Gödöllői járás;25,7373982;TYWJ105;2024
Gönci járás;399,7295611;TYWJ105;2024
Gyáli járás;37,69018933;TYWJ105;2024
Gyomaendrődi járás;94,19652671;TYWJ105;2024
Gyöngyösi járás;84,38797012;TYWJ105;2024
Győri járás;10,76504616;TYWJ105;2024
Gyulai járás;49,54618923;TYWJ105;2024
Hajdúböszörményi járás;112,3927832;TYWJ105;2024
Hajdúhadházi járás;270,5144291;TYWJ105;2024
Hajdúnánási járás;87,03754832;TYWJ105;2024
Hajdúszoboszlói járás;88,31483727;TYWJ105;2024
Hatvani járás;45,66404916;TYWJ105;2024
Hegyháti járás;151,3980868;TYWJ105;2024
Hevesi járás;367,5686537;TYWJ105;2024
Hódmezővásárhelyi járás;44,75029493;TYWJ105;2024
Ibrányi járás;281,2945184;TYWJ105;2024
Jánoshalmai járás;197,1066908;TYWJ105;2024
Jászapáti járás;183,5740862;TYWJ105;2024
Jászberényi járás;75,88884348;TYWJ105;2024
Kalocsai járás;100,8970922;TYWJ105;2024
Kaposvári járás;96,78219924;TYWJ105;2024
Kapuvári járás;21,47750417;TYWJ105;2024
Karcagi járás;190,5526026;TYWJ105;2024
Kazincbarcikai járás;146,7577964;TYWJ105;2024
Kecskeméti járás;30,77707873;TYWJ105;2024
Kemecsei járás;299,4000642;TYWJ105;2024
Keszthelyi járás;34,29101019;TYWJ105;2024
Kisbéri járás;54,59290188;TYWJ105;2024
Kiskőrösi járás;98,32187949;TYWJ105;2024
Kiskunfélegyházi járás;36,81945091;TYWJ105;2024
Kiskunhalasi járás;85,60078363;TYWJ105;2024
Kiskunmajsai járás;114,4332114;TYWJ105;2024
Kisteleki járás;105,0072922;TYWJ105;2024
Kisvárdai járás;177,4502579;TYWJ105;2024
Komáromi járás;14,75897218;TYWJ105;2024
Komlói járás;90,08803886;TYWJ105;2024
Körmendi járás;27,56508423;TYWJ105;2024
Kőszegi járás;15,30124323;TYWJ105;2024
Kunhegyesi járás;501,753507;TYWJ105;2024
Kunszentmártoni járás;183,2479508;TYWJ105;2024
Kunszentmiklósi járás;81,76455061;TYWJ105;2024
Lenti járás;134,9747849;TYWJ105;2024
Letenyei járás;127,251501;TYWJ105;2024
Makói járás;84,86600569;TYWJ105;2024
Marcali járás;195,2451049;TYWJ105;2024
Martonvásári járás;69,63042314;TYWJ105;2024
Mátészalkai járás;285,0399629;TYWJ105;2024
Mezőcsáti járás;256,7432567;TYWJ105;2024
Mezőkovácsházai járás;181,8679814;TYWJ105;2024
Mezőkövesdi járás;138,6881001;TYWJ105;2024
Mezőtúri járás;85,03174073;TYWJ105;2024
Miskolci járás;114,6369664;TYWJ105;2024
Mohácsi járás;85,79242839;TYWJ105;2024
Monori járás;50,13450721;TYWJ105;2024
Mórahalmi járás;36,69658367;TYWJ105;2024
Móri járás;19,6548418;TYWJ105;2024
Mosonmagyaróvári járás;13,65912885;TYWJ105;2024
Nagyatádi járás;261,2596119;TYWJ105;2024
Nagykállói járás;164,1262201;TYWJ105;2024
Nagykanizsai járás;86,02517007;TYWJ105;2024
Nagykátai járás;88,64779042;TYWJ105;2024
Nagykőrösi járás;57,96610169;TYWJ105;2024
Nyíradonyi járás;317,8450333;TYWJ105;2024
Nyírbátori járás;317,7456015;TYWJ105;2024
Nyíregyházai járás;56,39689847;TYWJ105;2024
Orosházi járás;72,00591424;TYWJ105;2024
Oroszlányi járás;19,28244034;TYWJ105;2024
Ózdi járás;384,6102956;TYWJ105;2024
Paksi járás;66,17250674;TYWJ105;2024
Pannonhalmi járás;17,33972165;TYWJ105;2024
Pápai járás;57,90909782;TYWJ105;2024
Pásztói járás;196,2325518;TYWJ105;2024
Pécsi járás;36,73241872;TYWJ105;2024
Pécsváradi járás;55,84677419;TYWJ105;2024
Pétervásárai járás;274,6841366;TYWJ105;2024
Pilisvörösvári járás;6,72687062;TYWJ105;2024
Putnoki járás;331,1594203;TYWJ105;2024
Püspökladányi járás;166,2392408;TYWJ105;2024
Ráckevei járás;54,83442355;TYWJ105;2024
Rétsági járás;72,8940784;TYWJ105;2024
Salgótarjáni járás;220,8482379;TYWJ105;2024
Sárbogárdi járás;161,8025751;TYWJ105;2024
Sarkadi járás;255,6523543;TYWJ105;2024
Sárospataki járás;199,6862745;TYWJ105;2024
Sárvári járás;22,59319694;TYWJ105;2024
Sátoraljaújhelyi járás;158,6429513;TYWJ105;2024
Sellyei járás;319,5795419;TYWJ105;2024
Siklósi járás;202,0843925;TYWJ105;2024
Siófoki járás;33,53717725;TYWJ105;2024
Soproni járás;5,21953941;TYWJ105;2024
Sümegi járás;67,6047721;TYWJ105;2024
Szarvasi járás;48,0787254;TYWJ105;2024
Szécsényi járás;294,1300676;TYWJ105;2024
Szegedi járás;15,75338103;TYWJ105;2024
Szeghalmi járás;131,7608518;TYWJ105;2024
Székesfehérvári járás;15,96454177;TYWJ105;2024
Szekszárdi járás;87,31275686;TYWJ105;2024
Szentendrei járás;11,74652307;TYWJ105;2024
Szentesi járás;35,98971722;TYWJ105;2024
Szentgotthárdi járás;15,88170865;TYWJ105;2024
Szentlőrinci járás;137,7304965;TYWJ105;2024
Szerencsi járás;303,4926541;TYWJ105;2024
Szigetszentmiklósi járás;10,48468813;TYWJ105;2024
Szigetvári járás;205,2916184;TYWJ105;2024
Szikszói járás;363,115693;TYWJ105;2024
Szobi járás;23,5152488;TYWJ105;2024
Szolnoki járás;75,74982288;TYWJ105;2024
Szombathelyi járás;19,38598476;TYWJ105;2024
Tabi járás;136,6652841;TYWJ105;2024
Tamási járás;204,2124542;TYWJ105;2024
Tapolcai járás;48,51031322;TYWJ105;2024
Tatabányai járás;29,2271479;TYWJ105;2024
Tatai járás;12,13762664;TYWJ105;2024
Téti járás;33,54632588;TYWJ105;2024
Tiszafüredi járás;190,470297;TYWJ105;2024
Tiszakécskei járás;46,38702278;TYWJ105;2024
Tiszaújvárosi járás;131,9026608;TYWJ105;2024
Tiszavasvári járás;364,3685567;TYWJ105;2024
Tokaji járás;213,7210932;TYWJ105;2024
Tolnai járás;116,0303588;TYWJ105;2024
Törökszentmiklósi járás;159,8326853;TYWJ105;2024
Váci járás;19,38597448;TYWJ105;2024
Várpalotai járás;57,89126853;TYWJ105;2024
Vásárosnaményi járás;364,2831754;TYWJ105;2024
Vasvári járás;76,50085763;TYWJ105;2024
Vecsési járás;15,54791449;TYWJ105;2024
Veszprémi járás;5,65893449;TYWJ105;2024
Záhonyi járás;312,4747679;TYWJ105;2024
Zalaegerszegi járás;43,77032951;TYWJ105;2024
Zalaszentgróti járás;90,45936396;TYWJ105;2024
Zirci járás;15,88958478;TYWJ105;2024
Ajkai járás;6,22530456;TYWJ106;2024
Aszódi járás;4,89609901;TYWJ106;2024
Bácsalmási járás;4,00944789;TYWJ106;2024
Bajai járás;2,03396015;TYWJ106;2024
Baktalórántházai járás;30,25975193;TYWJ106;2024
Balassagyarmati járás;14,86929593;TYWJ106;2024
Balatonalmádi járás;2,77491142;TYWJ106;2024
Balatonfüredi járás;1,41139745;TYWJ106;2024
Balmazújvárosi járás;9,86166564;TYWJ106;2024
Barcsi járás;45,06575857;TYWJ106;2024
Bátonyterenyei járás;29,30545712;TYWJ106;2024
Békéscsabai járás;11,78589856;TYWJ106;2024
Békési járás;20,07044064;TYWJ106;2024
Bélapátfalvai járás;17,36201469;TYWJ106;2024
Berettyóújfalui járás;33,08462674;TYWJ106;2024
Bicskei járás;5,4934669;TYWJ106;2024
Bólyi járás;8,80632294;TYWJ106;2024
Bonyhádi járás;6,08236977;TYWJ106;2024
Budakeszi járás;0,99617429;TYWJ106;2024
Budapest, illetve fiktív területi egység;2,16390287;TYWJ106;2024
Ceglédi járás;7,38938685;TYWJ106;2024
Celldömölki járás;6,56443931;TYWJ106;2024
Cigándi járás;69,83490025;TYWJ106;2024
Csengeri járás;49,66362905;TYWJ106;2024
Csongrádi járás;1,65594724;TYWJ106;2024
Csornai járás;0,25774236;TYWJ106;2024
Csurgói járás;38,58556208;TYWJ106;2024
Dabasi járás;7,14647312;TYWJ106;2024
Debreceni járás;4,52600353;TYWJ106;2024
Derecskei járás;11,44125927;TYWJ106;2024
Devecseri járás;18,41840238;TYWJ106;2024
Dombóvári járás;17,71926755;TYWJ106;2024
Dunakeszi járás;1,10268993;TYWJ106;2024
Dunaújvárosi járás;10,51623858;TYWJ106;2024
Edelényi járás;49,89271628;TYWJ106;2024
Egri járás;13,2949725;TYWJ106;2024
Encsi járás;103,1070223;TYWJ106;2024
Enyingi járás;11,04134639;TYWJ106;2024
Érdi járás;0,5650348;TYWJ106;2024
Esztergomi járás;1,89143342;TYWJ106;2024
Fehérgyarmati járás;36,04767054;TYWJ106;2024
Fonyódi járás;11,23523093;TYWJ106;2024
Füzesabonyi járás;10,76505572;TYWJ106;2024
Gárdonyi járás;0,57891816;TYWJ106;2024
Gödöllői járás;1,81263569;TYWJ106;2024
Gönci járás;76,70979299;TYWJ106;2024
Gyáli járás;1,62498685;TYWJ106;2024
Gyomaendrődi járás;9,06686141;TYWJ106;2024
Gyöngyösi járás;11,41772464;TYWJ106;2024
Győri járás;0,31626413;TYWJ106;2024
Gyulai járás;5,50079419;TYWJ106;2024
Hajdúböszörményi járás;6,70098707;TYWJ106;2024
Hajdúhadházi járás;35,70421581;TYWJ106;2024
Hajdúnánási járás;10,66876567;TYWJ106;2024
Hajdúszoboszlói járás;16,06982679;TYWJ106;2024
Hatvani járás;14,85513944;TYWJ106;2024
Hegyháti járás;38,44648681;TYWJ106;2024
Hevesi járás;36,22632888;TYWJ106;2024
Hódmezővásárhelyi járás;0,93867576;TYWJ106;2024
Ibrányi járás;21,8677806;TYWJ106;2024
Jánoshalmai járás;6,75870858;TYWJ106;2024
Jászapáti járás;16,37896084;TYWJ106;2024
Jászberényi járás;8,52111041;TYWJ106;2024
Kalocsai járás;9,36618695;TYWJ106;2024
Kaposvári járás;11,08150108;TYWJ106;2024
Kapuvári járás;0,40227577;TYWJ106;2024
Karcagi járás;30,796216;TYWJ106;2024
Kazincbarcikai járás;17,64550705;TYWJ106;2024
Kecskeméti járás;4,23385481;TYWJ106;2024
Kemecsei járás;14,54965003;TYWJ106;2024
Keszthelyi járás;3,33738496;TYWJ106;2024
Kisbéri járás;4,05086436;TYWJ106;2024
Kiskőrösi járás;4,16140464;TYWJ106;2024
Kiskunfélegyházi járás;3,84488524;TYWJ106;2024
Kiskunhalasi járás;5,24935233;TYWJ106;2024
Kiskunmajsai járás;6,22199687;TYWJ106;2024
Kisteleki járás;1,41602945;TYWJ106;2024
Kisvárdai járás;8,69348301;TYWJ106;2024
Komáromi járás;1,09854604;TYWJ106;2024
Komlói járás;11,51153706;TYWJ106;2024
Körmendi járás;3,59184464;TYWJ106;2024
Kőszegi járás;2,19188237;TYWJ106;2024
Kunhegyesi járás;32,10384415;TYWJ106;2024
Kunszentmártoni járás;11,85789752;TYWJ106;2024
Kunszentmiklósi járás;11,17184428;TYWJ106;2024
Lenti járás;11,60769303;TYWJ106;2024
Letenyei járás;11,42986836;TYWJ106;2024
Makói járás;0,96692112;TYWJ106;2024
Marcali járás;25,6346702;TYWJ106;2024
Martonvásári járás;3,46138985;TYWJ106;2024
Mátészalkai járás;27,46508456;TYWJ106;2024
Mezőcsáti járás;38,72099941;TYWJ106;2024
Mezőkovácsházai járás;19,98725075;TYWJ106;2024
Mezőkövesdi járás;24,16854938;TYWJ106;2024
Mezőtúri járás;12,42234332;TYWJ106;2024
Miskolci járás;15,52953597;TYWJ106;2024
Mohácsi járás;13,18422541;TYWJ106;2024
Monori járás;4,96865073;TYWJ106;2024
Mórahalmi járás;3,55081127;TYWJ106;2024
Móri járás;3,31668188;TYWJ106;2024
Mosonmagyaróvári járás;0,42036503;TYWJ106;2024
Nagyatádi járás;48,2648302;TYWJ106;2024
Nagykállói járás;12,6321961;TYWJ106;2024
Nagykanizsai járás;9,21272676;TYWJ106;2024
Nagykátai járás;10,71565536;TYWJ106;2024
Nagykőrösi járás;12,53309157;TYWJ106;2024
Nyíradonyi járás;28,96856195;TYWJ106;2024
Nyírbátori járás;43,58456029;TYWJ106;2024
Nyíregyházai járás;4,29009977;TYWJ106;2024
Orosházi járás;8,56088699;TYWJ106;2024
Oroszlányi járás;3,55196957;TYWJ106;2024
Ózdi járás;57,78136499;TYWJ106;2024
Paksi járás;15,23824673;TYWJ106;2024
Pannonhalmi járás;0,63851181;TYWJ106;2024
Pápai járás;2,34483789;TYWJ106;2024
Pásztói járás;23,70755094;TYWJ106;2024
Pécsi járás;3,13789002;TYWJ106;2024
Pécsváradi járás;6,553125;TYWJ106;2024
Pétervásárai járás;40,82762451;TYWJ106;2024
Pilisvörösvári járás;0,36759567;TYWJ106;2024
Putnoki járás;35,28409091;TYWJ106;2024
Püspökladányi járás;12,67735489;TYWJ106;2024
Ráckevei járás;7,36480163;TYWJ106;2024
Rétsági járás;5,52488717;TYWJ106;2024
Salgótarjáni járás;30,59532075;TYWJ106;2024
Sárbogárdi járás;7,55371901;TYWJ106;2024
Sarkadi járás;24,89864865;TYWJ106;2024
Sárospataki járás;22,51577287;TYWJ106;2024
Sárvári járás;2,04867543;TYWJ106;2024
Sátoraljaújhelyi járás;30,76281784;TYWJ106;2024
Sellyei járás;27,43108729;TYWJ106;2024
Siklósi járás;29,01513296;TYWJ106;2024
Siófoki járás;5,34517867;TYWJ106;2024
Soproni járás;0,09513613;TYWJ106;2024
Sümegi járás;10,81980153;TYWJ106;2024
Szarvasi járás;0,21289416;TYWJ106;2024
Szécsényi járás;46,93308722;TYWJ106;2024
Szegedi járás;1,49979224;TYWJ106;2024
Szeghalmi járás;8,77815351;TYWJ106;2024
Székesfehérvári járás;1,35750665;TYWJ106;2024
Szekszárdi járás;11,67854665;TYWJ106;2024
Szentendrei járás;0,2676305;TYWJ106;2024
Szentesi járás;0,61802735;TYWJ106;2024
Szentgotthárdi járás;2,73548679;TYWJ106;2024
Szentlőrinci járás;13,03540133;TYWJ106;2024
Szerencsi járás;35,3718081;TYWJ106;2024
Szigetszentmiklósi járás;1,86014239;TYWJ106;2024
Szigetvári járás;49,48160181;TYWJ106;2024
Szikszói járás;41,95078565;TYWJ106;2024
Szobi járás;3,54577057;TYWJ106;2024
Szolnoki járás;12,66799493;TYWJ106;2024
Szombathelyi járás;6,74745177;TYWJ106;2024
Tabi járás;19,07502864;TYWJ106;2024
Tamási járás;10,17078259;TYWJ106;2024
Tapolcai járás;5,18982844;TYWJ106;2024
Tatabányai járás;4,41743984;TYWJ106;2024
Tatai járás;1,3229774;TYWJ106;2024
Téti járás;0,04485219;TYWJ106;2024
Tiszafüredi járás;21,44088439;TYWJ106;2024
Tiszakécskei járás;1,29263186;TYWJ106;2024
Tiszaújvárosi járás;14,25975177;TYWJ106;2024
Tiszavasvári járás;24,98607783;TYWJ106;2024
Tokaji járás;32,21791002;TYWJ106;2024
Tolnai járás;13,35896943;TYWJ106;2024
Törökszentmiklósi járás;15,05176185;TYWJ106;2024
Váci járás;1,73091137;TYWJ106;2024
Várpalotai járás;5,57218866;TYWJ106;2024
Vásárosnaményi járás;41,22282869;TYWJ106;2024
Vasvári járás;16,96636161;TYWJ106;2024
Vecsési járás;1,64470443;TYWJ106;2024
Veszprémi járás;2,06519312;TYWJ106;2024
Záhonyi járás;19,54472768;TYWJ106;2024
Zalaegerszegi járás;5,07183245;TYWJ106;2024
Zalaszentgróti járás;5,70802583;TYWJ106;2024
Zirci járás;1,81171027;TYWJ106;2024
Ajkai járás;30,17719957;TYWJ107;2024
Aszódi járás;23,5604185;TYWJ107;2024
Bácsalmási járás;30,58747275;TYWJ107;2024
Bajai járás;29,60151482;TYWJ107;2024
Baktalórántházai járás;21,35636301;TYWJ107;2024
Balassagyarmati járás;28,16416741;TYWJ107;2024
Balatonalmádi járás;24,33283914;TYWJ107;2024
Balatonfüredi járás;26,69388396;TYWJ107;2024
Balmazújvárosi járás;23,97257878;TYWJ107;2024
Barcsi járás;28,70879121;TYWJ107;2024
Bátonyterenyei járás;28,92517591;TYWJ107;2024
Békéscsabai járás;30,63493585;TYWJ107;2024
Békési járás;30,66294054;TYWJ107;2024
Bélapátfalvai járás;31,58030089;TYWJ107;2024
Berettyóújfalui járás;24,84854479;TYWJ107;2024
Bicskei járás;22,21237713;TYWJ107;2024
Bólyi járás;26,36661808;TYWJ107;2024
Bonyhádi járás;33,25800102;TYWJ107;2024
Budakeszi járás;19,60476788;TYWJ107;2024
Budapest, illetve fiktív területi egység;22,83313227;TYWJ107;2024
Ceglédi járás;23,84431486;TYWJ107;2024
Celldömölki járás;29,68349016;TYWJ107;2024
Cigándi járás;20,19939619;TYWJ107;2024
Csengeri járás;22,75856483;TYWJ107;2024
Csongrádi járás;30,94438768;TYWJ107;2024
Csornai járás;26,51417424;TYWJ107;2024
Csurgói járás;27,62904997;TYWJ107;2024
Dabasi járás;21,73929999;TYWJ107;2024
Debreceni járás;23,02426624;TYWJ107;2024
Derecskei járás;20,86744255;TYWJ107;2024
Devecseri járás;25,19633979;TYWJ107;2024
Dombóvári járás;31,22900088;TYWJ107;2024
Dunakeszi járás;20,40692204;TYWJ107;2024
Dunaújvárosi járás;26,21362559;TYWJ107;2024
Edelényi járás;21,23667781;TYWJ107;2024
Egri járás;27,48140436;TYWJ107;2024
Encsi járás;19,29172741;TYWJ107;2024
Enyingi járás;22,91375653;TYWJ107;2024
Érdi járás;20,7458836;TYWJ107;2024
Esztergomi járás;24,94717351;TYWJ107;2024
Fehérgyarmati járás;23,05430194;TYWJ107;2024
Fonyódi járás;26,41965488;TYWJ107;2024
Füzesabonyi járás;24,69485928;TYWJ107;2024
Gárdonyi járás;21,88352694;TYWJ107;2024
Gödöllői járás;19,84729027;TYWJ107;2024
Gönci járás;19,56862499;TYWJ107;2024
Gyáli járás;20,08861951;TYWJ107;2024
Gyomaendrődi járás;31,19247897;TYWJ107;2024
Gyöngyösi járás;27,45115856;TYWJ107;2024
Győri járás;22,36992306;TYWJ107;2024
Gyulai járás;31,30494317;TYWJ107;2024
Hajdúböszörményi járás;24,15637641;TYWJ107;2024
Hajdúhadházi járás;17,47531675;TYWJ107;2024
Hajdúnánási járás;24,90608294;TYWJ107;2024
Hajdúszoboszlói járás;24,31261101;TYWJ107;2024
Hatvani járás;26,05640912;TYWJ107;2024
Hegyháti járás;26,80819778;TYWJ107;2024
Hevesi járás;22,91527685;TYWJ107;2024
Hódmezővásárhelyi járás;28,25562937;TYWJ107;2024
Ibrányi járás;21,44528562;TYWJ107;2024
Jánoshalmai járás;27,01565172;TYWJ107;2024
Jászapáti járás;24,06010168;TYWJ107;2024
Jászberényi járás;25,64371288;TYWJ107;2024
Kalocsai járás;30,05945091;TYWJ107;2024
Kaposvári járás;27,84073795;TYWJ107;2024
Kapuvári járás;27,78149294;TYWJ107;2024
Karcagi járás;27,13463383;TYWJ107;2024
Kazincbarcikai járás;26,26122051;TYWJ107;2024
Kecskeméti járás;23,35472586;TYWJ107;2024
Kemecsei járás;20,6923414;TYWJ107;2024
Keszthelyi járás;27,43008488;TYWJ107;2024
Kisbéri járás;26,10759494;TYWJ107;2024
Kiskőrösi járás;26,76610488;TYWJ107;2024
Kiskunfélegyházi járás;25,83927912;TYWJ107;2024
Kiskunhalasi járás;27,91968034;TYWJ107;2024
Kiskunmajsai járás;25,18866342;TYWJ107;2024
Kisteleki járás;27,28441225;TYWJ107;2024
Kisvárdai járás;24,06320272;TYWJ107;2024
Komáromi járás;24,51252066;TYWJ107;2024
Komlói járás;33,37482843;TYWJ107;2024
Körmendi járás;30,33127137;TYWJ107;2024
Kőszegi járás;23,74775338;TYWJ107;2024
Kunhegyesi járás;22,50065807;TYWJ107;2024
Kunszentmártoni járás;27,99165865;TYWJ107;2024
Kunszentmiklósi járás;24,37461236;TYWJ107;2024
Lenti járás;31,10616184;TYWJ107;2024
Letenyei járás;30,92573038;TYWJ107;2024
Makói járás;27,34938287;TYWJ107;2024
Marcali járás;26,30334702;TYWJ107;2024
Martonvásári járás;21,37724977;TYWJ107;2024
Mátészalkai járás;22,62577393;TYWJ107;2024
Mezőcsáti járás;21,62567487;TYWJ107;2024
Mezőkovácsházai járás;29,25669971;TYWJ107;2024
Mezőkövesdi járás;27,84050904;TYWJ107;2024
Mezőtúri járás;29,0382017;TYWJ107;2024
Miskolci járás;26,33546791;TYWJ107;2024
Mohácsi járás;30,13493721;TYWJ107;2024
Monori járás;20,17477715;TYWJ107;2024
Mórahalmi járás;25,3842096;TYWJ107;2024
Móri járás;26,4292999;TYWJ107;2024
Mosonmagyaróvári járás;20,43758205;TYWJ107;2024
Nagyatádi járás;29,2284933;TYWJ107;2024
Nagykállói járás;22,46740221;TYWJ107;2024
Nagykanizsai járás;30,04540722;TYWJ107;2024
Nagykátai járás;23,68038082;TYWJ107;2024
Nagykőrösi járás;24,43963749;TYWJ107;2024
Nyíradonyi járás;20,63321129;TYWJ107;2024
Nyírbátori járás;20,63077897;TYWJ107;2024
Nyíregyházai járás;23,96902263;TYWJ107;2024
Orosházi járás;30,04903741;TYWJ107;2024
Oroszlányi járás;26,2684319;TYWJ107;2024
Ózdi járás;23,7411735;TYWJ107;2024
Paksi járás;28,10194942;TYWJ107;2024
Pannonhalmi járás;21,94922195;TYWJ107;2024
Pápai járás;27,18145139;TYWJ107;2024
Pásztói járás;26,93733389;TYWJ107;2024
Pécsi járás;27,13624335;TYWJ107;2024
Pécsváradi járás;31,09134704;TYWJ107;2024
Pétervásárai járás;31,86340414;TYWJ107;2024
Pilisvörösvári járás;21,07208872;TYWJ107;2024
Putnoki járás;24,23097679;TYWJ107;2024
Püspökladányi járás;25,45036739;TYWJ107;2024
Ráckevei járás;23,73406471;TYWJ107;2024
Rétsági járás;25,48388428;TYWJ107;2024
Salgótarjáni járás;29,02495583;TYWJ107;2024
Sárbogárdi járás;23,18946317;TYWJ107;2024
Sarkadi járás;29,75282739;TYWJ107;2024
Sárospataki járás;28,31504511;TYWJ107;2024
Sárvári járás;27,46604621;TYWJ107;2024
Sátoraljaújhelyi járás;28,27187274;TYWJ107;2024
Sellyei járás;25,95270984;TYWJ107;2024
Siklósi járás;27,39174824;TYWJ107;2024
Siófoki járás;27,13658305;TYWJ107;2024
Soproni járás;22,91216791;TYWJ107;2024
Sümegi járás;28,89649761;TYWJ107;2024
Szarvasi járás;31,38195384;TYWJ107;2024
Szécsényi járás;26,67861893;TYWJ107;2024
Szegedi járás;25,12006081;TYWJ107;2024
Szeghalmi járás;28,93608575;TYWJ107;2024
Székesfehérvári járás;25,4001415;TYWJ107;2024
Szekszárdi járás;31,47202317;TYWJ107;2024
Szentendrei járás;21,89065464;TYWJ107;2024
Szentesi járás;30,48039133;TYWJ107;2024
Szentgotthárdi járás;28,81676612;TYWJ107;2024
Szentlőrinci járás;26,77362379;TYWJ107;2024
Szerencsi járás;23,89119841;TYWJ107;2024
Szigetszentmiklósi járás;19,18889199;TYWJ107;2024
Szigetvári járás;28,09088884;TYWJ107;2024
Szikszói járás;19,33429812;TYWJ107;2024
Szobi járás;24,63179683;TYWJ107;2024
Szolnoki járás;28,12526182;TYWJ107;2024
Szombathelyi járás;26,20583465;TYWJ107;2024
Tabi járás;28,53246525;TYWJ107;2024
Tamási járás;29,09177337;TYWJ107;2024
Tapolcai járás;28,47433431;TYWJ107;2024
Tatabányai járás;25,48274018;TYWJ107;2024
Tatai járás;24,84034797;TYWJ107;2024
Téti járás;22,30604149;TYWJ107;2024
Tiszafüredi járás;28,9503643;TYWJ107;2024
Tiszakécskei járás;24,36371185;TYWJ107;2024
Tiszaújvárosi járás;24,94997585;TYWJ107;2024
Tiszavasvári járás;22,10563968;TYWJ107;2024
Tokaji járás;26,55442722;TYWJ107;2024
Tolnai járás;29,58951965;TYWJ107;2024
Törökszentmiklósi járás;26,3309048;TYWJ107;2024
Váci járás;23,12536098;TYWJ107;2024
Várpalotai járás;25,92592593;TYWJ107;2024
Vásárosnaményi járás;22,76685889;TYWJ107;2024
Vasvári járás;27,1102751;TYWJ107;2024
Vecsési járás;20,73726329;TYWJ107;2024
Veszprémi járás;25,56972101;TYWJ107;2024
Záhonyi járás;24,59189665;TYWJ107;2024
Zalaegerszegi járás;28,85349578;TYWJ107;2024
Zalaszentgróti járás;28,31725616;TYWJ107;2024
Zirci járás;27,35085385;TYWJ107;2024
Ajkai járás;45,45454545;TYWJ109;2024
Aszódi járás;9,09090909;TYWJ109;2024
Bácsalmási járás;60;TYWJ109;2024
Bajai járás;35,29411765;TYWJ109;2024
Baktalórántházai járás;33,33333333;TYWJ109;2024
Balassagyarmati járás;10,34482759;TYWJ109;2024
Balatonalmádi járás;54,54545455;TYWJ109;2024
Balatonfüredi járás;4,54545455;TYWJ109;2024
Balmazújvárosi járás;100;TYWJ109;2024
Barcsi járás;7,69230769;TYWJ109;2024
Bátonyterenyei járás;25;TYWJ109;2024
Békéscsabai járás;88,88888889;TYWJ109;2024
Békési járás;57,14285714;TYWJ109;2024
Bélapátfalvai járás;25;TYWJ109;2024
Berettyóújfalui járás;68;TYWJ109;2024
Bicskei járás;26,66666667;TYWJ109;2024
Bólyi járás;6,25;TYWJ109;2024
Bonyhádi járás;16;TYWJ109;2024
Budakeszi járás;41,66666667;TYWJ109;2024
Budapest, illetve fiktív területi egység;0;TYWJ109;2024
Ceglédi járás;41,66666667;TYWJ109;2024
Celldömölki járás;14,28571429;TYWJ109;2024
Cigándi járás;6,66666667;TYWJ109;2024
Csengeri járás;27,27272727;TYWJ109;2024
Csongrádi járás;75;TYWJ109;2024
Csornai járás;12,12121212;TYWJ109;2024
Csurgói járás;22,22222222;TYWJ109;2024
Dabasi járás;54,54545455;TYWJ109;2024
Debreceni járás;100;TYWJ109;2024
Derecskei járás;84,61538462;TYWJ109;2024
Devecseri járás;7,14285714;TYWJ109;2024
Dombóvári járás;18,75;TYWJ109;2024
Dunakeszi járás;75;TYWJ109;2024
Dunaújvárosi járás;87,5;TYWJ109;2024
Edelényi járás;15,55555556;TYWJ109;2024
Egri járás;59,09090909;TYWJ109;2024
Encsi járás;24,13793103;TYWJ109;2024
Enyingi járás;22,22222222;TYWJ109;2024
Érdi járás;85,71428571;TYWJ109;2024
Esztergomi járás;66,66666667;TYWJ109;2024
Fehérgyarmati járás;36;TYWJ109;2024
Fonyódi járás;47,61904762;TYWJ109;2024
Füzesabonyi járás;56,25;TYWJ109;2024
Gárdonyi járás;20;TYWJ109;2024
Gödöllői járás;86,66666667;TYWJ109;2024
Gönci járás;13,33333333;TYWJ109;2024
Gyáli járás;50;TYWJ109;2024
Gyomaendrődi járás;40;TYWJ109;2024
Gyöngyösi járás;41,66666667;TYWJ109;2024
Győri járás;40;TYWJ109;2024
Gyulai járás;100;TYWJ109;2024
Hajdúböszörményi járás;100;TYWJ109;2024
Hajdúhadházi járás;100;TYWJ109;2024
Hajdúnánási járás;100;TYWJ109;2024
Hajdúszoboszlói járás;100;TYWJ109;2024
Hatvani járás;50;TYWJ109;2024
Hegyháti járás;12;TYWJ109;2024
Hevesi járás;82,35294118;TYWJ109;2024
Hódmezővásárhelyi járás;100;TYWJ109;2024
Ibrányi járás;62,5;TYWJ109;2024
Jánoshalmai járás;40;TYWJ109;2024
Jászapáti járás;88,88888889;TYWJ109;2024
Jászberényi járás;100;TYWJ109;2024
Kalocsai járás;80,95238095;TYWJ109;2024
Kaposvári járás;11,53846154;TYWJ109;2024
Kapuvári járás;10;TYWJ109;2024
Karcagi járás;100;TYWJ109;2024
Kazincbarcikai járás;36,36363636;TYWJ109;2024
Kecskeméti járás;50;TYWJ109;2024
Kemecsei járás;63,63636364;TYWJ109;2024
Keszthelyi járás;13,33333333;TYWJ109;2024
Kisbéri járás;5,88235294;TYWJ109;2024
Kiskőrösi járás;93,33333333;TYWJ109;2024
Kiskunfélegyházi járás;66,66666667;TYWJ109;2024
Kiskunhalasi járás;22,22222222;TYWJ109;2024
Kiskunmajsai járás;50;TYWJ109;2024
Kisteleki járás;33,33333333;TYWJ109;2024
Kisvárdai járás;73,91304348;TYWJ109;2024
Komáromi járás;66,66666667;TYWJ109;2024
Komlói járás;5;TYWJ109;2024
Körmendi járás;4,34782609;TYWJ109;2024
Kőszegi járás;19,04761905;TYWJ109;2024
Kunhegyesi járás;71,42857143;TYWJ109;2024
Kunszentmártoni járás;100;TYWJ109;2024
Kunszentmiklósi járás;22,22222222;TYWJ109;2024
Lenti járás;10,41666667;TYWJ109;2024
Letenyei járás;62,96296296;TYWJ109;2024
Makói járás;66,66666667;TYWJ109;2024
Marcali járás;18,91891892;TYWJ109;2024
Martonvásári járás;25;TYWJ109;2024
Mátészalkai járás;53,84615385;TYWJ109;2024
Mezőcsáti járás;37,5;TYWJ109;2024
Mezőkovácsházai járás;83,33333333;TYWJ109;2024
Mezőkövesdi járás;8,69565217;TYWJ109;2024
Mezőtúri járás;40;TYWJ109;2024
Miskolci járás;43,58974359;TYWJ109;2024
Mohácsi járás;34,61538462;TYWJ109;2024
Monori járás;25;TYWJ109;2024
Mórahalmi járás;100;TYWJ109;2024
Móri járás;38,46153846;TYWJ109;2024
Mosonmagyaróvári járás;3,84615385;TYWJ109;2024
Nagyatádi járás;22,22222222;TYWJ109;2024
Nagykállói járás;87,5;TYWJ109;2024
Nagykanizsai járás;20,40816327;TYWJ109;2024
Nagykátai járás;100;TYWJ109;2024
Nagykőrösi járás;33,33333333;TYWJ109;2024
Nyíradonyi járás;55,55555556;TYWJ109;2024
Nyírbátori járás;40;TYWJ109;2024
Nyíregyházai járás;80;TYWJ109;2024
Orosházi járás;100;TYWJ109;2024
Oroszlányi járás;50;TYWJ109;2024
Ózdi járás;23,52941176;TYWJ109;2024
Paksi járás;26,66666667;TYWJ109;2024
Pannonhalmi járás;5,88235294;TYWJ109;2024
Pápai járás;4,08163265;TYWJ109;2024
Pásztói járás;61,53846154;TYWJ109;2024
Pécsi járás;7,5;TYWJ109;2024
Pécsváradi járás;17,64705882;TYWJ109;2024
Pétervásárai járás;30;TYWJ109;2024
Pilisvörösvári járás;55,55555556;TYWJ109;2024
Putnoki járás;3,84615385;TYWJ109;2024
Püspökladányi járás;100;TYWJ109;2024
Ráckevei járás;27,27272727;TYWJ109;2024
Rétsági járás;12;TYWJ109;2024
Salgótarjáni járás;13,79310345;TYWJ109;2024
Sárbogárdi járás;41,66666667;TYWJ109;2024
Sarkadi járás;72,72727273;TYWJ109;2024
Sárospataki járás;87,5;TYWJ109;2024
Sárvári járás;14,28571429;TYWJ109;2024
Sátoraljaújhelyi járás;14,28571429;TYWJ109;2024
Sellyei járás;13,15789474;TYWJ109;2024
Siklósi járás;5,66037736;TYWJ109;2024
Siófoki járás;20,83333333;TYWJ109;2024
Soproni járás;18,42105263;TYWJ109;2024
Sümegi járás;19,04761905;TYWJ109;2024
Szarvasi járás;83,33333333;TYWJ109;2024
Szécsényi járás;57,14285714;TYWJ109;2024
Szegedi járás;84,61538462;TYWJ109;2024
Szeghalmi járás;71,42857143;TYWJ109;2024
Székesfehérvári járás;36;TYWJ109;2024
Szekszárdi járás;17,64705882;TYWJ109;2024
Szentendrei járás;30,76923077;TYWJ109;2024
Szentesi járás;100;TYWJ109;2024
Szentgotthárdi járás;6,25;TYWJ109;2024
Szentlőrinci járás;4,76190476;TYWJ109;2024
Szerencsi járás;31,25;TYWJ109;2024
Szigetszentmiklósi járás;66,66666667;TYWJ109;2024
Szigetvári járás;4,44444444;TYWJ109;2024
Szikszói járás;20,83333333;TYWJ109;2024
Szobi járás;35,29411765;TYWJ109;2024
Szolnoki járás;61,11111111;TYWJ109;2024
Szombathelyi járás;10;TYWJ109;2024
Tabi járás;8,33333333;TYWJ109;2024
Tamási járás;31,25;TYWJ109;2024
Tapolcai járás;6,06060606;TYWJ109;2024
Tatabányai járás;40;TYWJ109;2024
Tatai járás;10;TYWJ109;2024
Téti járás;14,28571429;TYWJ109;2024
Tiszafüredi járás;100;TYWJ109;2024
Tiszakécskei járás;100;TYWJ109;2024
Tiszaújvárosi járás;31,25;TYWJ109;2024
Tiszavasvári járás;83,33333333;TYWJ109;2024
Tokaji járás;27,27272727;TYWJ109;2024
Tolnai járás;25;TYWJ109;2024
Törökszentmiklósi járás;100;TYWJ109;2024
Váci járás;16,66666667;TYWJ109;2024
Várpalotai járás;37,5;TYWJ109;2024
Vásárosnaményi járás;46,42857143;TYWJ109;2024
Vasvári járás;4,34782609;TYWJ109;2024
Vecsési járás;75;TYWJ109;2024
Veszprémi járás;21,05263158;TYWJ109;2024
Záhonyi járás;27,27272727;TYWJ109;2024
Zalaegerszegi járás;9,52380952;TYWJ109;2024
Zalaszentgróti járás;20;TYWJ109;2024
Zirci járás;6,66666667;TYWJ109;2024
Ajkai járás;100;TYWJ110;2024
Aszódi járás;45,45454545;TYWJ110;2024
Bácsalmási járás;50;TYWJ110;2024
Bajai járás;47,05882353;TYWJ110;2024
Baktalórántházai járás;66,66666667;TYWJ110;2024
Balassagyarmati járás;89,65517241;TYWJ110;2024
Balatonalmádi járás;72,72727273;TYWJ110;2024
Balatonfüredi járás;31,81818182;TYWJ110;2024
Balmazújvárosi járás;80;TYWJ110;2024
Barcsi járás;7,69230769;TYWJ110;2024
Bátonyterenyei járás;75;TYWJ110;2024
Békéscsabai járás;88,88888889;TYWJ110;2024
Békési járás;100;TYWJ110;2024
Bélapátfalvai járás;50;TYWJ110;2024
Berettyóújfalui járás;72;TYWJ110;2024
Bicskei járás;26,66666667;TYWJ110;2024
Bólyi járás;6,25;TYWJ110;2024
Bonyhádi járás;80;TYWJ110;2024
Budakeszi járás;58,33333333;TYWJ110;2024
Budapest, illetve fiktív területi egység;0;TYWJ110;2024
Ceglédi járás;50;TYWJ110;2024
Celldömölki járás;32,14285714;TYWJ110;2024
Cigándi járás;100;TYWJ110;2024
Csengeri járás;27,27272727;TYWJ110;2024
Csongrádi járás;75;TYWJ110;2024
Csornai járás;36,36363636;TYWJ110;2024
Csurgói járás;55,55555556;TYWJ110;2024
Dabasi járás;54,54545455;TYWJ110;2024
Debreceni járás;100;TYWJ110;2024
Derecskei járás;84,61538462;TYWJ110;2024
Devecseri járás;100;TYWJ110;2024
Dombóvári járás;62,5;TYWJ110;2024
Dunakeszi járás;75;TYWJ110;2024
Dunaújvárosi járás;87,5;TYWJ110;2024
Edelényi járás;37,77777778;TYWJ110;2024
Egri járás;68,18181818;TYWJ110;2024
Encsi járás;27,5862069;TYWJ110;2024
Enyingi járás;22,22222222;TYWJ110;2024
Érdi járás;85,71428571;TYWJ110;2024
Esztergomi járás;87,5;TYWJ110;2024
Fehérgyarmati járás;46;TYWJ110;2024
Fonyódi járás;47,61904762;TYWJ110;2024
Füzesabonyi járás;56,25;TYWJ110;2024
Gárdonyi járás;70;TYWJ110;2024
Gödöllői járás;93,33333333;TYWJ110;2024
Gönci járás;46,66666667;TYWJ110;2024
Gyáli járás;100;TYWJ110;2024
Gyomaendrődi járás;60;TYWJ110;2024
Gyöngyösi járás;75;TYWJ110;2024
Győri járás;22,85714286;TYWJ110;2024
Gyulai járás;100;TYWJ110;2024
Hajdúböszörményi járás;100;TYWJ110;2024
Hajdúhadházi járás;66,66666667;TYWJ110;2024
Hajdúnánási járás;83,33333333;TYWJ110;2024
Hajdúszoboszlói járás;100;TYWJ110;2024
Hatvani járás;92,85714286;TYWJ110;2024
Hegyháti járás;36;TYWJ110;2024
Hevesi járás;88,23529412;TYWJ110;2024
Hódmezővásárhelyi járás;100;TYWJ110;2024
Ibrányi járás;62,5;TYWJ110;2024
Jánoshalmai járás;40;TYWJ110;2024
Jászapáti járás;88,88888889;TYWJ110;2024
Jászberényi járás;100;TYWJ110;2024
Kalocsai járás;76,19047619;TYWJ110;2024
Kaposvári járás;14,1025641;TYWJ110;2024
Kapuvári járás;15;TYWJ110;2024
Karcagi járás;100;TYWJ110;2024
Kazincbarcikai járás;77,27272727;TYWJ110;2024
Kecskeméti járás;81,25;TYWJ110;2024
Kemecsei járás;72,72727273;TYWJ110;2024
Keszthelyi járás;70;TYWJ110;2024
Kisbéri járás;94,11764706;TYWJ110;2024
Kiskőrösi járás;86,66666667;TYWJ110;2024
Kiskunfélegyházi járás;83,33333333;TYWJ110;2024
Kiskunhalasi járás;100;TYWJ110;2024
Kiskunmajsai járás;83,33333333;TYWJ110;2024
Kisteleki járás;66,66666667;TYWJ110;2024
Kisvárdai járás;73,91304348;TYWJ110;2024
Komáromi járás;66,66666667;TYWJ110;2024
Komlói járás;30;TYWJ110;2024
Körmendi járás;43,47826087;TYWJ110;2024
Kőszegi járás;33,33333333;TYWJ110;2024
Kunhegyesi járás;71,42857143;TYWJ110;2024
Kunszentmártoni járás;100;TYWJ110;2024
Kunszentmiklósi járás;22,22222222;TYWJ110;2024
Lenti járás;29,16666667;TYWJ110;2024
Letenyei járás;59,25925926;TYWJ110;2024
Makói járás;66,66666667;TYWJ110;2024
Marcali járás;70,27027027;TYWJ110;2024
Martonvásári járás;37,5;TYWJ110;2024
Mátészalkai járás;69,23076923;TYWJ110;2024
Mezőcsáti járás;100;TYWJ110;2024
Mezőkovácsházai járás;83,33333333;TYWJ110;2024
Mezőkövesdi járás;82,60869565;TYWJ110;2024
Mezőtúri járás;40;TYWJ110;2024
Miskolci járás;69,23076923;TYWJ110;2024
Mohácsi járás;57,69230769;TYWJ110;2024
Monori járás;50;TYWJ110;2024
Mórahalmi járás;100;TYWJ110;2024
Móri járás;46,15384615;TYWJ110;2024
Mosonmagyaróvári járás;3,84615385;TYWJ110;2024
Nagyatádi járás;22,22222222;TYWJ110;2024
Nagykállói járás;100;TYWJ110;2024
Nagykanizsai járás;75,51020408;TYWJ110;2024
Nagykátai járás;93,33333333;TYWJ110;2024
Nagykőrösi járás;33,33333333;TYWJ110;2024
Nyíradonyi járás;55,55555556;TYWJ110;2024
Nyírbátori járás;75;TYWJ110;2024
Nyíregyházai járás;80;TYWJ110;2024
Orosházi járás;100;TYWJ110;2024
Oroszlányi járás;66,66666667;TYWJ110;2024
Ózdi járás;70,58823529;TYWJ110;2024
Paksi járás;33,33333333;TYWJ110;2024
Pannonhalmi járás;5,88235294;TYWJ110;2024
Pápai járás;79,59183673;TYWJ110;2024
Pásztói járás;80,76923077;TYWJ110;2024
Pécsi járás;12,5;TYWJ110;2024
Pécsváradi járás;52,94117647;TYWJ110;2024
Pétervásárai járás;80;TYWJ110;2024
Pilisvörösvári járás;55,55555556;TYWJ110;2024
Putnoki járás;23,07692308;TYWJ110;2024
Püspökladányi járás;83,33333333;TYWJ110;2024
Ráckevei járás;27,27272727;TYWJ110;2024
Rétsági járás;96;TYWJ110;2024
Salgótarjáni járás;75,86206897;TYWJ110;2024
Sárbogárdi járás;41,66666667;TYWJ110;2024
Sarkadi járás;81,81818182;TYWJ110;2024
Sárospataki járás;93,75;TYWJ110;2024
Sárvári járás;76,19047619;TYWJ110;2024
Sátoraljaújhelyi járás;28,57142857;TYWJ110;2024
Sellyei járás;10,52631579;TYWJ110;2024
Siklósi járás;26,41509434;TYWJ110;2024
Siófoki járás;79,16666667;TYWJ110;2024
Soproni járás;47,36842105;TYWJ110;2024
Sümegi járás;33,33333333;TYWJ110;2024
Szarvasi járás;83,33333333;TYWJ110;2024
Szécsényi járás;92,85714286;TYWJ110;2024
Szegedi járás;84,61538462;TYWJ110;2024
Szeghalmi járás;85,71428571;TYWJ110;2024
Székesfehérvári járás;44;TYWJ110;2024
Szekszárdi járás;82,35294118;TYWJ110;2024
Szentendrei járás;53,84615385;TYWJ110;2024
Szentesi járás;100;TYWJ110;2024
Szentgotthárdi járás;56,25;TYWJ110;2024
Szentlőrinci járás;28,57142857;TYWJ110;2024
Szerencsi járás;93,75;TYWJ110;2024
Szigetszentmiklósi járás;77,77777778;TYWJ110;2024
Szigetvári járás;20;TYWJ110;2024
Szikszói járás;41,66666667;TYWJ110;2024
Szobi járás;35,29411765;TYWJ110;2024
Szolnoki járás;61,11111111;TYWJ110;2024
Szombathelyi járás;35;TYWJ110;2024
Tabi járás;16,66666667;TYWJ110;2024
Tamási járás;46,875;TYWJ110;2024
Tapolcai járás;6,06060606;TYWJ110;2024
Tatabányai járás;40;TYWJ110;2024
Tatai járás;80;TYWJ110;2024
Téti járás;57,14285714;TYWJ110;2024
Tiszafüredi járás;100;TYWJ110;2024
Tiszakécskei járás;100;TYWJ110;2024
Tiszaújvárosi járás;75;TYWJ110;2024
Tiszavasvári járás;100;TYWJ110;2024
Tokaji járás;72,72727273;TYWJ110;2024
Tolnai járás;100;TYWJ110;2024
Törökszentmiklósi járás;100;TYWJ110;2024
Váci járás;38,88888889;TYWJ110;2024
Várpalotai járás;87,5;TYWJ110;2024
Vásárosnaményi járás;60,71428571;TYWJ110;2024
Vasvári járás;91,30434783;TYWJ110;2024
Vecsési járás;75;TYWJ110;2024
Veszprémi járás;21,05263158;TYWJ110;2024
Záhonyi járás;9,09090909;TYWJ110;2024
Zalaegerszegi járás;23,80952381;TYWJ110;2024
Zalaszentgróti járás;45;TYWJ110;2024
Zirci járás;100;TYWJ110;2024
Ajkai járás;2,52621544;TYWJ111;2024
Aszódi járás;2,82192583;TYWJ111;2024
Bácsalmási járás;4,6432149;TYWJ111;2024
Bajai járás;3,16319803;TYWJ111;2024
Baktalórántházai járás;3,240714;TYWJ111;2024
Balassagyarmati járás;2,46474933;TYWJ111;2024
Balatonalmádi járás;1,4455152;TYWJ111;2024
Balatonfüredi járás;1,43675905;TYWJ111;2024
Balmazújvárosi járás;2,54975342;TYWJ111;2024
Barcsi járás;4,04238619;TYWJ111;2024
Bátonyterenyei járás;3,08320352;TYWJ111;2024
Békéscsabai járás;4,28585121;TYWJ111;2024
Békési járás;5,7351343;TYWJ111;2024
Bélapátfalvai járás;4,35900733;TYWJ111;2024
Berettyóújfalui járás;2,83623056;TYWJ111;2024
Bicskei járás;2,14315381;TYWJ111;2024
Bólyi járás;2,78790087;TYWJ111;2024
Bonyhádi járás;7,1043231;TYWJ111;2024
Budakeszi járás;1,09584328;TYWJ111;2024
Budapest, illetve fiktív területi egység;1,41009216;TYWJ111;2024
Ceglédi járás;2,79062493;TYWJ111;2024
Celldömölki járás;3,60181892;TYWJ111;2024
Cigándi járás;2,85754406;TYWJ111;2024
Csengeri járás;3,01287762;TYWJ111;2024
Csongrádi járás;4,75356396;TYWJ111;2024
Csornai járás;2,67438568;TYWJ111;2024
Csurgói járás;3,89209226;TYWJ111;2024
Dabasi járás;2,59140099;TYWJ111;2024
Debreceni járás;1,82574532;TYWJ111;2024
Derecskei járás;2,63586152;TYWJ111;2024
Devecseri járás;3,32877008;TYWJ111;2024
Dombóvári járás;5,2484527;TYWJ111;2024
Dunakeszi járás;1,2382089;TYWJ111;2024
Dunaújvárosi járás;1,87240183;TYWJ111;2024
Edelényi járás;2,77795295;TYWJ111;2024
Egri járás;2,35440212;TYWJ111;2024
Encsi járás;2,4314537;TYWJ111;2024
Enyingi járás;2,60748099;TYWJ111;2024
Érdi járás;1,3764322;TYWJ111;2024
Esztergomi járás;2,39734234;TYWJ111;2024
Fehérgyarmati járás;2,91163197;TYWJ111;2024
Fonyódi járás;2,29470077;TYWJ111;2024
Füzesabonyi járás;3,17705342;TYWJ111;2024
Gárdonyi járás;1,49944128;TYWJ111;2024
Gödöllői járás;1,59176263;TYWJ111;2024
Gönci járás;2,21957489;TYWJ111;2024
Gyáli járás;2,05937048;TYWJ111;2024
Gyomaendrődi járás;5,07174666;TYWJ111;2024
Gyöngyösi járás;2,23383311;TYWJ111;2024
Győri járás;1,73748894;TYWJ111;2024
Gyulai járás;5,18964809;TYWJ111;2024
Hajdúböszörményi járás;2,48296785;TYWJ111;2024
Hajdúhadházi járás;1,80092377;TYWJ111;2024
Hajdúnánási járás;2,40933391;TYWJ111;2024
Hajdúszoboszlói járás;2,02723505;TYWJ111;2024
Hatvani járás;2,55193717;TYWJ111;2024
Hegyháti járás;4,39297859;TYWJ111;2024
Hevesi járás;3,0353569;TYWJ111;2024
Hódmezővásárhelyi járás;3,93909107;TYWJ111;2024
Ibrányi járás;3,08327598;TYWJ111;2024
Jánoshalmai járás;3,98526897;TYWJ111;2024
Jászapáti járás;3,31595479;TYWJ111;2024
Jászberényi járás;2,8358301;TYWJ111;2024
Kalocsai járás;3,45127029;TYWJ111;2024
Kaposvári járás;2,99134036;TYWJ111;2024
Kapuvári járás;2,883892;TYWJ111;2024
Karcagi járás;3,42980492;TYWJ111;2024
Kazincbarcikai járás;2,75207014;TYWJ111;2024
Kecskeméti járás;1,9819171;TYWJ111;2024
Kemecsei járás;3,33511855;TYWJ111;2024
Keszthelyi járás;2,05835123;TYWJ111;2024
Kisbéri járás;3,54957806;TYWJ111;2024
Kiskőrösi járás;3,7074011;TYWJ111;2024
Kiskunfélegyházi járás;2,38494556;TYWJ111;2024
Kiskunhalasi járás;3,89206413;TYWJ111;2024
Kiskunmajsai járás;3,01302476;TYWJ111;2024
Kisteleki járás;5,20565553;TYWJ111;2024
Kisvárdai járás;3,36908718;TYWJ111;2024
Komáromi járás;2,16346765;TYWJ111;2024
Komlói járás;6,01998149;TYWJ111;2024
Körmendi járás;3,06446362;TYWJ111;2024
Kőszegi járás;1,78948191;TYWJ111;2024
Kunhegyesi járás;3,46406949;TYWJ111;2024
Kunszentmártoni járás;3,46487007;TYWJ111;2024
Kunszentmiklósi járás;2,50499621;TYWJ111;2024
Lenti járás;3,02095825;TYWJ111;2024
Letenyei járás;3,52692714;TYWJ111;2024
Makói járás;4,28449224;TYWJ111;2024
Marcali járás;3,11061341;TYWJ111;2024
Martonvásári járás;1,93497901;TYWJ111;2024
Mátészalkai járás;3,51524174;TYWJ111;2024
Mezőcsáti járás;3,31433713;TYWJ111;2024
Mezőkovácsházai járás;4,90321774;TYWJ111;2024
Mezőkövesdi járás;3,17365113;TYWJ111;2024
Mezőtúri járás;3,58268845;TYWJ111;2024
Miskolci járás;2,24515416;TYWJ111;2024
Mohácsi járás;3,67415625;TYWJ111;2024
Monori járás;2,3106132;TYWJ111;2024
Mórahalmi járás;4,30455425;TYWJ111;2024
Móri járás;2,58263843;TYWJ111;2024
Mosonmagyaróvári járás;1,58529724;TYWJ111;2024
Nagyatádi járás;4,1735778;TYWJ111;2024
Nagykállói járás;3,57859292;TYWJ111;2024
Nagykanizsai járás;2,96448404;TYWJ111;2024
Nagykátai járás;3,15130908;TYWJ111;2024
Nagykőrösi járás;3,18875172;TYWJ111;2024
Nyíradonyi járás;3,1193912;TYWJ111;2024
Nyírbátori járás;3,18176061;TYWJ111;2024
Nyíregyházai járás;2,50249568;TYWJ111;2024
Orosházi járás;4,08418089;TYWJ111;2024
Oroszlányi járás;3,94006659;TYWJ111;2024
Ózdi járás;2,9001345;TYWJ111;2024
Paksi járás;3,64638216;TYWJ111;2024
Pannonhalmi járás;2,24910225;TYWJ111;2024
Pápai járás;3,04185337;TYWJ111;2024
Pásztói járás;2,58777451;TYWJ111;2024
Pécsi járás;3,20559018;TYWJ111;2024
Pécsváradi járás;4,58588105;TYWJ111;2024
Pétervásárai járás;3,51707448;TYWJ111;2024
Pilisvörösvári járás;1,29735519;TYWJ111;2024
Putnoki járás;3,29795527;TYWJ111;2024
Püspökladányi járás;2,83695991;TYWJ111;2024
Ráckevei járás;2,42775154;TYWJ111;2024
Rétsági járás;2,33997771;TYWJ111;2024
Salgótarjáni járás;2,76244111;TYWJ111;2024
Sárbogárdi járás;2,41916903;TYWJ111;2024
Sarkadi járás;7,21559797;TYWJ111;2024
Sárospataki járás;2,6237503;TYWJ111;2024
Sárvári járás;2,61078946;TYWJ111;2024
Sátoraljaújhelyi járás;2,64951968;TYWJ111;2024
Sellyei járás;4,79401966;TYWJ111;2024
Siklósi járás;4,06582187;TYWJ111;2024
Siófoki járás;1,93677297;TYWJ111;2024
Soproni járás;1,71384462;TYWJ111;2024
Sümegi járás;4,15150867;TYWJ111;2024
Szarvasi járás;4,73496495;TYWJ111;2024
Szécsényi járás;3,57989706;TYWJ111;2024
Szegedi járás;2,85166904;TYWJ111;2024
Szeghalmi járás;5,08535133;TYWJ111;2024
Székesfehérvári járás;1,81348534;TYWJ111;2024
Szekszárdi járás;4,52622351;TYWJ111;2024
Szentendrei járás;1,28928924;TYWJ111;2024
Szentesi járás;4,33172166;TYWJ111;2024
Szentgotthárdi járás;3,69669626;TYWJ111;2024
Szentlőrinci járás;4,89402414;TYWJ111;2024
Szerencsi járás;2,40894199;TYWJ111;2024
Szigetszentmiklósi járás;1,6192733;TYWJ111;2024
Szigetvári járás;5,24838494;TYWJ111;2024
Szikszói járás;2,22286541;TYWJ111;2024
Szobi járás;1,96640395;TYWJ111;2024
Szolnoki járás;2,8327267;TYWJ111;2024
Szombathelyi járás;2,26498296;TYWJ111;2024
Tabi járás;3,68643322;TYWJ111;2024
Tamási járás;4,99123563;TYWJ111;2024
Tapolcai járás;2,3648439;TYWJ111;2024
Tatabányai járás;3,16083418;TYWJ111;2024
Tatai járás;2,38598079;TYWJ111;2024
Téti járás;2,69883592;TYWJ111;2024
Tiszafüredi járás;3,67144809;TYWJ111;2024
Tiszakécskei járás;2,53684866;TYWJ111;2024
Tiszaújvárosi járás;2,00441592;TYWJ111;2024
Tiszavasvári járás;2,20182028;TYWJ111;2024
Tokaji járás;2,60110458;TYWJ111;2024
Tolnai járás;4,79767103;TYWJ111;2024
Törökszentmiklósi járás;3,38885698;TYWJ111;2024
Váci járás;2,00177497;TYWJ111;2024
Várpalotai járás;2,3137554;TYWJ111;2024
Vásárosnaményi járás;2,8245263;TYWJ111;2024
Vasvári járás;3,80123834;TYWJ111;2024
Vecsési járás;1,83226369;TYWJ111;2024
Veszprémi járás;1,72168085;TYWJ111;2024
Záhonyi járás;2,8126835;TYWJ111;2024
Zalaegerszegi járás;2,98761594;TYWJ111;2024
Zalaszentgróti járás;3,07967131;TYWJ111;2024
Zirci járás;2,49500998;TYWJ111;2024
Ajkai járás;601802,6045;TYWN005;2025
Ajkai járás;580653,2273;TYWN005;2024
Aszódi járás;651369,7577;TYWN005;2025
Aszódi járás;619787,3291;TYWN005;2024
Bácsalmási járás;490368,2152;TYWN005;2025
Bácsalmási járás;471201,104;TYWN005;2024
Bajai járás;549220,5176;TYWN005;2024
Bajai járás;578348,3535;TYWN005;2025
Baktalórántházai járás;446434,8784;TYWN005;2024
Baktalórántházai járás;478779,9201;TYWN005;2025
Balassagyarmati járás;591120,2075;TYWN005;2025
Balassagyarmati járás;571084,7467;TYWN005;2024
Balatonalmádi járás;673019,7796;TYWN005;2024
Balatonalmádi járás;710123,9205;TYWN005;2025
Balatonfüredi járás;655898,749;TYWN005;2024
Balatonfüredi járás;701862,2392;TYWN005;2025
Balmazújvárosi járás;488216,4735;TYWN005;2024
Balmazújvárosi járás;521751,5669;TYWN005;2025
Barcsi járás;486028,8673;TYWN005;2024
Barcsi járás;517548,258;TYWN005;2025
Bátonyterenyei járás;540217,5145;TYWN005;2024
Bátonyterenyei járás;564800,4489;TYWN005;2025
Békéscsabai járás;570764,8158;TYWN005;2024
Békéscsabai járás;597376,6224;TYWN005;2025
Békési járás;526504,9825;TYWN005;2025
Békési járás;502463,8942;TYWN005;2024
Bélapátfalvai járás;526356,0636;TYWN005;2024
Bélapátfalvai járás;551225,3764;TYWN005;2025
Berettyóújfalui járás;533268,0871;TYWN005;2025
Berettyóújfalui járás;505497,0002;TYWN005;2024
Bicskei járás;662898,9361;TYWN005;2024
Bicskei járás;689959,0479;TYWN005;2025
Bólyi járás;576073,7591;TYWN005;2025
Bólyi járás;550743,5395;TYWN005;2024
Bonyhádi járás;529863,2745;TYWN005;2024
Bonyhádi járás;557039,8059;TYWN005;2025
Budakeszi járás;893533,3871;TYWN005;2024
Budakeszi járás;957002,8217;TYWN005;2025
Budapest, illetve fiktív területi egység;824068,4624;TYWN005;2024
Budapest, illetve fiktív területi egység;878270,0208;TYWN005;2025
Ceglédi járás;588123,0167;TYWN005;2024
Ceglédi járás;613966,7596;TYWN005;2025
Celldömölki járás;575288,5092;TYWN005;2024
Celldömölki járás;592289,2214;TYWN005;2025
Cigándi járás;390968,8458;TYWN005;2024
Cigándi járás;420209,6093;TYWN005;2025
Csengeri járás;422004,0372;TYWN005;2024
Csengeri járás;449079,6681;TYWN005;2025
Csongrádi járás;587328,9621;TYWN005;2025
Csongrádi járás;551090,8869;TYWN005;2024
Csornai járás;665026,9564;TYWN005;2025
Csornai járás;632336,7721;TYWN005;2024
Csurgói járás;491379,3831;TYWN005;2024
Csurgói járás;521809,7871;TYWN005;2025
Dabasi járás;581640,0963;TYWN005;2024
Dabasi járás;605813,8665;TYWN005;2025
Debreceni járás;712125,2916;TYWN005;2025
Debreceni járás;678682,1743;TYWN005;2024
Derecskei járás;535375,7207;TYWN005;2025
Derecskei járás;503759,94;TYWN005;2024
Devecseri járás;503969,5325;TYWN005;2024
Devecseri járás;525753,7893;TYWN005;2025
Dombóvári járás;544501,0826;TYWN005;2024
Dombóvári járás;568694,2327;TYWN005;2025
Dunakeszi járás;857174,2187;TYWN005;2025
Dunakeszi járás;804249,7103;TYWN005;2024
Dunaújvárosi járás;652066,7575;TYWN005;2025
Dunaújvárosi járás;636605,465;TYWN005;2024
Edelényi járás;482575,5686;TYWN005;2025
Edelényi járás;462097,1676;TYWN005;2024
Egri járás;630081,4589;TYWN005;2024
Egri járás;657359,4247;TYWN005;2025
Encsi járás;469929,6333;TYWN005;2025
Encsi járás;435242,8491;TYWN005;2024
Enyingi járás;555091,7253;TYWN005;2025
Enyingi járás;536928,2386;TYWN005;2024
Érdi járás;827176,3209;TYWN005;2025
Érdi járás;783307,0842;TYWN005;2024
Esztergomi járás;673340,2035;TYWN005;2025
Esztergomi járás;646017,0711;TYWN005;2024
Fehérgyarmati járás;443134,3815;TYWN005;2025
Fehérgyarmati járás;420435,3144;TYWN005;2024
Fonyódi járás;542891,6414;TYWN005;2024
Fonyódi járás;578050,6919;TYWN005;2025
Füzesabonyi járás;526563,4085;TYWN005;2024
Füzesabonyi járás;550689,5875;TYWN005;2025
Gárdonyi járás;780928,2884;TYWN005;2025
Gárdonyi járás;741118,1609;TYWN005;2024
Gödöllői járás;756590,2743;TYWN005;2024
Gödöllői járás;806243,6118;TYWN005;2025
Gönci járás;410188,2268;TYWN005;2024
Gönci járás;436124,919;TYWN005;2025
Gyáli járás;638400,3369;TYWN005;2024
Gyáli járás;669453,6358;TYWN005;2025
Gyomaendrődi járás;505150,2415;TYWN005;2025
Gyomaendrődi járás;475631,8441;TYWN005;2024
Gyöngyösi járás;658569,4105;TYWN005;2025
Gyöngyösi járás;638258,8391;TYWN005;2024
Győri járás;797979,0405;TYWN005;2025
Győri járás;757645,276;TYWN005;2024
Gyulai járás;595371,7306;TYWN005;2025
Gyulai járás;576309,2674;TYWN005;2024
Hajdúböszörményi járás;558140,7322;TYWN005;2025
Hajdúböszörményi járás;526027,4483;TYWN005;2024
Hajdúhadházi járás;526374,8412;TYWN005;2024
Hajdúhadházi járás;555516,053;TYWN005;2025
Hajdúnánási járás;514826,3661;TYWN005;2024
Hajdúnánási járás;544213,9146;TYWN005;2025
Hajdúszoboszlói járás;578362,2116;TYWN005;2024
Hajdúszoboszlói járás;603397,7454;TYWN005;2025
Hatvani járás;667147,2329;TYWN005;2025
Hatvani járás;638201,752;TYWN005;2024
Hegyháti járás;503376,4223;TYWN005;2025
Hegyháti járás;477576,7661;TYWN005;2024
Hevesi járás;504603,6967;TYWN005;2025
Hevesi járás;480089,5783;TYWN005;2024
Hódmezővásárhelyi járás;578596,3017;TYWN005;2025
Hódmezővásárhelyi járás;556804,5125;TYWN005;2024
Ibrányi járás;461794,6216;TYWN005;2024
Ibrányi járás;492469,476;TYWN005;2025
Jánoshalmai járás;492297,7375;TYWN005;2024
Jánoshalmai járás;510224,1343;TYWN005;2025
Jászapáti járás;540633,2463;TYWN005;2025
Jászapáti járás;511125,0038;TYWN005;2024
Jászberényi járás;595582,0965;TYWN005;2024
Jászberényi járás;633930,6331;TYWN005;2025
Kalocsai járás;552500,6498;TYWN005;2025
Kalocsai járás;530764,2407;TYWN005;2024
Kaposvári járás;594956,5175;TYWN005;2025
Kaposvári járás;565435,2813;TYWN005;2024
Kapuvári járás;577886,8922;TYWN005;2025
Kapuvári járás;553016,6248;TYWN005;2024
Karcagi járás;548768,4886;TYWN005;2025
Karcagi járás;518837,9445;TYWN005;2024
Kazincbarcikai járás;595757,6861;TYWN005;2025
Kazincbarcikai járás;592439,0145;TYWN005;2024
Kecskeméti járás;649982,4566;TYWN005;2024
Kecskeméti járás;681014,4884;TYWN005;2025
Kemecsei járás;459378,2224;TYWN005;2024
Kemecsei járás;490640,5235;TYWN005;2025
Keszthelyi járás;563637,8421;TYWN005;2024
Keszthelyi járás;594787,5522;TYWN005;2025
Kisbéri járás;612581,5445;TYWN005;2024
Kisbéri járás;638110,7845;TYWN005;2025
Kiskőrösi járás;512745,8199;TYWN005;2024
Kiskőrösi járás;539358,3116;TYWN005;2025
Kiskunfélegyházi járás;571398,4508;TYWN005;2024
Kiskunfélegyházi járás;607061,7561;TYWN005;2025
Kiskunhalasi járás;548293,3622;TYWN005;2024
Kiskunhalasi járás;574954,1757;TYWN005;2025
Kiskunmajsai járás;521194,0338;TYWN005;2024
Kiskunmajsai járás;545803,4086;TYWN005;2025
Kisteleki járás;498955,423;TYWN005;2024
Kisteleki járás;521927,9366;TYWN005;2025
Kisvárdai járás;556380,5075;TYWN005;2025
Kisvárdai járás;522487,1993;TYWN005;2024
Komáromi járás;681194,4559;TYWN005;2024
Komáromi járás;708167,3755;TYWN005;2025
Komlói járás;543355,4823;TYWN005;2025
Komlói járás;514090,5447;TYWN005;2024
Körmendi járás;609056,998;TYWN005;2025
Körmendi járás;584485,1085;TYWN005;2024
Kőszegi járás;601741,5641;TYWN005;2024
Kőszegi járás;624184,9092;TYWN005;2025
Kunhegyesi járás;439562,6186;TYWN005;2024
Kunhegyesi járás;465908,3913;TYWN005;2025
Kunszentmártoni járás;535886,4827;TYWN005;2025
Kunszentmártoni járás;511642,1842;TYWN005;2024
Kunszentmiklósi járás;563089,629;TYWN005;2025
Kunszentmiklósi járás;540469,3439;TYWN005;2024
Lenti járás;508381,5859;TYWN005;2024
Lenti járás;538991,9708;TYWN005;2025
Letenyei járás;505243,5503;TYWN005;2024
Letenyei járás;532969,5287;TYWN005;2025
Makói járás;559979,411;TYWN005;2025
Makói járás;531429,5372;TYWN005;2024
Marcali járás;509440,9135;TYWN005;2024
Marcali járás;541165,4277;TYWN005;2025
Martonvásári járás;679078,9488;TYWN005;2025
Martonvásári járás;648825,5278;TYWN005;2024
Mátészalkai járás;486720,2896;TYWN005;2024
Mátészalkai járás;515723,9468;TYWN005;2025
Mezőcsáti járás;468080,1215;TYWN005;2024
Mezőcsáti járás;491149,1753;TYWN005;2025
Mezőkovácsházai járás;487945,282;TYWN005;2025
Mezőkovácsházai járás;467344,5261;TYWN005;2024
Mezőkövesdi járás;561452,2668;TYWN005;2024
Mezőkövesdi járás;577297,6486;TYWN005;2025
Mezőtúri járás;499820,9915;TYWN005;2024
Mezőtúri járás;525240,4263;TYWN005;2025
Miskolci járás;616043,7799;TYWN005;2024
Miskolci járás;643097,499;TYWN005;2025
Mohácsi járás;541763,6392;TYWN005;2024
Mohácsi járás;567865,4037;TYWN005;2025
Monori járás;647176,8316;TYWN005;2024
Monori járás;679557,748;TYWN005;2025
Mórahalmi járás;525213,8858;TYWN005;2024
Mórahalmi járás;553482,8562;TYWN005;2025
Móri járás;637539,1985;TYWN005;2024
Móri járás;671018,3766;TYWN005;2025
Mosonmagyaróvári járás;638949,7722;TYWN005;2025
Mosonmagyaróvári járás;617937,302;TYWN005;2024
Nagyatádi járás;495888,6345;TYWN005;2024
Nagyatádi járás;528046,0711;TYWN005;2025
Nagykállói járás;495612,178;TYWN005;2025
Nagykállói járás;464210,4385;TYWN005;2024
Nagykanizsai járás;556074,5802;TYWN005;2024
Nagykanizsai járás;584702,181;TYWN005;2025
Nagykátai járás;596774,1899;TYWN005;2025
Nagykátai járás;570073,7154;TYWN005;2024
Nagykőrösi járás;615103,9446;TYWN005;2025
Nagykőrösi járás;582231,6855;TYWN005;2024
Nyíradonyi járás;503752,8949;TYWN005;2025
Nyíradonyi járás;475186,5591;TYWN005;2024
Nyírbátori járás;480872,0922;TYWN005;2024
Nyírbátori járás;515506,5987;TYWN005;2025
Nyíregyházai járás;625456,6631;TYWN005;2025
Nyíregyházai járás;589781,2587;TYWN005;2024
Orosházi járás;543360,8153;TYWN005;2024
Orosházi járás;568941,6547;TYWN005;2025
Oroszlányi járás;669896,8032;TYWN005;2025
Oroszlányi járás;631778,6478;TYWN005;2024
Ózdi járás;507072,8069;TYWN005;2025
Ózdi járás;481102,4852;TYWN005;2024
Paksi járás;717171,2362;TYWN005;2025
Paksi járás;722349,3027;TYWN005;2024
Pannonhalmi járás;651603,399;TYWN005;2024
Pannonhalmi járás;688131,5701;TYWN005;2025
Pápai járás;624035,214;TYWN005;2025
Pápai járás;591046,398;TYWN005;2024
Pásztói járás;553124,1381;TYWN005;2024
Pásztói járás;579594,9981;TYWN005;2025
Pécsi járás;684480,414;TYWN005;2025
Pécsi járás;651330,5804;TYWN005;2024
Pécsváradi járás;570090,7758;TYWN005;2025
Pécsváradi járás;543193,074;TYWN005;2024
Pétervásárai járás;516830,11;TYWN005;2024
Pétervásárai járás;541642,4171;TYWN005;2025
Pilisvörösvári járás;857726,3956;TYWN005;2025
Pilisvörösvári járás;799810,9041;TYWN005;2024
Putnoki járás;499803,4178;TYWN005;2025
Putnoki járás;484013,0298;TYWN005;2024
Püspökladányi járás;524834,8657;TYWN005;2025
Püspökladányi járás;496604,5227;TYWN005;2024
Ráckevei járás;610629,1332;TYWN005;2025
Ráckevei járás;581766,6297;TYWN005;2024
Rétsági járás;593467,6366;TYWN005;2024
Rétsági járás;616680,661;TYWN005;2025
Salgótarjáni járás;540292,4222;TYWN005;2024
Salgótarjáni járás;565085,8443;TYWN005;2025
Sárbogárdi járás;568757,8322;TYWN005;2025
Sárbogárdi járás;548862,7204;TYWN005;2024
Sarkadi járás;466306,0323;TYWN005;2025
Sarkadi járás;448246,4796;TYWN005;2024
Sárospataki járás;519984,933;TYWN005;2024
Sárospataki járás;546064,6469;TYWN005;2025
Sárvári járás;616000,4921;TYWN005;2025
Sárvári járás;598261,1483;TYWN005;2024
Sátoraljaújhelyi járás;516296,9793;TYWN005;2024
Sátoraljaújhelyi járás;546143,836;TYWN005;2025
Sellyei járás;455253,9927;TYWN005;2025
Sellyei járás;429565,2624;TYWN005;2024
Siklósi járás;497515,834;TYWN005;2024
Siklósi járás;526385,6446;TYWN005;2025
Siófoki járás;650519,4825;TYWN005;2025
Siófoki járás;617366,7552;TYWN005;2024
Soproni járás;608944,4305;TYWN005;2024
Soproni járás;633959,9548;TYWN005;2025
Sümegi járás;496593,1806;TYWN005;2024
Sümegi járás;524588,9748;TYWN005;2025
Szarvasi járás;527792,2367;TYWN005;2024
Szarvasi járás;554498,0923;TYWN005;2025
Szécsényi járás;505155,1418;TYWN005;2025
Szécsényi járás;477733,2829;TYWN005;2024
Szegedi járás;657680,0445;TYWN005;2024
Szegedi járás;687063,9117;TYWN005;2025
Szeghalmi járás;476950,4533;TYWN005;2024
Szeghalmi járás;496179,1202;TYWN005;2025
Székesfehérvári járás;721259,4616;TYWN005;2025
Székesfehérvári járás;686799,8399;TYWN005;2024
Szekszárdi járás;603949,5965;TYWN005;2024
Szekszárdi járás;624861,931;TYWN005;2025
Szentendrei járás;776594,6459;TYWN005;2024
Szentendrei járás;827618,109;TYWN005;2025
Szentesi járás;553268,3064;TYWN005;2024
Szentesi járás;569662,4202;TYWN005;2025
Szentgotthárdi járás;617361,6663;TYWN005;2024
Szentgotthárdi járás;662622,6712;TYWN005;2025
Szentlőrinci járás;513127,875;TYWN005;2024
Szentlőrinci járás;537093,1063;TYWN005;2025
Szerencsi járás;487974,9893;TYWN005;2024
Szerencsi járás;516300,1536;TYWN005;2025
Szigetszentmiklósi járás;741783,1812;TYWN005;2025
Szigetszentmiklósi járás;700515,0597;TYWN005;2024
Szigetvári járás;477533,9364;TYWN005;2024
Szigetvári járás;503239,6909;TYWN005;2025
Szikszói járás;448156,9328;TYWN005;2024
Szikszói járás;473799,4598;TYWN005;2025
Szobi járás;674199,5994;TYWN005;2025
Szobi járás;645044,1819;TYWN005;2024
Szolnoki járás;644178,6303;TYWN005;2025
Szolnoki járás;622499,4522;TYWN005;2024
Szombathelyi járás;664922,1864;TYWN005;2025
Szombathelyi járás;645711,888;TYWN005;2024
Tabi járás;485988,8371;TYWN005;2024
Tabi járás;508242,1158;TYWN005;2025
Tamási járás;492197,244;TYWN005;2024
Tamási járás;516382,7005;TYWN005;2025
Tapolcai járás;567771,014;TYWN005;2024
Tapolcai járás;595956,4625;TYWN005;2025
Tatabányai járás;661512,431;TYWN005;2024
Tatabányai járás;693094,6816;TYWN005;2025
Tatai járás;687221,5222;TYWN005;2024
Tatai járás;720608,3447;TYWN005;2025
Téti járás;669954,9894;TYWN005;2024
Téti járás;710496,5975;TYWN005;2025
Tiszafüredi járás;502681,792;TYWN005;2024
Tiszafüredi járás;534505,0567;TYWN005;2025
Tiszakécskei járás;569397,504;TYWN005;2024
Tiszakécskei járás;589508,5366;TYWN005;2025
Tiszaújvárosi járás;642321,081;TYWN005;2024
Tiszaújvárosi járás;662356,4418;TYWN005;2025
Tiszavasvári járás;488754,4078;TYWN005;2024
Tiszavasvári járás;520034,3031;TYWN005;2025
Tokaji járás;526721,0479;TYWN005;2025
Tokaji járás;491400,8273;TYWN005;2024
Tolnai járás;605142,4511;TYWN005;2025
Tolnai járás;593762,489;TYWN005;2024
Törökszentmiklósi járás;531404,6408;TYWN005;2025
Törökszentmiklósi járás;508074,1899;TYWN005;2024
Váci járás;690992,4239;TYWN005;2024
Váci járás;729987,1805;TYWN005;2025
Várpalotai járás;621458,5032;TYWN005;2025
Várpalotai járás;598693,3795;TYWN005;2024
Vásárosnaményi járás;452186,4572;TYWN005;2024
Vásárosnaményi járás;480705,9791;TYWN005;2025
Vasvári járás;542419,3272;TYWN005;2024
Vasvári járás;561926,3449;TYWN005;2025
Vecsési járás;701215,1929;TYWN005;2024
Vecsési járás;734917,6953;TYWN005;2025
Veszprémi járás;708687,501;TYWN005;2025
Veszprémi járás;674646,3939;TYWN005;2024
Záhonyi járás;499190,8783;TYWN005;2025
Záhonyi járás;474298,3299;TYWN005;2024
Zalaegerszegi járás;581500,1605;TYWN005;2024
Zalaegerszegi járás;609255,4883;TYWN005;2025
Zalaszentgróti járás;519892,0683;TYWN005;2025
Zalaszentgróti járás;492985,0356;TYWN005;2024
Zirci járás;561623,3006;TYWN005;2024
Zirci járás;591958,444;TYWN005;2025
Ajkai járás;0;TYWQ001;2024
Aszódi járás;0;TYWQ001;2024
Bácsalmási járás;0;TYWQ001;2024
Bajai járás;0;TYWQ001;2024
Baktalórántházai járás;0;TYWQ001;2024
Balassagyarmati járás;0;TYWQ001;2024
Balatonalmádi járás;0;TYWQ001;2024
Balatonfüredi járás;0;TYWQ001;2024
Balmazújvárosi járás;0;TYWQ001;2024
Barcsi járás;0;TYWQ001;2024
Bátonyterenyei járás;0;TYWQ001;2024
Békéscsabai járás;0;TYWQ001;2024
Békési járás;0;TYWQ001;2024
Bélapátfalvai járás;0;TYWQ001;2024
Berettyóújfalui járás;0;TYWQ001;2024
Bicskei járás;0;TYWQ001;2024
Bólyi járás;0;TYWQ001;2024
Bonyhádi járás;0;TYWQ001;2024
Budakeszi járás;0;TYWQ001;2024
Budapest, illetve fiktív területi egység;0;TYWQ001;2024
Ceglédi járás;0;TYWQ001;2024
Celldömölki járás;0;TYWQ001;2024
Cigándi járás;0;TYWQ001;2024
Csengeri járás;0;TYWQ001;2024
Csongrádi járás;0;TYWQ001;2024
Csornai járás;0;TYWQ001;2024
Csurgói járás;0;TYWQ001;2024
Dabasi járás;0;TYWQ001;2024
Debreceni járás;0;TYWQ001;2024
Derecskei járás;0;TYWQ001;2024
Devecseri járás;0;TYWQ001;2024
Dombóvári járás;0;TYWQ001;2024
Dunakeszi járás;0;TYWQ001;2024
Dunaújvárosi járás;0;TYWQ001;2024
Edelényi járás;0;TYWQ001;2024
Egri járás;0;TYWQ001;2024
Encsi járás;0;TYWQ001;2024
Enyingi járás;0;TYWQ001;2024
Érdi járás;0;TYWQ001;2024
Esztergomi járás;0;TYWQ001;2024
Fehérgyarmati járás;0;TYWQ001;2024
Fonyódi járás;0;TYWQ001;2024
Füzesabonyi járás;0;TYWQ001;2024
Gárdonyi járás;0;TYWQ001;2024
Gödöllői járás;0;TYWQ001;2024
Gönci járás;0;TYWQ001;2024
Gyáli járás;0;TYWQ001;2024
Gyomaendrődi járás;0;TYWQ001;2024
Gyöngyösi járás;0;TYWQ001;2024
Győri járás;0;TYWQ001;2024
Gyulai járás;0;TYWQ001;2024
Hajdúböszörményi járás;0;TYWQ001;2024
Hajdúhadházi járás;0;TYWQ001;2024
Hajdúnánási járás;0;TYWQ001;2024
Hajdúszoboszlói járás;0;TYWQ001;2024
Hatvani járás;0;TYWQ001;2024
Hegyháti járás;0;TYWQ001;2024
Hevesi járás;0;TYWQ001;2024
Hódmezővásárhelyi járás;0;TYWQ001;2024
Ibrányi járás;0;TYWQ001;2024
Jánoshalmai járás;0;TYWQ001;2024
Jászapáti járás;0;TYWQ001;2024
Jászberényi járás;0;TYWQ001;2024
Kalocsai járás;0;TYWQ001;2024
Kaposvári járás;0;TYWQ001;2024
Kapuvári járás;0;TYWQ001;2024
Karcagi járás;0;TYWQ001;2024
Kazincbarcikai járás;0;TYWQ001;2024
Kecskeméti járás;0;TYWQ001;2024
Kemecsei járás;0;TYWQ001;2024
Keszthelyi járás;0;TYWQ001;2024
Kisbéri járás;0;TYWQ001;2024
Kiskőrösi járás;0;TYWQ001;2024
Kiskunfélegyházi járás;0;TYWQ001;2024
Kiskunhalasi járás;0;TYWQ001;2024
Kiskunmajsai járás;0;TYWQ001;2024
Kisteleki járás;0;TYWQ001;2024
Kisvárdai járás;0;TYWQ001;2024
Komáromi járás;0;TYWQ001;2024
Komlói járás;0;TYWQ001;2024
Körmendi járás;0;TYWQ001;2024
Kőszegi járás;0;TYWQ001;2024
Kunhegyesi járás;0;TYWQ001;2024
Kunszentmártoni járás;0;TYWQ001;2024
Kunszentmiklósi járás;0;TYWQ001;2024
Lenti járás;0;TYWQ001;2024
Letenyei járás;0;TYWQ001;2024
Makói járás;0;TYWQ001;2024
Marcali járás;0;TYWQ001;2024
Martonvásári járás;0;TYWQ001;2024
Mátészalkai járás;0;TYWQ001;2024
Mezőcsáti járás;0;TYWQ001;2024
Mezőkovácsházai járás;0;TYWQ001;2024
Mezőkövesdi járás;0;TYWQ001;2024
Mezőtúri járás;0;TYWQ001;2024
Miskolci járás;0;TYWQ001;2024
Mohácsi járás;0;TYWQ001;2024
Monori járás;0;TYWQ001;2024
Mórahalmi járás;0;TYWQ001;2024
Móri járás;0;TYWQ001;2024
Mosonmagyaróvári járás;0;TYWQ001;2024
Nagyatádi járás;0;TYWQ001;2024
Nagykállói járás;0;TYWQ001;2024
Nagykanizsai járás;0;TYWQ001;2024
Nagykátai járás;0;TYWQ001;2024
Nagykőrösi járás;0;TYWQ001;2024
Nyíradonyi járás;0;TYWQ001;2024
Nyírbátori járás;0;TYWQ001;2024
Nyíregyházai járás;0;TYWQ001;2024
Orosházi járás;0;TYWQ001;2024
Oroszlányi járás;0;TYWQ001;2024
Ózdi járás;0;TYWQ001;2024
Paksi járás;0;TYWQ001;2024
Pannonhalmi járás;0;TYWQ001;2024
Pápai járás;0;TYWQ001;2024
Pásztói járás;0;TYWQ001;2024
Pécsi járás;0;TYWQ001;2024
Pécsváradi járás;0;TYWQ001;2024
Pétervásárai járás;0;TYWQ001;2024
Pilisvörösvári járás;0;TYWQ001;2024
Putnoki járás;0;TYWQ001;2024
Püspökladányi járás;0;TYWQ001;2024
Ráckevei járás;0;TYWQ001;2024
Rétsági járás;0;TYWQ001;2024
Salgótarjáni járás;0;TYWQ001;2024
Sárbogárdi járás;0;TYWQ001;2024
Sarkadi járás;0;TYWQ001;2024
Sárospataki járás;0;TYWQ001;2024
Sárvári járás;0;TYWQ001;2024
Sátoraljaújhelyi járás;0;TYWQ001;2024
Sellyei járás;0;TYWQ001;2024
Siklósi járás;0;TYWQ001;2024
Siófoki járás;0;TYWQ001;2024
Soproni járás;0;TYWQ001;2024
Sümegi járás;0;TYWQ001;2024
Szarvasi járás;0;TYWQ001;2024
Szécsényi járás;0;TYWQ001;2024
Szegedi járás;0;TYWQ001;2024
Szeghalmi járás;0;TYWQ001;2024
Székesfehérvári járás;0;TYWQ001;2024
Szekszárdi járás;0;TYWQ001;2024
Szentendrei járás;0;TYWQ001;2024
Szentesi járás;0;TYWQ001;2024
Szentgotthárdi járás;0;TYWQ001;2024
Szentlőrinci járás;0;TYWQ001;2024
Szerencsi járás;0;TYWQ001;2024
Szigetszentmiklósi járás;0;TYWQ001;2024
Szigetvári járás;0;TYWQ001;2024
Szikszói járás;0;TYWQ001;2024
Szobi járás;0;TYWQ001;2024
Szolnoki járás;0;TYWQ001;2024
Szombathelyi járás;0;TYWQ001;2024
Tabi járás;0;TYWQ001;2024
Tamási járás;0;TYWQ001;2024
Tapolcai járás;0;TYWQ001;2024
Tatabányai járás;0;TYWQ001;2024
Tatai járás;0;TYWQ001;2024
Téti járás;0;TYWQ001;2024
Tiszafüredi járás;0;TYWQ001;2024
Tiszakécskei járás;0;TYWQ001;2024
Tiszaújvárosi járás;0;TYWQ001;2024
Tiszavasvári járás;0;TYWQ001;2024
Tokaji járás;0;TYWQ001;2024
Tolnai járás;0;TYWQ001;2024
Törökszentmiklósi járás;0;TYWQ001;2024
Váci járás;0;TYWQ001;2024
Várpalotai járás;0;TYWQ001;2024
Vásárosnaményi járás;0;TYWQ001;2024
Vasvári járás;0;TYWQ001;2024
Vecsési járás;0;TYWQ001;2024
Veszprémi járás;0;TYWQ001;2024
Záhonyi járás;0;TYWQ001;2024
Zalaegerszegi járás;0;TYWQ001;2024
Zalaszentgróti járás;0;TYWQ001;2024
Zirci járás;0;TYWQ001;2024
Ajkai járás;478,7472663;TYWR001;2024
Aszódi járás;469,824029;TYWR001;2024
Bácsalmási járás;425,6673148;TYWR001;2024
Bajai járás;471,2843835;TYWR001;2024
Baktalórántházai járás;407,4288025;TYWR001;2024
Balassagyarmati járás;443,9066697;TYWR001;2024
Balatonalmádi járás;530,0222387;TYWR001;2024
Balatonfüredi járás;541,6503101;TYWR001;2024
Balmazújvárosi járás;367,7730754;TYWR001;2024
Barcsi járás;401,049843;TYWR001;2024
Bátonyterenyei járás;412,4724714;TYWR001;2024
Békéscsabai járás;452,0409141;TYWR001;2024
Békési járás;420,6800186;TYWR001;2024
Bélapátfalvai járás;424,1995628;TYWR001;2024
Berettyóújfalui járás;371,3310749;TYWR001;2024
Bicskei járás;576,1594905;TYWR001;2024
Bólyi járás;471,7565598;TYWR001;2024
Bonyhádi járás;477,2545017;TYWR001;2024
Budakeszi járás;484,012628;TYWR001;2024
Budapest, illetve fiktív területi egység;429,2476482;TYWR001;2024
Ceglédi járás;453,1134795;TYWR001;2024
Celldömölki járás;502,0935573;TYWR001;2024
Cigándi járás;311,8022888;TYWR001;2024
Csengeri járás;342,5123512;TYWR001;2024
Csongrádi járás;470,4422712;TYWR001;2024
Csornai járás;508,322059;TYWR001;2024
Csurgói járás;443,712246;TYWR001;2024
Dabasi járás;552,1887492;TYWR001;2024
Debreceni járás;405,7453201;TYWR001;2024
Derecskei járás;369,8836177;TYWR001;2024
Devecseri járás;466,3880683;TYWR001;2024
Dombóvári járás;432,749779;TYWR001;2024
Dunakeszi járás;696,1855363;TYWR001;2024
Dunaújvárosi járás;435,5767799;TYWR001;2024
Edelényi járás;295,3269849;TYWR001;2024
Egri járás;433,3253892;TYWR001;2024
Encsi járás;282,9798241;TYWR001;2024
Enyingi járás;432,5624709;TYWR001;2024
Érdi járás;495,8115183;TYWR001;2024
Esztergomi járás;454,1226446;TYWR001;2024
Fehérgyarmati járás;369,5734459;TYWR001;2024
Fonyódi járás;521,1418431;TYWR001;2024
Füzesabonyi járás;382,8977599;TYWR001;2024
Gárdonyi járás;496,0629921;TYWR001;2024
Gödöllői járás;482,3351655;TYWR001;2024
Gönci járás;329,6758418;TYWR001;2024
Gyáli járás;510,6641872;TYWR001;2024
Gyomaendrődi járás;400,3463632;TYWR001;2024
Gyöngyösi járás;460,4270786;TYWR001;2024
Győri járás;487,0256621;TYWR001;2024
Gyulai járás;423,880597;TYWR001;2024
Hajdúböszörményi járás;401,4530551;TYWR001;2024
Hajdúhadházi járás;344,1671257;TYWR001;2024
Hajdúnánási járás;401,5315706;TYWR001;2024
Hajdúszoboszlói járás;426,714032;TYWR001;2024
Hatvani járás;470,5537946;TYWR001;2024
Hegyháti járás;428,5451705;TYWR001;2024
Hevesi járás;368,2151738;TYWR001;2024
Hódmezővásárhelyi járás;408,1760637;TYWR001;2024
Ibrányi járás;364,2578573;TYWR001;2024
Jánoshalmai járás;415,2965935;TYWR001;2024
Jászapáti járás;374,0163855;TYWR001;2024
Jászberényi járás;475,1864867;TYWR001;2024
Kalocsai járás;491,4163568;TYWR001;2024
Kaposvári járás;453,8780121;TYWR001;2024
Kapuvári járás;520,2290395;TYWR001;2024
Karcagi járás;366,7519454;TYWR001;2024
Kazincbarcikai járás;369,4419317;TYWR001;2024
Kecskeméti járás;497,7685749;TYWR001;2024
Kemecsei járás;342,859925;TYWR001;2024
Keszthelyi járás;541,3025797;TYWR001;2024
Kisbéri járás;484,5991561;TYWR001;2024
Kiskőrösi járás;521,4438115;TYWR001;2024
Kiskunfélegyházi járás;468,8308366;TYWR001;2024
Kiskunhalasi járás;473,2436397;TYWR001;2024
Kiskunmajsai járás;501,7608586;TYWR001;2024
Kisteleki járás;457,7588222;TYWR001;2024
Kisvárdai járás;395,5344172;TYWR001;2024
Komáromi járás;479,2678276;TYWR001;2024
Komlói járás;418,174854;TYWR001;2024
Körmendi járás;546,3535732;TYWR001;2024
Kőszegi járás;518,246464;TYWR001;2024
Kunhegyesi járás;299,9736773;TYWR001;2024
Kunszentmártoni járás;398,7808791;TYWR001;2024
Kunszentmiklósi járás;472,4002481;TYWR001;2024
Lenti járás;514,1910799;TYWR001;2024
Letenyei járás;473,7768391;TYWR001;2024
Makói járás;390,3702799;TYWR001;2024
Marcali járás;467,0274978;TYWR001;2024
Martonvásári járás;461,4426976;TYWR001;2024
Mátészalkai járás;376,6958758;TYWR001;2024
Mezőcsáti járás;344,4811038;TYWR001;2024
Mezőkovácsházai járás;378,5609306;TYWR001;2024
Mezőkövesdi járás;424,3617493;TYWR001;2024
Mezőtúri járás;398,9681857;TYWR001;2024
Miskolci járás;400,3661858;TYWR001;2024
Mohácsi járás;449,4686653;TYWR001;2024
Monori járás;453,4645733;TYWR001;2024
Mórahalmi járás;494,3907157;TYWR001;2024
Móri járás;468,5044094;TYWR001;2024
Mosonmagyaróvári járás;484,3408139;TYWR001;2024
Nagyatádi járás;435,0203972;TYWR001;2024
Nagykállói járás;414,1710847;TYWR001;2024
Nagykanizsai járás;479,6245951;TYWR001;2024
Nagykátai járás;433,2947977;TYWR001;2024
Nagykőrösi járás;454,331854;TYWR001;2024
Nyíradonyi járás;367,9732931;TYWR001;2024
Nyírbátori járás;381,3806207;TYWR001;2024
Nyíregyházai járás;445,8050955;TYWR001;2024
Orosházi járás;424,945514;TYWR001;2024
Oroszlányi járás;447,9546536;TYWR001;2024
Ózdi járás;328,282616;TYWR001;2024
Paksi járás;493,3043555;TYWR001;2024
Pannonhalmi járás;499,2124992;TYWR001;2024
Pápai járás;470,9294759;TYWR001;2024
Pásztói járás;463,3864876;TYWR001;2024
Pécsi járás;427,8482764;TYWR001;2024
Pécsváradi járás;493,1443395;TYWR001;2024
Pétervásárai járás;392,4173165;TYWR001;2024
Pilisvörösvári járás;471,1075026;TYWR001;2024
Putnoki járás;337,170954;TYWR001;2024
Püspökladányi járás;355,4710772;TYWR001;2024
Ráckevei járás;508,8628168;TYWR001;2024
Rétsági járás;462,300359;TYWR001;2024
Salgótarjáni járás;413,1883098;TYWR001;2024
Sárbogárdi járás;426,8489363;TYWR001;2024
Sarkadi járás;363,4921447;TYWR001;2024
Sárospataki járás;454,3282126;TYWR001;2024
Sárvári járás;514,2849413;TYWR001;2024
Sátoraljaújhelyi járás;402,6443549;TYWR001;2024
Sellyei járás;394,7347038;TYWR001;2024
Siklósi járás;442,1356075;TYWR001;2024
Siófoki járás;530,4463085;TYWR001;2024
Soproni járás;512,9222321;TYWR001;2024
Sümegi járás;460,1612098;TYWR001;2024
Szarvasi járás;442,5449924;TYWR001;2024
Szécsényi járás;395,9285177;TYWR001;2024
Szegedi járás;404,2826399;TYWR001;2024
Szeghalmi járás;374,6724891;TYWR001;2024
Székesfehérvári járás;484,1144825;TYWR001;2024
Szekszárdi járás;463,3328251;TYWR001;2024
Szentendrei járás;483,8412868;TYWR001;2024
Szentesi járás;424,8593322;TYWR001;2024
Szentgotthárdi járás;520,229952;TYWR001;2024
Szentlőrinci járás;417,942302;TYWR001;2024
Szerencsi járás;381,7415962;TYWR001;2024
Szigetszentmiklósi járás;503,0511415;TYWR001;2024
Szigetvári járás;432,0338606;TYWR001;2024
Szikszói járás;289,7250362;TYWR001;2024
Szobi járás;446,142823;TYWR001;2024
Szolnoki járás;413,5241056;TYWR001;2024
Szombathelyi járás;502,2139616;TYWR001;2024
Tabi járás;455,745205;TYWR001;2024
Tamási járás;440,1794468;TYWR001;2024
Tapolcai járás;501,2724226;TYWR001;2024
Tatabányai járás;458,7725031;TYWR001;2024
Tatai járás;481,2943129;TYWR001;2024
Téti járás;476,7509917;TYWR001;2024
Tiszafüredi járás;396,8579235;TYWR001;2024
Tiszakécskei járás;507,4942911;TYWR001;2024
Tiszaújvárosi járás;418,0638929;TYWR001;2024
Tiszavasvári járás;333,9294941;TYWR001;2024
Tokaji járás;423,926599;TYWR001;2024
Tolnai járás;455,8369723;TYWR001;2024
Törökszentmiklósi járás;354,9986396;TYWR001;2024
Váci járás;465,1978531;TYWR001;2024
Várpalotai járás;445,094217;TYWR001;2024
Vásárosnaményi járás;365,0994469;TYWR001;2024
Vasvári járás;517,5954228;TYWR001;2024
Vecsési járás;530,8018382;TYWR001;2024
Veszprémi járás;464,6997651;TYWR001;2024
Záhonyi járás;335,1145038;TYWR001;2024
Zalaegerszegi járás;505,4728894;TYWR001;2024
Zalaszentgróti járás;520,1857806;TYWR001;2024
Zirci járás;476,5469062;TYWR001;2024
Ajkai járás;22,71070487;TYWZ001;2024
Aszódi járás;26,08950297;TYWZ001;2024
Bácsalmási járás;12,96329032;TYWZ001;2024
Bajai járás;17,24458571;TYWZ001;2024
Baktalórántházai járás;16,75235399;TYWZ001;2024
Balassagyarmati járás;24,8992838;TYWZ001;2024
Balatonalmádi járás;30,0222387;TYWZ001;2024
Balatonfüredi járás;27,47899819;TYWZ001;2024
Balmazújvárosi járás;17,13826029;TYWZ001;2024
Barcsi járás;15,69858713;TYWZ001;2024
Bátonyterenyei járás;12,8914433;TYWZ001;2024
Békéscsabai járás;32,86275691;TYWZ001;2024
Békési járás;30,74056823;TYWZ001;2024
Bélapátfalvai járás;37,28944323;TYWZ001;2024
Berettyóújfalui járás;17,30916644;TYWZ001;2024
Bicskei járás;21,5976741;TYWZ001;2024
Bólyi járás;27,33236152;TYWZ001;2024
Bonyhádi járás;26,24480572;TYWZ001;2024
Budakeszi járás;16,79685919;TYWZ001;2024
Budapest, illetve fiktív területi egység;21,62936467;TYWZ001;2024
Ceglédi járás;20,22030074;TYWZ001;2024
Celldömölki járás;27,91409662;TYWZ001;2024
Cigándi járás;5,61679421;TYWZ001;2024
Csengeri járás;38,06592695;TYWZ001;2024
Csongrádi járás;18,48878509;TYWZ001;2024
Csornai járás;16,04631407;TYWZ001;2024
Csurgói járás;24,02526085;TYWZ001;2024
Dabasi járás;30,41825095;TYWZ001;2024
Debreceni járás;25,69909868;TYWZ001;2024
Derecskei járás;14,79435842;TYWZ001;2024
Devecseri járás;41,0692413;TYWZ001;2024
Dombóvári járás;14,50044209;TYWZ001;2024
Dunakeszi járás;16,5247527;TYWZ001;2024
Dunaújvárosi járás;16,71991846;TYWZ001;2024
Edelényi járás;6,62168128;TYWZ001;2024
Egri járás;22,20187399;TYWZ001;2024
Encsi járás;9,40601044;TYWZ001;2024
Enyingi járás;19,14222153;TYWZ001;2024
Érdi járás;13,12694438;TYWZ001;2024
Esztergomi járás;18,95218386;TYWZ001;2024
Fehérgyarmati járás;14,84932305;TYWZ001;2024
Fonyódi járás;28,76024966;TYWZ001;2024
Füzesabonyi járás;34,82194141;TYWZ001;2024
Gárdonyi járás;22,86842858;TYWZ001;2024
Gödöllői járás;15,66891337;TYWZ001;2024
Gönci járás;14,42096683;TYWZ001;2024
Gyáli járás;31,22345432;TYWZ001;2024
Gyomaendrődi járás;24,24542306;TYWZ001;2024
Gyöngyösi járás;23,62562472;TYWZ001;2024
Győri járás;24,80715158;TYWZ001;2024
Gyulai járás;20,26564426;TYWZ001;2024
Hajdúböszörményi járás;32,46753247;TYWZ001;2024
Hajdúhadházi járás;21,18733845;TYWZ001;2024
Hajdúnánási járás;29,25877763;TYWZ001;2024
Hajdúszoboszlói járás;22,49851983;TYWZ001;2024
Hatvani járás;29,880277;TYWZ001;2024
Hegyháti járás;17,46163036;TYWZ001;2024
Hevesi járás;18,8004124;TYWZ001;2024
Hódmezővásárhelyi járás;10,97458208;TYWZ001;2024
Ibrányi járás;20,18811654;TYWZ001;2024
Jánoshalmai járás;19,07141918;TYWZ001;2024
Jászapáti járás;12,30530099;TYWZ001;2024
Jászberényi járás;13,15167581;TYWZ001;2024
Kalocsai járás;13,58241856;TYWZ001;2024
Kaposvári járás;22,02560241;TYWZ001;2024
Kapuvári járás;17,13616986;TYWZ001;2024
Karcagi járás;27,18260313;TYWZ001;2024
Kazincbarcikai járás;12,87314731;TYWZ001;2024
Kecskeméti járás;28,55195298;TYWZ001;2024
Kemecsei járás;17,04075174;TYWZ001;2024
Keszthelyi járás;24,81700069;TYWZ001;2024
Kisbéri járás;30,5907173;TYWZ001;2024
Kiskőrösi járás;26,22976491;TYWZ001;2024
Kiskunfélegyházi járás;27,00474715;TYWZ001;2024
Kiskunhalasi járás;21,24323504;TYWZ001;2024
Kiskunmajsai járás;17,32908491;TYWZ001;2024
Kisteleki járás;28,62818416;TYWZ001;2024
Kisvárdai járás;21,89011164;TYWZ001;2024
Komáromi járás;32,03254099;TYWZ001;2024
Komlói járás;21,06674327;TYWZ001;2024
Körmendi járás;24,01106951;TYWZ001;2024
Kőszegi járás;23,44299445;TYWZ001;2024
Kunhegyesi járás;20,53171887;TYWZ001;2024
Kunszentmártoni járás;19,24927815;TYWZ001;2024
Kunszentmiklósi járás;19,6402729;TYWZ001;2024
Lenti járás;26,26920222;TYWZ001;2024
Letenyei járás;20,41534671;TYWZ001;2024
Makói járás;18,81950385;TYWZ001;2024
Marcali járás;30,17295011;TYWZ001;2024
Martonvásári járás;13,51639752;TYWZ001;2024
Mátészalkai járás;31,63379233;TYWZ001;2024
Mezőcsáti járás;14,9970006;TYWZ001;2024
Mezőkovácsházai járás;10,63197724;TYWZ001;2024
Mezőkövesdi járás;26,07765927;TYWZ001;2024
Mezőtúri járás;16,78745445;TYWZ001;2024
Miskolci járás;16,67777007;TYWZ001;2024
Mohácsi járás;22,74922871;TYWZ001;2024
Monori járás;18,98580777;TYWZ001;2024
Mórahalmi járás;14,77052928;TYWZ001;2024
Móri járás;9,59865619;TYWZ001;2024
Mosonmagyaróvári járás;18,00337563;TYWZ001;2024
Nagyatádi járás;10,75895459;TYWZ001;2024
Nagykállói járás;24,00057315;TYWZ001;2024
Nagykanizsai járás;20,3898658;TYWZ001;2024
Nagykátai járás;15,09690581;TYWZ001;2024
Nagykőrösi járás;17,52881065;TYWZ001;2024
Nyíradonyi járás;21,17883552;TYWZ001;2024
Nyírbátori járás;24,57251425;TYWZ001;2024
Nyíregyházai járás;25,1737672;TYWZ001;2024
Orosházi járás;16,57282964;TYWZ001;2024
Oroszlányi járás;20,21563342;TYWZ001;2024
Ózdi járás;11,97881641;TYWZ001;2024
Paksi járás;20,85528627;TYWZ001;2024
Pannonhalmi járás;29,61002961;TYWZ001;2024
Pápai járás;22,31188294;TYWZ001;2024
Pásztói járás;22,73045181;TYWZ001;2024
Pécsi járás;22,13932786;TYWZ001;2024
Pécsváradi járás;28,71965907;TYWZ001;2024
Pétervásárai járás;28,50228556;TYWZ001;2024
Pilisvörösvári járás;11,74702438;TYWZ001;2024
Putnoki járás;28,78215506;TYWZ001;2024
Püspökladányi járás;21,56089534;TYWZ001;2024
Ráckevei járás;14,47508761;TYWZ001;2024
Rétsági járás;23,11089101;TYWZ001;2024
Salgótarjáni járás;21,53268551;TYWZ001;2024
Sárbogárdi járás;9,98387221;TYWZ001;2024
Sarkadi járás;12,79361343;TYWZ001;2024
Sárospataki járás;17,06900756;TYWZ001;2024
Sárvári járás;20,56165792;TYWZ001;2024
Sátoraljaújhelyi járás;8,26360913;TYWZ001;2024
Sellyei járás;20,31364264;TYWZ001;2024
Siklósi járás;15,01411327;TYWZ001;2024
Siófoki járás;25,7181293;TYWZ001;2024
Soproni járás;17,88104707;TYWZ001;2024
Sümegi járás;17,11962337;TYWZ001;2024
Szarvasi járás;20,90763744;TYWZ001;2024
Szécsényi járás;31,23011972;TYWZ001;2024
Szegedi járás;16,8470361;TYWZ001;2024
Szeghalmi járás;19,05518063;TYWZ001;2024
Székesfehérvári járás;20,29074502;TYWZ001;2024
Szekszárdi járás;23,44107333;TYWZ001;2024
Szentendrei járás;13,17687685;TYWZ001;2024
Szentesi járás;20,07521136;TYWZ001;2024
Szentgotthárdi járás;23,28627565;TYWZ001;2024
Szentlőrinci járás;16,19075655;TYWZ001;2024
Szerencsi járás;8,809845;TYWZ001;2024
Szigetszentmiklósi járás;13,31970387;TYWZ001;2024
Szigetvári járás;18,71240811;TYWZ001;2024
Szikszói járás;7,52532562;TYWZ001;2024
Szobi járás;25,87373617;TYWZ001;2024
Szolnoki járás;22,52776407;TYWZ001;2024
Szombathelyi járás;28,51728348;TYWZ001;2024
Tabi járás;7,03853598;TYWZ001;2024
Tamási járás;13,07228379;TYWZ001;2024
Tapolcai járás;26,37949227;TYWZ001;2024
Tatabányai járás;23,64684214;TYWZ001;2024
Tatai járás;29,16478101;TYWZ001;2024
Téti járás;11,05547246;TYWZ001;2024
Tiszafüredi járás;21,63023679;TYWZ001;2024
Tiszakécskei járás;24,49657463;TYWZ001;2024
Tiszaújvárosi járás;12,07479473;TYWZ001;2024
Tiszavasvári járás;27,82083383;TYWZ001;2024
Tokaji járás;23,16052022;TYWZ001;2024
Tolnai járás;25,0363901;TYWZ001;2024
Törökszentmiklósi járás;17,83608936;TYWZ001;2024
Váci járás;15,35492414;TYWZ001;2024
Várpalotai járás;12,99545159;TYWZ001;2024
Vásárosnaményi járás;14,41685301;TYWZ001;2024
Vasvári járás;25,86409593;TYWZ001;2024
Vecsési járás;18,22359559;TYWZ001;2024
Veszprémi járás;24,39368845;TYWZ001;2024
Záhonyi járás;14,67997651;TYWZ001;2024
Zalaegerszegi járás;24,6412217;TYWZ001;2024
Zalaszentgróti járás;17,14898178;TYWZ001;2024
Zirci járás;37,14792637;TYWZ001;2024
Ajkai járás;1,12151629;TYWZ002;2024
Aszódi járás;1,06487767;TYWZ002;2024
Bácsalmási járás;0,58924047;TYWZ002;2024
Bajai járás;0,67625826;TYWZ002;2024
Baktalórántházai járás;0,57766738;TYWZ002;2024
Balassagyarmati járás;0;TYWZ002;2024
Balatonalmádi járás;0,37064492;TYWZ002;2024
Balatonfüredi járás;0;TYWZ002;2024
Balmazújvárosi járás;0,34976041;TYWZ002;2024
Barcsi járás;1,47174254;TYWZ002;2024
Bátonyterenyei járás;0;TYWZ002;2024
Békéscsabai járás;0,27385631;TYWZ002;2024
Békési járás;0,93153237;TYWZ002;2024
Bélapátfalvai járás;0;TYWZ002;2024
Berettyóújfalui járás;0,74182142;TYWZ002;2024
Bicskei járás;0,83067977;TYWZ002;2024
Bólyi járás;0;TYWZ002;2024
Bonyhádi járás;1,45804476;TYWZ002;2024
Budakeszi járás;0,2023718;TYWZ002;2024
Budapest, illetve fiktív területi egység;0,24922725;TYWZ002;2024
Ceglédi járás;0,78200058;TYWZ002;2024
Celldömölki járás;0,45022736;TYWZ002;2024
Cigándi járás;0;TYWZ002;2024
Csengeri járás;0,80991334;TYWZ002;2024
Csongrádi járás;0,97309395;TYWZ002;2024
Csornai járás;0,31463361;TYWZ002;2024
Csurgói járás;0;TYWZ002;2024
Dabasi járás;1,94988788;TYWZ002;2024
Debreceni járás;0,50843541;TYWZ002;2024
Derecskei járás;0,98629056;TYWZ002;2024
Devecseri járás;1,44102601;TYWZ002;2024
Dombóvári járás;0,70733864;TYWZ002;2024
Dunakeszi járás;0;TYWZ002;2024
Dunaújvárosi járás;0,57259995;TYWZ002;2024
Edelényi járás;0;TYWZ002;2024
Egri járás;0,50173727;TYWZ002;2024
Encsi járás;1,41090157;TYWZ002;2024
Enyingi járás;0;TYWZ002;2024
Érdi járás;0,30351316;TYWZ002;2024
Esztergomi járás;0,54460298;TYWZ002;2024
Fehérgyarmati járás;0,58232639;TYWZ002;2024
Fonyódi járás;0,91788031;TYWZ002;2024
Füzesabonyi járás;1,07696726;TYWZ002;2024
Gárdonyi járás;0,51973701;TYWZ002;2024
Gödöllői járás;0,12435646;TYWZ002;2024
Gönci járás;1,25399712;TYWZ002;2024
Gyáli járás;0,68875267;TYWZ002;2024
Gyomaendrődi járás;0,9896091;TYWZ002;2024
Gyöngyösi járás;1,06012419;TYWZ002;2024
Győri járás;0,543583;TYWZ002;2024
Gyulai járás;0,27386006;TYWZ002;2024
Hajdúböszörményi járás;0,53225463;TYWZ002;2024
Hajdúhadházi járás;0;TYWZ002;2024
Hajdúnánási járás;0,72243895;TYWZ002;2024
Hajdúszoboszlói járás;0,47365305;TYWZ002;2024
Hatvani járás;0,60568129;TYWZ002;2024
Hegyháti járás;0;TYWZ002;2024
Hevesi járás;0,30323246;TYWZ002;2024
Hódmezővásárhelyi járás;0,39194936;TYWZ002;2024
Ibrányi járás;0,45882083;TYWZ002;2024
Jánoshalmai járás;0;TYWZ002;2024
Jászapáti járás;0,64764742;TYWZ002;2024
Jászberényi járás;0,41098987;TYWZ002;2024
Kalocsai járás;0,8906504;TYWZ002;2024
Kaposvári járás;0,56475904;TYWZ002;2024
Kapuvári járás;0;TYWZ002;2024
Karcagi járás;1,59897665;TYWZ002;2024
Kazincbarcikai járás;0,17396145;TYWZ002;2024
Kecskeméti járás;0,96459301;TYWZ002;2024
Kemecsei járás;1,46063586;TYWZ002;2024
Keszthelyi járás;1,25127735;TYWZ002;2024
Kisbéri járás;2,10970464;TYWZ002;2024
Kiskőrösi járás;1,76170063;TYWZ002;2024
Kiskunfélegyházi járás;1,13704199;TYWZ002;2024
Kiskunhalasi járás;0,75868697;TYWZ002;2024
Kiskunmajsai járás;1,67700822;TYWZ002;2024
Kisteleki járás;2,33699462;TYWZ002;2024
Kisvárdai járás;0,59700304;TYWZ002;2024
Komáromi járás;2,03381213;TYWZ002;2024
Komlói járás;0,95757924;TYWZ002;2024
Körmendi járás;0;TYWZ002;2024
Kőszegi járás;0;TYWZ002;2024
Kunhegyesi járás;0;TYWZ002;2024
Kunszentmártoni járás;0,96246391;TYWZ002;2024
Kunszentmiklósi járás;0;TYWZ002;2024
Lenti járás;1,14213923;TYWZ002;2024
Letenyei járás;0;TYWZ002;2024
Makói járás;1,2220457;TYWZ002;2024
Marcali járás;0,62212268;TYWZ002;2024
Martonvásári járás;0,35569467;TYWZ002;2024
Mátészalkai járás;0,67665866;TYWZ002;2024
Mezőcsáti járás;0,74985003;TYWZ002;2024
Mezőkovácsházai járás;0,31270521;TYWZ002;2024
Mezőkövesdi járás;2,60776593;TYWZ002;2024
Mezőtúri járás;1,22835033;TYWZ002;2024
Miskolci járás;0,13596008;TYWZ002;2024
Mohácsi járás;0,62326654;TYWZ002;2024
Monori járás;0,13465112;TYWZ002;2024
Mórahalmi járás;0;TYWZ002;2024
Móri járás;0,59991601;TYWZ002;2024
Mosonmagyaróvári járás;1,75032819;TYWZ002;2024
Nagyatádi járás;0,89657955;TYWZ002;2024
Nagykállói járás;1,07465253;TYWZ002;2024
Nagykanizsai járás;0,86765386;TYWZ002;2024
Nagykátai járás;0,27201632;TYWZ002;2024
Nagykőrösi járás;0;TYWZ002;2024
Nyíradonyi járás;0,35896331;TYWZ002;2024
Nyírbátori járás;0,50664978;TYWZ002;2024
Nyíregyházai járás;0,49603482;TYWZ002;2024
Orosházi járás;0,22702506;TYWZ002;2024
Oroszlányi járás;0,79276994;TYWZ002;2024
Ózdi járás;0,21015467;TYWZ002;2024
Paksi járás;0,21952933;TYWZ002;2024
Pannonhalmi járás;0,63000063;TYWZ002;2024
Pápai járás;0,18593236;TYWZ002;2024
Pásztói járás;0,69939852;TYWZ002;2024
Pécsi járás;0,461236;TYWZ002;2024
Pécsváradi járás;0;TYWZ002;2024
Pétervásárai járás;2,15111589;TYWZ002;2024
Pilisvörösvári járás;0,51825108;TYWZ002;2024
Putnoki járás;1,19925646;TYWZ002;2024
Püspökladányi járás;0,56739198;TYWZ002;2024
Ráckevei járás;0,25394891;TYWZ002;2024
Rétsági járás;0,82538896;TYWZ002;2024
Salgótarjáni járás;0,36808009;TYWZ002;2024
Sárbogárdi járás;0,38399508;TYWZ002;2024
Sarkadi járás;0;TYWZ002;2024
Sárospataki járás;0,97537186;TYWZ002;2024
Sárvári járás;0,27054813;TYWZ002;2024
Sátoraljaújhelyi járás;1,03295114;TYWZ002;2024
Sellyei járás;0,81254571;TYWZ002;2024
Siklósi járás;0,30028227;TYWZ002;2024
Siófoki járás;0,39566353;TYWZ002;2024
Soproni járás;0,29313192;TYWZ002;2024
Sümegi járás;0,71331764;TYWZ002;2024
Szarvasi járás;1,22986103;TYWZ002;2024
Szécsényi járás;0;TYWZ002;2024
Szegedi járás;0,41090332;TYWZ002;2024
Szeghalmi járás;1,19094879;TYWZ002;2024
Székesfehérvári járás;0,26698349;TYWZ002;2024
Szekszárdi járás;0,5717335;TYWZ002;2024
Szentendrei járás;0;TYWZ002;2024
Szentesi járás;0,84824837;TYWZ002;2024
Szentgotthárdi járás;0;TYWZ002;2024
Szentlőrinci járás;1,47188696;TYWZ002;2024
Szerencsi járás;0;TYWZ002;2024
Szigetszentmiklósi járás;0,15488028;TYWZ002;2024
Szigetvári járás;1,78213411;TYWZ002;2024
Szikszói járás;0;TYWZ002;2024
Szobi járás;0,39805748;TYWZ002;2024
Szolnoki járás;0,2792698;TYWZ002;2024
Szombathelyi járás;0,2733286;TYWZ002;2024
Tabi járás;0;TYWZ002;2024
Tamási járás;0,89129208;TYWZ002;2024
Tapolcai járás;0,62069394;TYWZ002;2024
Tatabányai járás;0,71297011;TYWZ002;2024
Tatai járás;1,25710263;TYWZ002;2024
Téti járás;0;TYWZ002;2024
Tiszafüredi járás;0;TYWZ002;2024
Tiszakécskei járás;1,66078472;TYWZ002;2024
Tiszaújvárosi járás;0,34499414;TYWZ002;2024
Tiszavasvári járás;0;TYWZ002;2024
Tokaji járás;0;TYWZ002;2024
Tolnai járás;2,91120815;TYWZ002;2024
Törökszentmiklósi járás;2,1161462;TYWZ002;2024
Váci járás;0,70435432;TYWZ002;2024
Várpalotai járás;0,28250982;TYWZ002;2024
Vásárosnaményi járás;0,29422149;TYWZ002;2024
Vasvári járás;0,78376048;TYWZ002;2024
Vecsési járás;0,19808256;TYWZ002;2024
Veszprémi járás;0,12838783;TYWZ002;2024
Záhonyi járás;0,58719906;TYWZ002;2024
Zalaegerszegi járás;0,42302527;TYWZ002;2024
Zalaszentgróti járás;2,85816363;TYWZ002;2024
Zirci járás;2,21778665;TYWZ002;2024
Ajkai járás;5,04682331;TYWZ003;2024
Aszódi járás;4,25951069;TYWZ003;2024
Bácsalmási járás;3,53544281;TYWZ003;2024
Bajai járás;5,4100661;TYWZ003;2024
Baktalórántházai járás;5,19900641;TYWZ003;2024
Balassagyarmati járás;5,59534467;TYWZ003;2024
Balatonalmádi járás;5,18902891;TYWZ003;2024
Balatonfüredi járás;9,42137081;TYWZ003;2024
Balmazújvárosi járás;1,74880207;TYWZ003;2024
Barcsi járás;5,88697017;TYWZ003;2024
Bátonyterenyei járás;3,22286083;TYWZ003;2024
Békéscsabai járás;7,120264;TYWZ003;2024
Békési járás;7,45225897;TYWZ003;2024
Bélapátfalvai járás;7,71505722;TYWZ003;2024
Berettyóújfalui járás;3,21455948;TYWZ003;2024
Bicskei járás;6,64543818;TYWZ003;2024
Bólyi járás;6,37755102;TYWZ003;2024
Bonyhádi járás;6,92571262;TYWZ003;2024
Budakeszi járás;2,73201927;TYWZ003;2024
Budapest, illetve fiktív területi egység;4,4682885;TYWZ003;2024
Ceglédi járás;5,58571844;TYWZ003;2024
Celldömölki járás;6,30318311;TYWZ003;2024
Cigándi járás;0;TYWZ003;2024
Csengeri járás;9,71896007;TYWZ003;2024
Csongrádi járás;9,73093952;TYWZ003;2024
Csornai járás;3,4609697;TYWZ003;2024
Csurgói járás;10,98297639;TYWZ003;2024
Dabasi járás;7,40957395;TYWZ003;2024
Debreceni járás;4,25236885;TYWZ003;2024
Derecskei járás;3,6985896;TYWZ003;2024
Devecseri járás;11,52820808;TYWZ003;2024
Dombóvári járás;6,71971706;TYWZ003;2024
Dunakeszi járás;2,06559409;TYWZ003;2024
Dunaújvárosi járás;5,61147948;TYWZ003;2024
Edelényi járás;1,89190894;TYWZ003;2024
Egri járás;5,26824129;TYWZ003;2024
Encsi járás;3,29210365;TYWZ003;2024
Enyingi járás;4,65621605;TYWZ003;2024
Érdi járás;2,50398361;TYWZ003;2024
Esztergomi járás;6,8619976;TYWZ003;2024
Fehérgyarmati járás;3,49395836;TYWZ003;2024
Fonyódi járás;6,11920206;TYWZ003;2024
Füzesabonyi járás;8,25674899;TYWZ003;2024
Gárdonyi járás;8,57566072;TYWZ003;2024
Gödöllői járás;3,6063372;TYWZ003;2024
Gönci járás;5,01598846;TYWZ003;2024
Gyáli járás;5,9691898;TYWZ003;2024
Gyomaendrődi járás;6,43245918;TYWZ003;2024
Gyöngyösi járás;5,45206724;TYWZ003;2024
Győri járás;4,89224702;TYWZ003;2024
Gyulai járás;4,92948104;TYWZ003;2024
Hajdúböszörményi járás;7,71769214;TYWZ003;2024
Hajdúhadházi járás;3,38997415;TYWZ003;2024
Hajdúnánási járás;8,30804797;TYWZ003;2024
Hajdúszoboszlói járás;4,26287744;TYWZ003;2024
Hatvani járás;7,47006925;TYWZ003;2024
Hegyháti járás;4,59516589;TYWZ003;2024
Hevesi járás;2,12262721;TYWZ003;2024
Hódmezővásárhelyi járás;4,31144296;TYWZ003;2024
Ibrányi járás;1,37646249;TYWZ003;2024
Jánoshalmai járás;5,9187163;TYWZ003;2024
Jászapáti járás;4,53353195;TYWZ003;2024
Jászberényi járás;5,54836323;TYWZ003;2024
Kalocsai járás;4,67591459;TYWZ003;2024
Kaposvári járás;5,17695783;TYWZ003;2024
Kapuvári járás;3,3436429;TYWZ003;2024
Karcagi járás;5,59641829;TYWZ003;2024
Kazincbarcikai járás;2,7833832;TYWZ003;2024
Kecskeméti járás;6,43062004;TYWZ003;2024
Kemecsei járás;2,43439311;TYWZ003;2024
Keszthelyi járás;5,63074806;TYWZ003;2024
Kisbéri járás;8,96624473;TYWZ003;2024
Kiskőrösi járás;6,26382446;TYWZ003;2024
Kiskunfélegyházi járás;4,83242844;TYWZ003;2024
Kiskunhalasi járás;5,31080876;TYWZ003;2024
Kiskunmajsai járás;5,59002739;TYWZ003;2024
Kisteleki járás;7,01098387;TYWZ003;2024
Kisvárdai járás;3,58201827;TYWZ003;2024
Komáromi járás;7,88102199;TYWZ003;2024
Komlói járás;3,83031696;TYWZ003;2024
Körmendi járás;4,88360736;TYWZ003;2024
Kőszegi járás;5,86074861;TYWZ003;2024
Kunhegyesi járás;1,05290866;TYWZ003;2024
Kunszentmártoni járás;3,20821303;TYWZ003;2024
Kunszentmiklósi járás;3,7902281;TYWZ003;2024
Lenti járás;9,13711381;TYWZ003;2024
Letenyei járás;8,44772967;TYWZ003;2024
Makói járás;5,86581938;TYWZ003;2024
Marcali járás;6,53228817;TYWZ003;2024
Martonvásári járás;4,62403073;TYWZ003;2024
Mátészalkai járás;6,7665866;TYWZ003;2024
Mezőcsáti járás;1,49970006;TYWZ003;2024
Mezőkovácsházai járás;3,43975734;TYWZ003;2024
Mezőkövesdi járás;7,3017446;TYWZ003;2024
Mezőtúri járás;6,14175163;TYWZ003;2024
Miskolci járás;3,85220233;TYWZ003;2024
Mohácsi járás;8,41409829;TYWZ003;2024
Monori járás;3,36627797;TYWZ003;2024
Mórahalmi járás;3,86847195;TYWZ003;2024
Móri járás;2,39966405;TYWZ003;2024
Mosonmagyaróvári járás;6,62624242;TYWZ003;2024
Nagyatádi járás;2,68973865;TYWZ003;2024
Nagykállói járás;4,65682763;TYWZ003;2024
Nagykanizsai járás;6,65201296;TYWZ003;2024
Nagykátai járás;4,21625298;TYWZ003;2024
Nagykőrösi járás;4,84839444;TYWZ003;2024
Nyíradonyi járás;3,94859645;TYWZ003;2024
Nyírbátori járás;6,07979734;TYWZ003;2024
Nyíregyházai járás;5,14636127;TYWZ003;2024
Orosházi járás;4,76752633;TYWZ003;2024
Oroszlányi járás;6,73854447;TYWZ003;2024
Ózdi járás;2,94216543;TYWZ003;2024
Paksi járás;5,92729189;TYWZ003;2024
Pannonhalmi járás;7,56000756;TYWZ003;2024
Pápai járás;5,76390309;TYWZ003;2024
Pásztói járás;5,24548888;TYWZ003;2024
Pécsi járás;4,49705097;TYWZ003;2024
Pécsváradi járás;4,63220308;TYWZ003;2024
Pétervásárai járás;5,37778973;TYWZ003;2024
Pilisvörösvári járás;3,28225681;TYWZ003;2024
Putnoki járás;7,795167;TYWZ003;2024
Püspökladányi járás;5,95761582;TYWZ003;2024
Ráckevei járás;3,04738687;TYWZ003;2024
Rétsági járás;4,12694482;TYWZ003;2024
Salgótarjáni járás;4,78504122;TYWZ003;2024
Sárbogárdi járás;4,22394593;TYWZ003;2024
Sarkadi járás;4,60570083;TYWZ003;2024
Sárospataki járás;5,36454523;TYWZ003;2024
Sárvári járás;4,05822196;TYWZ003;2024
Sátoraljaújhelyi járás;3,09885342;TYWZ003;2024
Sellyei járás;2,43763712;TYWZ003;2024
Siklósi járás;3,30310492;TYWZ003;2024
Siófoki járás;5,93495292;TYWZ003;2024
Soproni járás;4,78782135;TYWZ003;2024
Sümegi járás;5,70654112;TYWZ003;2024
Szarvasi járás;4,09953675;TYWZ003;2024
Szécsényi járás;4,6266844;TYWZ003;2024
Szegedi járás;5,95809813;TYWZ003;2024
Szeghalmi járás;8,33664152;TYWZ003;2024
Székesfehérvári járás;6,07387433;TYWZ003;2024
Szekszárdi járás;7,62311328;TYWZ003;2024
Szentendrei járás;4,31656311;TYWZ003;2024
Szentesi járás;7,6342353;TYWZ003;2024
Szentgotthárdi járás;4,36617668;TYWZ003;2024
Szentlőrinci járás;3,6797174;TYWZ003;2024
Szerencsi járás;3,57899953;TYWZ003;2024
Szigetszentmiklósi járás;1,54880278;TYWZ003;2024
Szigetvári járás;3,56426821;TYWZ003;2024
Szikszói járás;1,1577424;TYWZ003;2024
Szobi járás;5,97086219;TYWZ003;2024
Szolnoki járás;6,05084572;TYWZ003;2024
Szombathelyi járás;5,73990051;TYWZ003;2024
Tabi járás;2,63945099;TYWZ003;2024
Tamási járás;6,23904453;TYWZ003;2024
Tapolcai járás;6,51728633;TYWZ003;2024
Tatabányai járás;6,77321609;TYWZ003;2024
Tatai járás;8,54829788;TYWZ003;2024
Téti járás;4,55225337;TYWZ003;2024
Tiszafüredi járás;5,69216758;TYWZ003;2024
Tiszakécskei járás;7,05833506;TYWZ003;2024
Tiszaújvárosi járás;3,79493549;TYWZ003;2024
Tiszavasvári járás;3,97440483;TYWZ003;2024
Tokaji járás;14,25262783;TYWZ003;2024
Tolnai járás;5,8224163;TYWZ003;2024
Törökszentmiklósi járás;5,13921219;TYWZ003;2024
Váci járás;4,78960937;TYWZ003;2024
Várpalotai járás;1,41254909;TYWZ003;2024
Vásárosnaményi járás;3,23643639;TYWZ003;2024
Vasvári járás;5,48632338;TYWZ003;2024
Vecsési járás;3,76356866;TYWZ003;2024
Veszprémi járás;5,13551336;TYWZ003;2024
Záhonyi járás;3,52319436;TYWZ003;2024
Zalaegerszegi járás;5,60508476;TYWZ003;2024
Zalaszentgróti járás;4,28724544;TYWZ003;2024
Zirci járás;9,98003992;TYWZ003;2024
Ajkai járás;16,54236528;TYWZ004;2024
Aszódi járás;20,76511461;TYWZ004;2024
Bácsalmási járás;8,83860704;TYWZ004;2024
Bajai járás;11,15826134;TYWZ004;2024
Baktalórántházai járás;10,9756802;TYWZ004;2024
Balassagyarmati járás;19,30393912;TYWZ004;2024
Balatonalmádi járás;24,46256486;TYWZ004;2024
Balatonfüredi járás;18,05762738;TYWZ004;2024
Balmazújvárosi járás;15,03969781;TYWZ004;2024
Barcsi járás;8,33987441;TYWZ004;2024
Bátonyterenyei járás;9,66858248;TYWZ004;2024
Békéscsabai járás;25,46863661;TYWZ004;2024
Békési járás;22,3567769;TYWZ004;2024
Bélapátfalvai járás;29,57438601;TYWZ004;2024
Berettyóújfalui járás;13,35278554;TYWZ004;2024
Bicskei járás;14,12155614;TYWZ004;2024
Bólyi járás;20,9548105;TYWZ004;2024
Bonyhádi járás;17,86104833;TYWZ004;2024
Budakeszi járás;13,86246813;TYWZ004;2024
Budapest, illetve fiktív területi egység;16,91184892;TYWZ004;2024
Ceglédi járás;13,85258172;TYWZ004;2024
Celldömölki járás;21,16068615;TYWZ004;2024
Cigándi járás;5,61679421;TYWZ004;2024
Csengeri járás;27,53705354;TYWZ004;2024
Csongrádi járás;7,78475162;TYWZ004;2024
Csornai járás;12,27071076;TYWZ004;2024
Csurgói járás;13,04228446;TYWZ004;2024
Dabasi járás;21,05878912;TYWZ004;2024
Debreceni járás;20,93829443;TYWZ004;2024
Derecskei járás;10,10947825;TYWZ004;2024
Devecseri járás;28,10000721;TYWZ004;2024
Dombóvári járás;7,07338638;TYWZ004;2024
Dunakeszi járás;14,45915861;TYWZ004;2024
Dunaújvárosi járás;10,53583903;TYWZ004;2024
Edelényi járás;4,72977234;TYWZ004;2024
Egri járás;16,43189544;TYWZ004;2024
Encsi járás;4,70300522;TYWZ004;2024
Enyingi járás;14,48600548;TYWZ004;2024
Érdi járás;10,31944761;TYWZ004;2024
Esztergomi járás;11,54558327;TYWZ004;2024
Fehérgyarmati járás;10,77303829;TYWZ004;2024
Fonyódi járás;21,7231673;TYWZ004;2024
Füzesabonyi járás;25,48822516;TYWZ004;2024
Gárdonyi járás;13,77303085;TYWZ004;2024
Gödöllői járás;11,93821971;TYWZ004;2024
Gönci járás;8,15098125;TYWZ004;2024
Gyáli járás;24,56551186;TYWZ004;2024
Gyomaendrődi járás;16,82335477;TYWZ004;2024
Gyöngyösi járás;17,11343329;TYWZ004;2024
Győri járás;19,37132155;TYWZ004;2024
Gyulai járás;15,06230316;TYWZ004;2024
Hajdúböszörményi járás;24,21758569;TYWZ004;2024
Hajdúhadházi járás;17,7973643;TYWZ004;2024
Hajdúnánási járás;20,22829071;TYWZ004;2024
Hajdúszoboszlói járás;17,76198934;TYWZ004;2024
Hatvani járás;21,80452646;TYWZ004;2024
Hegyháti járás;12,86646448;TYWZ004;2024
Hevesi járás;16,37455273;TYWZ004;2024
Hódmezővásárhelyi járás;6,27118976;TYWZ004;2024
Ibrányi járás;18,35283322;TYWZ004;2024
Jánoshalmai járás;13,15270288;TYWZ004;2024
Jászapáti járás;7,12412163;TYWZ004;2024
Jászberényi járás;7,19232271;TYWZ004;2024
Kalocsai járás;8,01585358;TYWZ004;2024
Kaposvári járás;16,28388554;TYWZ004;2024
Kapuvári járás;13,79252696;TYWZ004;2024
Karcagi járás;19,98720819;TYWZ004;2024
Kazincbarcikai járás;9,91580266;TYWZ004;2024
Kecskeméti járás;21,15673993;TYWZ004;2024
Kemecsei járás;13,14572277;TYWZ004;2024
Keszthelyi járás;17,93497529;TYWZ004;2024
Kisbéri járás;19,51476793;TYWZ004;2024
Kiskőrösi járás;18,20423983;TYWZ004;2024
Kiskunfélegyházi járás;21,03527673;TYWZ004;2024
Kiskunhalasi járás;15,17373932;TYWZ004;2024
Kiskunmajsai járás;10,0620493;TYWZ004;2024
Kisteleki járás;19,28020566;TYWZ004;2024
Kisvárdai járás;17,71109033;TYWZ004;2024
Komáromi járás;22,11770688;TYWZ004;2024
Komlói járás;16,27884707;TYWZ004;2024
Körmendi járás;19,12746215;TYWZ004;2024
Kőszegi járás;17,58224584;TYWZ004;2024
Kunhegyesi járás;19,47881021;TYWZ004;2024
Kunszentmártoni járás;15,07860122;TYWZ004;2024
Kunszentmiklósi járás;15,85004479;TYWZ004;2024
Lenti járás;15,98994917;TYWZ004;2024
Letenyei járás;11,96761704;TYWZ004;2024
Makói járás;11,73163876;TYWZ004;2024
Marcali járás;23,01853926;TYWZ004;2024
Martonvásári járás;8,53667212;TYWZ004;2024
Mátészalkai járás;24,19054708;TYWZ004;2024
Mezőcsáti járás;12,74745051;TYWZ004;2024
Mezőkovácsházai járás;6,87951468;TYWZ004;2024
Mezőkövesdi járás;16,16814875;TYWZ004;2024
Mezőtúri járás;9,4173525;TYWZ004;2024
Miskolci járás;12,68960766;TYWZ004;2024
Mohácsi járás;13,71186388;TYWZ004;2024
Monori járás;15,48487868;TYWZ004;2024
Mórahalmi járás;10,90205732;TYWZ004;2024
Móri járás;6,59907613;TYWZ004;2024
Mosonmagyaróvári járás;9,62680503;TYWZ004;2024
Nagyatádi járás;7,17263639;TYWZ004;2024
Nagykállói járás;18,26909299;TYWZ004;2024
Nagykanizsai járás;12,87019898;TYWZ004;2024
Nagykátai járás;10,60863652;TYWZ004;2024
Nagykőrösi járás;12,68041622;TYWZ004;2024
Nyíradonyi járás;16,87127576;TYWZ004;2024
Nyírbátori járás;17,98606713;TYWZ004;2024
Nyíregyházai járás;19,5313711;TYWZ004;2024
Orosházi járás;11,57827824;TYWZ004;2024
Oroszlányi járás;12,68431901;TYWZ004;2024
Ózdi járás;8,8264963;TYWZ004;2024
Paksi járás;14,70846505;TYWZ004;2024
Pannonhalmi járás;21,42002142;TYWZ004;2024
Pápai járás;16,36204749;TYWZ004;2024
Pásztói járás;16,78556441;TYWZ004;2024
Pécsi járás;17,18104089;TYWZ004;2024
Pécsváradi járás;24,08745599;TYWZ004;2024
Pétervásárai járás;20,97337994;TYWZ004;2024
Pilisvörösvári járás;7,94651649;TYWZ004;2024
Putnoki járás;19,78773161;TYWZ004;2024
Püspökladányi járás;15,03588754;TYWZ004;2024
Ráckevei járás;11,17375184;TYWZ004;2024
Rétsági járás;18,15855722;TYWZ004;2024
Salgótarjáni járás;16,37956419;TYWZ004;2024
Sárbogárdi járás;5,37593119;TYWZ004;2024
Sarkadi járás;8,18791259;TYWZ004;2024
Sárospataki járás;10,72909047;TYWZ004;2024
Sárvári járás;16,23288783;TYWZ004;2024
Sátoraljaújhelyi járás;4,13180457;TYWZ004;2024
Sellyei járás;17,06345982;TYWZ004;2024
Siklósi járás;11,41072608;TYWZ004;2024
Siófoki járás;19,38751286;TYWZ004;2024
Soproni járás;12,8000938;TYWZ004;2024
Sümegi járás;10,69976461;TYWZ004;2024
Szarvasi járás;15,57823966;TYWZ004;2024
Szécsényi járás;26,60343531;TYWZ004;2024
Szegedi járás;10,47803465;TYWZ004;2024
Szeghalmi járás;9,52759031;TYWZ004;2024
Székesfehérvári járás;13,9498872;TYWZ004;2024
Szekszárdi járás;15,24622656;TYWZ004;2024
Szentendrei járás;8,86031375;TYWZ004;2024
Szentesi járás;11,59272768;TYWZ004;2024
Szentgotthárdi járás;18,92009897;TYWZ004;2024
Szentlőrinci járás;11,03915219;TYWZ004;2024
Szerencsi járás;5,23084547;TYWZ004;2024
Szigetszentmiklósi járás;11,61602082;TYWZ004;2024
Szigetvári járás;13,36600579;TYWZ004;2024
Szikszói járás;6,36758321;TYWZ004;2024
Szobi járás;19,5048165;TYWZ004;2024
Szolnoki járás;16,19764855;TYWZ004;2024
Szombathelyi járás;22,50405437;TYWZ004;2024
Tabi járás;4,39908499;TYWZ004;2024
Tamási járás;5,94194718;TYWZ004;2024
Tapolcai járás;19,24151201;TYWZ004;2024
Tatabányai járás;16,16065593;TYWZ004;2024
Tatai járás;19,3593805;TYWZ004;2024
Téti járás;6,50321909;TYWZ004;2024
Tiszafüredi járás;15,93806922;TYWZ004;2024
Tiszakécskei járás;15,77745485;TYWZ004;2024
Tiszaújvárosi járás;7,93486511;TYWZ004;2024
Tiszavasvári járás;23,846429;TYWZ004;2024
Tokaji járás;8,90789239;TYWZ004;2024
Tolnai járás;16,30276565;TYWZ004;2024
Törökszentmiklósi járás;10,58073098;TYWZ004;2024
Váci járás;9,86096046;TYWZ004;2024
Várpalotai járás;11,30039269;TYWZ004;2024
Vásárosnaményi járás;10,88619513;TYWZ004;2024
Vasvári járás;19,59401207;TYWZ004;2024
Vecsési járás;14,26194438;TYWZ004;2024
Veszprémi járás;19,12978726;TYWZ004;2024
Záhonyi járás;10,56958309;TYWZ004;2024
Zalaegerszegi járás;18,61311167;TYWZ004;2024
Zalaszentgróti járás;10,0035727;TYWZ004;2024
Zirci járás;24,9500998;TYWZ004;2024
Ajkai járás;10,63829787;TYWZ005;2024
Aszódi járás;23,68421053;TYWZ005;2024
Bácsalmási járás;28,57142857;TYWZ005;2024
Bajai járás;19,73684211;TYWZ005;2024
Baktalórántházai járás;30,76923077;TYWZ005;2024
Balassagyarmati járás;24,63768116;TYWZ005;2024
Balatonalmádi járás;20,63492063;TYWZ005;2024
Balatonfüredi járás;15,51724138;TYWZ005;2024
Balmazújvárosi járás;21,05263158;TYWZ005;2024
Barcsi járás;25;TYWZ005;2024
Bátonyterenyei járás;19,04761905;TYWZ005;2024
Békéscsabai járás;29,31034483;TYWZ005;2024
Békési járás;26,5625;TYWZ005;2024
Bélapátfalvai járás;41,17647059;TYWZ005;2024
Berettyóújfalui járás;13,33333333;TYWZ005;2024
Bicskei járás;24,56140351;TYWZ005;2024
Bólyi járás;20;TYWZ005;2024
Bonyhádi járás;19,14893617;TYWZ005;2024
Budakeszi járás;21,48760331;TYWZ005;2024
Budapest, illetve fiktív területi egység;27,40237691;TYWZ005;2024
Ceglédi járás;22,55639098;TYWZ005;2024
Celldömölki járás;15,15151515;TYWZ005;2024
Cigándi járás;33,33333333;TYWZ005;2024
Csengeri járás;47,82608696;TYWZ005;2024
Csongrádi járás;24,24242424;TYWZ005;2024
Csornai járás;20;TYWZ005;2024
Csurgói járás;23,80952381;TYWZ005;2024
Dabasi járás;21;TYWZ005;2024
Debreceni járás;23,31606218;TYWZ005;2024
Derecskei járás;20,93023256;TYWZ005;2024
Devecseri járás;36,36363636;TYWZ005;2024
Dombóvári járás;15,15151515;TYWZ005;2024
Dunakeszi járás;30,70175439;TYWZ005;2024
Dunaújvárosi járás;26,12612613;TYWZ005;2024
Edelényi járás;18,75;TYWZ005;2024
Egri járás;31,57894737;TYWZ005;2024
Encsi járás;12,5;TYWZ005;2024
Enyingi járás;22,58064516;TYWZ005;2024
Érdi járás;24,19354839;TYWZ005;2024
Esztergomi járás;32,23140496;TYWZ005;2024
Fehérgyarmati járás;19,51219512;TYWZ005;2024
Fonyódi járás;24,19354839;TYWZ005;2024
Füzesabonyi járás;32,78688525;TYWZ005;2024
Gárdonyi járás;26;TYWZ005;2024
Gödöllői járás;23,11557789;TYWZ005;2024
Gönci járás;13,33333333;TYWZ005;2024
Gyáli járás;25;TYWZ005;2024
Gyomaendrődi járás;20;TYWZ005;2024
Gyöngyösi járás;18,96551724;TYWZ005;2024
Győri járás;26,2295082;TYWZ005;2024
Gyulai járás;28;TYWZ005;2024
Hajdúböszörményi járás;26,82926829;TYWZ005;2024
Hajdúhadházi járás;14,28571429;TYWZ005;2024
Hajdúnánási járás;24,07407407;TYWZ005;2024
Hajdúszoboszlói járás;30,76923077;TYWZ005;2024
Hatvani járás;23,58490566;TYWZ005;2024
Hegyháti járás;50;TYWZ005;2024
Hevesi járás;30,95238095;TYWZ005;2024
Hódmezővásárhelyi járás;25;TYWZ005;2024
Ibrányi járás;39,28571429;TYWZ005;2024
Jánoshalmai járás;14,28571429;TYWZ005;2024
Jászapáti járás;14,81481481;TYWZ005;2024
Jászberényi járás;13,46153846;TYWZ005;2024
Kalocsai járás;25;TYWZ005;2024
Kaposvári járás;22,89156627;TYWZ005;2024
Kapuvári járás;30,3030303;TYWZ005;2024
Karcagi járás;26,76056338;TYWZ005;2024
Kazincbarcikai járás;28,57142857;TYWZ005;2024
Kecskeméti járás;23,80952381;TYWZ005;2024
Kemecsei járás;8;TYWZ005;2024
Keszthelyi járás;24,52830189;TYWZ005;2024
Kisbéri járás;25;TYWZ005;2024
Kiskőrösi járás;20,98765432;TYWZ005;2024
Kiskunfélegyházi járás;21,73913043;TYWZ005;2024
Kiskunhalasi járás;22,22222222;TYWZ005;2024
Kiskunmajsai járás;20;TYWZ005;2024
Kisteleki járás;28,57142857;TYWZ005;2024
Kisvárdai járás;15,625;TYWZ005;2024
Komáromi járás;19,54022989;TYWZ005;2024
Komlói járás;30,43478261;TYWZ005;2024
Körmendi járás;17,07317073;TYWZ005;2024
Kőszegi járás;17,39130435;TYWZ005;2024
Kunhegyesi járás;25;TYWZ005;2024
Kunszentmártoni járás;19,56521739;TYWZ005;2024
Kunszentmiklósi járás;25;TYWZ005;2024
Lenti járás;21,875;TYWZ005;2024
Letenyei járás;23,80952381;TYWZ005;2024
Makói járás;24;TYWZ005;2024
Marcali járás;17,1875;TYWZ005;2024
Martonvásári járás;22,22222222;TYWZ005;2024
Mátészalkai járás;23,62204724;TYWZ005;2024
Mezőcsáti járás;28,57142857;TYWZ005;2024
Mezőkovácsházai járás;29,62962963;TYWZ005;2024
Mezőkövesdi járás;17,64705882;TYWZ005;2024
Mezőtúri járás;30,3030303;TYWZ005;2024
Miskolci járás;22,02797203;TYWZ005;2024
Mohácsi járás;25,86206897;TYWZ005;2024
Monori járás;26,80412371;TYWZ005;2024
Mórahalmi járás;17,24137931;TYWZ005;2024
Móri járás;17,24137931;TYWZ005;2024
Mosonmagyaróvári járás;26,80412371;TYWZ005;2024
Nagyatádi járás;9,52380952;TYWZ005;2024
Nagykállói járás;17,39130435;TYWZ005;2024
Nagykanizsai járás;18,51851852;TYWZ005;2024
Nagykátai járás;29,85074627;TYWZ005;2024
Nagykőrösi járás;27,90697674;TYWZ005;2024
Nyíradonyi járás;32,5;TYWZ005;2024
Nyírbátori járás;20,89552239;TYWZ005;2024
Nyíregyházai járás;24,29906542;TYWZ005;2024
Orosházi járás;10,44776119;TYWZ005;2024
Oroszlányi járás;23,80952381;TYWZ005;2024
Ózdi járás;17,39130435;TYWZ005;2024
Paksi járás;29,03225806;TYWZ005;2024
Pannonhalmi járás;28;TYWZ005;2024
Pápai járás;23,07692308;TYWZ005;2024
Pásztói járás;34,69387755;TYWZ005;2024
Pécsi járás;26,07260726;TYWZ005;2024
Pécsváradi járás;19,04761905;TYWZ005;2024
Pétervásárai járás;22,5;TYWZ005;2024
Pilisvörösvári járás;9,61538462;TYWZ005;2024
Putnoki járás;25;TYWZ005;2024
Püspökladányi járás;25;TYWZ005;2024
Ráckevei járás;20,45454545;TYWZ005;2024
Rétsági járás;32,43243243;TYWZ005;2024
Salgótarjáni járás;27,17391304;TYWZ005;2024
Sárbogárdi járás;22,72727273;TYWZ005;2024
Sarkadi járás;34,7826087;TYWZ005;2024
Sárospataki járás;25;TYWZ005;2024
Sárvári járás;27,11864407;TYWZ005;2024
Sátoraljaújhelyi járás;16,66666667;TYWZ005;2024
Sellyei járás;22,22222222;TYWZ005;2024
Siklósi járás;19,51219512;TYWZ005;2024
Siófoki járás;27,35849057;TYWZ005;2024
Soproni járás;22,79411765;TYWZ005;2024
Sümegi járás;17,64705882;TYWZ005;2024
Szarvasi járás;23,80952381;TYWZ005;2024
Szécsényi járás;20;TYWZ005;2024
Szegedi járás;29,67479675;TYWZ005;2024
Szeghalmi járás;13,04347826;TYWZ005;2024
Székesfehérvári járás;24,41314554;TYWZ005;2024
Szekszárdi járás;29,34782609;TYWZ005;2024
Szentendrei járás;15,84158416;TYWZ005;2024
Szentesi járás;29,62962963;TYWZ005;2024
Szentgotthárdi járás;20,83333333;TYWZ005;2024
Szentlőrinci járás;29,41176471;TYWZ005;2024
Szerencsi járás;8,33333333;TYWZ005;2024
Szigetszentmiklósi járás;27,94117647;TYWZ005;2024
Szigetvári járás;23,52941176;TYWZ005;2024
Szikszói járás;22,22222222;TYWZ005;2024
Szobi járás;26,08695652;TYWZ005;2024
Szolnoki járás;24,02234637;TYWZ005;2024
Szombathelyi járás;26,38297872;TYWZ005;2024
Tabi járás;25;TYWZ005;2024
Tamási járás;25,92592593;TYWZ005;2024
Tapolcai járás;22,03389831;TYWZ005;2024
Tatabányai járás;20,56737589;TYWZ005;2024
Tatai járás;22,22222222;TYWZ005;2024
Téti járás;23,07692308;TYWZ005;2024
Tiszafüredi járás;20;TYWZ005;2024
Tiszakécskei járás;33,33333333;TYWZ005;2024
Tiszaújvárosi járás;29,62962963;TYWZ005;2024
Tiszavasvári járás;22,80701754;TYWZ005;2024
Tokaji járás;31,57894737;TYWZ005;2024
Tolnai járás;35,48387097;TYWZ005;2024
Törökszentmiklósi járás;25,58139535;TYWZ005;2024
Váci járás;23,37662338;TYWZ005;2024
Várpalotai járás;20,51282051;TYWZ005;2024
Vásárosnaményi járás;21,05263158;TYWZ005;2024
Vasvári járás;17,39130435;TYWZ005;2024
Vecsési járás;32,09876543;TYWZ005;2024
Veszprémi járás;16,53543307;TYWZ005;2024
Záhonyi járás;9,09090909;TYWZ005;2024
Zalaegerszegi járás;12,20930233;TYWZ005;2024
Zalaszentgróti járás;25;TYWZ005;2024
Zirci járás;29,41176471;TYWZ005;2024
Ajkai járás;27,65957447;TYWZ006;2024
Aszódi járás;21,05263158;TYWZ006;2024
Bácsalmási járás;21,42857143;TYWZ006;2024
Bajai járás;32,89473684;TYWZ006;2024
Baktalórántházai járás;15,38461538;TYWZ006;2024
Balassagyarmati járás;28,98550725;TYWZ006;2024
Balatonalmádi járás;46,03174603;TYWZ006;2024
Balatonfüredi járás;62,06896552;TYWZ006;2024
Balmazújvárosi járás;34,21052632;TYWZ006;2024
Barcsi járás;14,28571429;TYWZ006;2024
Bátonyterenyei járás;19,04761905;TYWZ006;2024
Békéscsabai járás;29,31034483;TYWZ006;2024
Békési járás;26,5625;TYWZ006;2024
Bélapátfalvai járás;23,52941176;TYWZ006;2024
Berettyóújfalui járás;28,88888889;TYWZ006;2024
Bicskei járás;24,56140351;TYWZ006;2024
Bólyi járás;20;TYWZ006;2024
Bonyhádi járás;27,65957447;TYWZ006;2024
Budakeszi járás;35,53719008;TYWZ006;2024
Budapest, illetve fiktív területi egység;29,10016978;TYWZ006;2024
Ceglédi járás;30,07518797;TYWZ006;2024
Celldömölki járás;36,36363636;TYWZ006;2024
Cigándi járás;0;TYWZ006;2024
Csengeri járás;26,08695652;TYWZ006;2024
Csongrádi járás;42,42424242;TYWZ006;2024
Csornai járás;48,57142857;TYWZ006;2024
Csurgói járás;28,57142857;TYWZ006;2024
Dabasi járás;35;TYWZ006;2024
Debreceni járás;27,20207254;TYWZ006;2024
Derecskei járás;18,60465116;TYWZ006;2024
Devecseri járás;9,09090909;TYWZ006;2024
Dombóvári járás;42,42424242;TYWZ006;2024
Dunakeszi járás;28,07017544;TYWZ006;2024
Dunaújvárosi járás;30,63063063;TYWZ006;2024
Edelényi járás;18,75;TYWZ006;2024
Egri járás;26,31578947;TYWZ006;2024
Encsi járás;31,25;TYWZ006;2024
Enyingi járás;25,80645161;TYWZ006;2024
Érdi járás;29,03225806;TYWZ006;2024
Esztergomi járás;29,75206612;TYWZ006;2024
Fehérgyarmati járás;34,14634146;TYWZ006;2024
Fonyódi járás;41,93548387;TYWZ006;2024
Füzesabonyi járás;26,2295082;TYWZ006;2024
Gárdonyi járás;28;TYWZ006;2024
Gödöllői járás;30,15075377;TYWZ006;2024
Gönci járás;46,66666667;TYWZ006;2024
Gyáli járás;33,69565217;TYWZ006;2024
Gyomaendrődi járás;28,57142857;TYWZ006;2024
Gyöngyösi járás;32,75862069;TYWZ006;2024
Győri járás;29,78142077;TYWZ006;2024
Gyulai járás;20;TYWZ006;2024
Hajdúböszörményi járás;32,92682927;TYWZ006;2024
Hajdúhadházi járás;31,42857143;TYWZ006;2024
Hajdúnánási járás;38,88888889;TYWZ006;2024
Hajdúszoboszlói járás;15,38461538;TYWZ006;2024
Hatvani járás;25,47169811;TYWZ006;2024
Hegyháti járás;18,75;TYWZ006;2024
Hevesi járás;33,33333333;TYWZ006;2024
Hódmezővásárhelyi járás;35;TYWZ006;2024
Ibrányi járás;32,14285714;TYWZ006;2024
Jánoshalmai járás;19,04761905;TYWZ006;2024
Jászapáti járás;29,62962963;TYWZ006;2024
Jászberényi járás;36,53846154;TYWZ006;2024
Kalocsai járás;25;TYWZ006;2024
Kaposvári járás;26,5060241;TYWZ006;2024
Kapuvári járás;27,27272727;TYWZ006;2024
Karcagi járás;28,16901408;TYWZ006;2024
Kazincbarcikai járás;30,35714286;TYWZ006;2024
Kecskeméti járás;32,99319728;TYWZ006;2024
Kemecsei járás;48;TYWZ006;2024
Keszthelyi járás;44,33962264;TYWZ006;2024
Kisbéri járás;21,875;TYWZ006;2024
Kiskőrösi járás;23,45679012;TYWZ006;2024
Kiskunfélegyházi járás;28,98550725;TYWZ006;2024
Kiskunhalasi járás;23,80952381;TYWZ006;2024
Kiskunmajsai járás;24;TYWZ006;2024
Kisteleki járás;28,57142857;TYWZ006;2024
Kisvárdai járás;26,5625;TYWZ006;2024
Komáromi járás;33,33333333;TYWZ006;2024
Komlói járás;30,43478261;TYWZ006;2024
Körmendi járás;36,58536585;TYWZ006;2024
Kőszegi járás;26,08695652;TYWZ006;2024
Kunhegyesi járás;12,5;TYWZ006;2024
Kunszentmártoni járás;19,56521739;TYWZ006;2024
Kunszentmiklósi járás;13,63636364;TYWZ006;2024
Lenti járás;21,875;TYWZ006;2024
Letenyei járás;23,80952381;TYWZ006;2024
Makói járás;32;TYWZ006;2024
Marcali járás;34,375;TYWZ006;2024
Martonvásári járás;25,92592593;TYWZ006;2024
Mátészalkai járás;27,55905512;TYWZ006;2024
Mezőcsáti járás;28,57142857;TYWZ006;2024
Mezőkovácsházai járás;29,62962963;TYWZ006;2024
Mezőkövesdi járás;39,21568627;TYWZ006;2024
Mezőtúri járás;18,18181818;TYWZ006;2024
Miskolci járás;28,67132867;TYWZ006;2024
Mohácsi járás;44,82758621;TYWZ006;2024
Monori járás;31,95876289;TYWZ006;2024
Mórahalmi járás;37,93103448;TYWZ006;2024
Móri járás;27,5862069;TYWZ006;2024
Mosonmagyaróvári járás;39,17525773;TYWZ006;2024
Nagyatádi járás;33,33333333;TYWZ006;2024
Nagykállói járás;39,13043478;TYWZ006;2024
Nagykanizsai járás;27,77777778;TYWZ006;2024
Nagykátai járás;22,3880597;TYWZ006;2024
Nagykőrösi járás;39,53488372;TYWZ006;2024
Nyíradonyi járás;20;TYWZ006;2024
Nyírbátori járás;26,86567164;TYWZ006;2024
Nyíregyházai járás;28,97196262;TYWZ006;2024
Orosházi járás;31,34328358;TYWZ006;2024
Oroszlányi járás;26,19047619;TYWZ006;2024
Ózdi járás;34,7826087;TYWZ006;2024
Paksi járás;25,80645161;TYWZ006;2024
Pannonhalmi járás;28;TYWZ006;2024
Pápai járás;35,16483516;TYWZ006;2024
Pásztói járás;26,53061224;TYWZ006;2024
Pécsi járás;25,74257426;TYWZ006;2024
Pécsváradi járás;33,33333333;TYWZ006;2024
Pétervásárai járás;35;TYWZ006;2024
Pilisvörösvári járás;32,69230769;TYWZ006;2024
Putnoki járás;28,57142857;TYWZ006;2024
Püspökladányi járás;25;TYWZ006;2024
Ráckevei járás;40,90909091;TYWZ006;2024
Rétsági járás;29,72972973;TYWZ006;2024
Salgótarjáni járás;22,82608696;TYWZ006;2024
Sárbogárdi járás;22,72727273;TYWZ006;2024
Sarkadi járás;30,43478261;TYWZ006;2024
Sárospataki járás;29,16666667;TYWZ006;2024
Sárvári járás;27,11864407;TYWZ006;2024
Sátoraljaújhelyi járás;58,33333333;TYWZ006;2024
Sellyei járás;16,66666667;TYWZ006;2024
Siklósi járás;17,07317073;TYWZ006;2024
Siófoki járás;44,33962264;TYWZ006;2024
Soproni járás;26,47058824;TYWZ006;2024
Sümegi járás;29,41176471;TYWZ006;2024
Szarvasi járás;30,95238095;TYWZ006;2024
Szécsényi járás;25,71428571;TYWZ006;2024
Szegedi járás;25,6097561;TYWZ006;2024
Szeghalmi járás;17,39130435;TYWZ006;2024
Székesfehérvári járás;30,98591549;TYWZ006;2024
Szekszárdi járás;29,34782609;TYWZ006;2024
Szentendrei járás;39,6039604;TYWZ006;2024
Szentesi járás;37,03703704;TYWZ006;2024
Szentgotthárdi járás;25;TYWZ006;2024
Szentlőrinci járás;23,52941176;TYWZ006;2024
Szerencsi járás;20,83333333;TYWZ006;2024
Szigetszentmiklósi járás;28,67647059;TYWZ006;2024
Szigetvári járás;35,29411765;TYWZ006;2024
Szikszói járás;22,22222222;TYWZ006;2024
Szobi járás;36,95652174;TYWZ006;2024
Szolnoki járás;23,46368715;TYWZ006;2024
Szombathelyi járás;24,68085106;TYWZ006;2024
Tabi járás;37,5;TYWZ006;2024
Tamási járás;25,92592593;TYWZ006;2024
Tapolcai járás;42,37288136;TYWZ006;2024
Tatabányai járás;31,91489362;TYWZ006;2024
Tatai járás;35,80246914;TYWZ006;2024
Téti járás;46,15384615;TYWZ006;2024
Tiszafüredi járás;30;TYWZ006;2024
Tiszakécskei járás;30,95238095;TYWZ006;2024
Tiszaújvárosi járás;18,51851852;TYWZ006;2024
Tiszavasvári járás;19,29824561;TYWZ006;2024
Tokaji járás;26,31578947;TYWZ006;2024
Tolnai járás;29,03225806;TYWZ006;2024
Törökszentmiklósi járás;13,95348837;TYWZ006;2024
Váci járás;24,67532468;TYWZ006;2024
Várpalotai járás;41,02564103;TYWZ006;2024
Vásárosnaményi járás;31,57894737;TYWZ006;2024
Vasvári járás;26,08695652;TYWZ006;2024
Vecsési járás;28,39506173;TYWZ006;2024
Veszprémi járás;35,43307087;TYWZ006;2024
Záhonyi járás;40,90909091;TYWZ006;2024
Zalaegerszegi járás;25;TYWZ006;2024
Zalaszentgróti járás;40;TYWZ006;2024
Zirci járás;29,41176471;TYWZ006;2024
Ajkai járás;36,17021277;TYWZ007;2024
Aszódi járás;36,84210526;TYWZ007;2024
Bácsalmási járás;35,71428571;TYWZ007;2024
Bajai járás;22,36842105;TYWZ007;2024
Baktalórántházai járás;26,92307692;TYWZ007;2024
Balassagyarmati járás;26,08695652;TYWZ007;2024
Balatonalmádi járás;26,98412698;TYWZ007;2024
Balatonfüredi járás;15,51724138;TYWZ007;2024
Balmazújvárosi járás;28,94736842;TYWZ007;2024
Barcsi járás;28,57142857;TYWZ007;2024
Bátonyterenyei járás;42,85714286;TYWZ007;2024
Békéscsabai járás;24,71264368;TYWZ007;2024
Békési járás;25;TYWZ007;2024
Bélapátfalvai járás;23,52941176;TYWZ007;2024
Berettyóújfalui járás;28,88888889;TYWZ007;2024
Bicskei járás;28,07017544;TYWZ007;2024
Bólyi járás;35;TYWZ007;2024
Bonyhádi járás;29,78723404;TYWZ007;2024
Budakeszi járás;20,66115702;TYWZ007;2024
Budapest, illetve fiktív területi egység;25,60271647;TYWZ007;2024
Ceglédi járás;21,80451128;TYWZ007;2024
Celldömölki járás;24,24242424;TYWZ007;2024
Cigándi járás;33,33333333;TYWZ007;2024
Csengeri járás;13,04347826;TYWZ007;2024
Csongrádi járás;12,12121212;TYWZ007;2024
Csornai járás;14,28571429;TYWZ007;2024
Csurgói járás;28,57142857;TYWZ007;2024
Dabasi járás;21;TYWZ007;2024
Debreceni járás;23,57512953;TYWZ007;2024
Derecskei járás;46,51162791;TYWZ007;2024
Devecseri járás;36,36363636;TYWZ007;2024
Dombóvári járás;24,24242424;TYWZ007;2024
Dunakeszi járás;20,1754386;TYWZ007;2024
Dunaújvárosi járás;20,72072072;TYWZ007;2024
Edelényi járás;37,5;TYWZ007;2024
Egri járás;20,30075188;TYWZ007;2024
Encsi járás;37,5;TYWZ007;2024
Enyingi járás;19,35483871;TYWZ007;2024
Érdi járás;26,61290323;TYWZ007;2024
Esztergomi járás;22,31404959;TYWZ007;2024
Fehérgyarmati járás;29,26829268;TYWZ007;2024
Fonyódi járás;19,35483871;TYWZ007;2024
Füzesabonyi járás;19,67213115;TYWZ007;2024
Gárdonyi járás;22;TYWZ007;2024
Gödöllői járás;28,64321608;TYWZ007;2024
Gönci járás;26,66666667;TYWZ007;2024
Gyáli járás;21,73913043;TYWZ007;2024
Gyomaendrődi járás;28,57142857;TYWZ007;2024
Gyöngyösi járás;22,4137931;TYWZ007;2024
Győri járás;24,59016393;TYWZ007;2024
Gyulai járás;28;TYWZ007;2024
Hajdúböszörményi járás;25,6097561;TYWZ007;2024
Hajdúhadházi járás;40;TYWZ007;2024
Hajdúnánási járás;25,92592593;TYWZ007;2024
Hajdúszoboszlói járás;29,23076923;TYWZ007;2024
Hatvani járás;29,24528302;TYWZ007;2024
Hegyháti járás;25;TYWZ007;2024
Hevesi járás;11,9047619;TYWZ007;2024
Hódmezővásárhelyi járás;15;TYWZ007;2024
Ibrányi járás;25;TYWZ007;2024
Jánoshalmai járás;38,0952381;TYWZ007;2024
Jászapáti járás;7,40740741;TYWZ007;2024
Jászberényi járás;26,92307692;TYWZ007;2024
Kalocsai járás;32,69230769;TYWZ007;2024
Kaposvári járás;22,89156627;TYWZ007;2024
Kapuvári járás;27,27272727;TYWZ007;2024
Karcagi járás;25,35211268;TYWZ007;2024
Kazincbarcikai járás;25;TYWZ007;2024
Kecskeméti járás;21,76870748;TYWZ007;2024
Kemecsei járás;24;TYWZ007;2024
Keszthelyi járás;20,75471698;TYWZ007;2024
Kisbéri járás;40,625;TYWZ007;2024
Kiskőrösi járás;27,16049383;TYWZ007;2024
Kiskunfélegyházi járás;33,33333333;TYWZ007;2024
Kiskunhalasi járás;25,3968254;TYWZ007;2024
Kiskunmajsai járás;28;TYWZ007;2024
Kisteleki járás;22,85714286;TYWZ007;2024
Kisvárdai járás;25;TYWZ007;2024
Komáromi járás;29,88505747;TYWZ007;2024
Komlói járás;23,91304348;TYWZ007;2024
Körmendi járás;29,26829268;TYWZ007;2024
Kőszegi járás;28,26086957;TYWZ007;2024
Kunhegyesi járás;29,16666667;TYWZ007;2024
Kunszentmártoni járás;32,60869565;TYWZ007;2024
Kunszentmiklósi járás;43,18181818;TYWZ007;2024
Lenti járás;31,25;TYWZ007;2024
Letenyei járás;28,57142857;TYWZ007;2024
Makói járás;14;TYWZ007;2024
Marcali járás;28,125;TYWZ007;2024
Martonvásári járás;37,03703704;TYWZ007;2024
Mátészalkai járás;25,19685039;TYWZ007;2024
Mezőcsáti járás;21,42857143;TYWZ007;2024
Mezőkovácsházai járás;29,62962963;TYWZ007;2024
Mezőkövesdi járás;19,60784314;TYWZ007;2024
Mezőtúri járás;27,27272727;TYWZ007;2024
Miskolci járás;26,57342657;TYWZ007;2024
Mohácsi járás;15,51724138;TYWZ007;2024
Monori járás;24,74226804;TYWZ007;2024
Mórahalmi járás;27,5862069;TYWZ007;2024
Móri járás;31,03448276;TYWZ007;2024
Mosonmagyaróvári járás;15,46391753;TYWZ007;2024
Nagyatádi járás;47,61904762;TYWZ007;2024
Nagykállói járás;26,08695652;TYWZ007;2024
Nagykanizsai járás;29,62962963;TYWZ007;2024
Nagykátai járás;31,34328358;TYWZ007;2024
Nagykőrösi járás;20,93023256;TYWZ007;2024
Nyíradonyi járás;22,5;TYWZ007;2024
Nyírbátori járás;29,85074627;TYWZ007;2024
Nyíregyházai járás;20,56074766;TYWZ007;2024
Orosházi járás;31,34328358;TYWZ007;2024
Oroszlányi járás;21,42857143;TYWZ007;2024
Ózdi járás;19,56521739;TYWZ007;2024
Paksi járás;27,41935484;TYWZ007;2024
Pannonhalmi járás;28;TYWZ007;2024
Pápai járás;23,07692308;TYWZ007;2024
Pásztói járás;26,53061224;TYWZ007;2024
Pécsi járás;24,75247525;TYWZ007;2024
Pécsváradi járás;33,33333333;TYWZ007;2024
Pétervásárai járás;27,5;TYWZ007;2024
Pilisvörösvári járás;26,92307692;TYWZ007;2024
Putnoki járás;17,85714286;TYWZ007;2024
Püspökladányi járás;28,84615385;TYWZ007;2024
Ráckevei járás;22,72727273;TYWZ007;2024
Rétsági járás;29,72972973;TYWZ007;2024
Salgótarjáni járás;27,17391304;TYWZ007;2024
Sárbogárdi járás;36,36363636;TYWZ007;2024
Sarkadi járás;17,39130435;TYWZ007;2024
Sárospataki járás;12,5;TYWZ007;2024
Sárvári járás;30,50847458;TYWZ007;2024
Sátoraljaújhelyi járás;25;TYWZ007;2024
Sellyei járás;33,33333333;TYWZ007;2024
Siklósi járás;36,58536585;TYWZ007;2024
Siófoki járás;19,81132075;TYWZ007;2024
Soproni járás;22,79411765;TYWZ007;2024
Sümegi járás;23,52941176;TYWZ007;2024
Szarvasi járás;21,42857143;TYWZ007;2024
Szécsényi járás;17,14285714;TYWZ007;2024
Szegedi járás;23,98373984;TYWZ007;2024
Szeghalmi járás;26,08695652;TYWZ007;2024
Székesfehérvári járás;22,53521127;TYWZ007;2024
Szekszárdi járás;23,91304348;TYWZ007;2024
Szentendrei járás;28,71287129;TYWZ007;2024
Szentesi járás;16,66666667;TYWZ007;2024
Szentgotthárdi járás;37,5;TYWZ007;2024
Szentlőrinci járás;41,17647059;TYWZ007;2024
Szerencsi járás;41,66666667;TYWZ007;2024
Szigetszentmiklósi járás;20,58823529;TYWZ007;2024
Szigetvári járás;14,70588235;TYWZ007;2024
Szikszói járás;33,33333333;TYWZ007;2024
Szobi járás;19,56521739;TYWZ007;2024
Szolnoki járás;28,49162011;TYWZ007;2024
Szombathelyi járás;26,38297872;TYWZ007;2024
Tabi járás;25;TYWZ007;2024
Tamási járás;29,62962963;TYWZ007;2024
Tapolcai járás;23,72881356;TYWZ007;2024
Tatabányai járás;26,24113475;TYWZ007;2024
Tatai járás;17,28395062;TYWZ007;2024
Téti járás;7,69230769;TYWZ007;2024
Tiszafüredi járás;15;TYWZ007;2024
Tiszakécskei járás;21,42857143;TYWZ007;2024
Tiszaújvárosi járás;37,03703704;TYWZ007;2024
Tiszavasvári járás;29,8245614;TYWZ007;2024
Tokaji járás;26,31578947;TYWZ007;2024
Tolnai járás;16,12903226;TYWZ007;2024
Törökszentmiklósi járás;46,51162791;TYWZ007;2024
Váci járás;22,07792208;TYWZ007;2024
Várpalotai járás;23,07692308;TYWZ007;2024
Vásárosnaményi járás;26,31578947;TYWZ007;2024
Vasvári járás;39,13043478;TYWZ007;2024
Vecsési járás;23,45679012;TYWZ007;2024
Veszprémi járás;27,55905512;TYWZ007;2024
Záhonyi járás;22,72727273;TYWZ007;2024
Zalaegerszegi járás;28,48837209;TYWZ007;2024
Zalaszentgróti járás;15;TYWZ007;2024
Zirci járás;14,70588235;TYWZ007;2024
Ajkai járás;25,53191489;TYWZ008;2024
Aszódi járás;18,42105263;TYWZ008;2024
Bácsalmási járás;14,28571429;TYWZ008;2024
Bajai járás;25;TYWZ008;2024
Baktalórántházai járás;26,92307692;TYWZ008;2024
Balassagyarmati járás;20,28985507;TYWZ008;2024
Balatonalmádi járás;6,34920635;TYWZ008;2024
Balatonfüredi járás;6,89655172;TYWZ008;2024
Balmazújvárosi járás;15,78947368;TYWZ008;2024
Barcsi járás;32,14285714;TYWZ008;2024
Bátonyterenyei járás;19,04761905;TYWZ008;2024
Békéscsabai járás;16,66666667;TYWZ008;2024
Békési járás;21,875;TYWZ008;2024
Bélapátfalvai járás;11,76470588;TYWZ008;2024
Berettyóújfalui járás;28,88888889;TYWZ008;2024
Bicskei járás;22,80701754;TYWZ008;2024
Bólyi járás;25;TYWZ008;2024
Bonyhádi járás;23,40425532;TYWZ008;2024
Budakeszi járás;22,31404959;TYWZ008;2024
Budapest, illetve fiktív területi egység;17,89473684;TYWZ008;2024
Ceglédi járás;25,56390977;TYWZ008;2024
Celldömölki járás;24,24242424;TYWZ008;2024
Cigándi járás;33,33333333;TYWZ008;2024
Csengeri járás;13,04347826;TYWZ008;2024
Csongrádi járás;21,21212121;TYWZ008;2024
Csornai járás;17,14285714;TYWZ008;2024
Csurgói járás;19,04761905;TYWZ008;2024
Dabasi járás;23;TYWZ008;2024
Debreceni járás;25,90673575;TYWZ008;2024
Derecskei járás;13,95348837;TYWZ008;2024
Devecseri járás;18,18181818;TYWZ008;2024
Dombóvári járás;18,18181818;TYWZ008;2024
Dunakeszi járás;21,05263158;TYWZ008;2024
Dunaújvárosi járás;22,52252252;TYWZ008;2024
Edelényi járás;25;TYWZ008;2024
Egri járás;21,80451128;TYWZ008;2024
Encsi járás;18,75;TYWZ008;2024
Enyingi járás;32,25806452;TYWZ008;2024
Érdi járás;20,16129032;TYWZ008;2024
Esztergomi járás;15,70247934;TYWZ008;2024
Fehérgyarmati járás;17,07317073;TYWZ008;2024
Fonyódi járás;14,51612903;TYWZ008;2024
Füzesabonyi járás;21,31147541;TYWZ008;2024
Gárdonyi járás;24;TYWZ008;2024
Gödöllői járás;18,09045226;TYWZ008;2024
Gönci járás;13,33333333;TYWZ008;2024
Gyáli járás;19,56521739;TYWZ008;2024
Gyomaendrődi járás;22,85714286;TYWZ008;2024
Gyöngyösi járás;25,86206897;TYWZ008;2024
Győri járás;19,3989071;TYWZ008;2024
Gyulai járás;24;TYWZ008;2024
Hajdúböszörményi járás;14,63414634;TYWZ008;2024
Hajdúhadházi járás;14,28571429;TYWZ008;2024
Hajdúnánási járás;11,11111111;TYWZ008;2024
Hajdúszoboszlói járás;24,61538462;TYWZ008;2024
Hatvani járás;21,69811321;TYWZ008;2024
Hegyháti járás;6,25;TYWZ008;2024
Hevesi járás;23,80952381;TYWZ008;2024
Hódmezővásárhelyi járás;25;TYWZ008;2024
Ibrányi járás;3,57142857;TYWZ008;2024
Jánoshalmai járás;28,57142857;TYWZ008;2024
Jászapáti járás;48,14814815;TYWZ008;2024
Jászberényi járás;23,07692308;TYWZ008;2024
Kalocsai járás;17,30769231;TYWZ008;2024
Kaposvári járás;27,71084337;TYWZ008;2024
Kapuvári járás;15,15151515;TYWZ008;2024
Karcagi járás;19,71830986;TYWZ008;2024
Kazincbarcikai járás;16,07142857;TYWZ008;2024
Kecskeméti járás;21,42857143;TYWZ008;2024
Kemecsei járás;20;TYWZ008;2024
Keszthelyi járás;10,37735849;TYWZ008;2024
Kisbéri járás;12,5;TYWZ008;2024
Kiskőrösi járás;28,39506173;TYWZ008;2024
Kiskunfélegyházi járás;15,94202899;TYWZ008;2024
Kiskunhalasi járás;28,57142857;TYWZ008;2024
Kiskunmajsai járás;28;TYWZ008;2024
Kisteleki járás;20;TYWZ008;2024
Kisvárdai járás;32,8125;TYWZ008;2024
Komáromi járás;17,24137931;TYWZ008;2024
Komlói járás;15,2173913;TYWZ008;2024
Körmendi járás;17,07317073;TYWZ008;2024
Kőszegi járás;28,26086957;TYWZ008;2024
Kunhegyesi járás;33,33333333;TYWZ008;2024
Kunszentmártoni járás;28,26086957;TYWZ008;2024
Kunszentmiklósi járás;18,18181818;TYWZ008;2024
Lenti járás;25;TYWZ008;2024
Letenyei járás;23,80952381;TYWZ008;2024
Makói járás;30;TYWZ008;2024
Marcali járás;20,3125;TYWZ008;2024
Martonvásári járás;14,81481481;TYWZ008;2024
Mátészalkai járás;23,62204724;TYWZ008;2024
Mezőcsáti járás;21,42857143;TYWZ008;2024
Mezőkovácsházai járás;11,11111111;TYWZ008;2024
Mezőkövesdi járás;23,52941176;TYWZ008;2024
Mezőtúri járás;24,24242424;TYWZ008;2024
Miskolci járás;22,72727273;TYWZ008;2024
Mohácsi járás;13,79310345;TYWZ008;2024
Monori járás;16,49484536;TYWZ008;2024
Mórahalmi járás;17,24137931;TYWZ008;2024
Móri járás;24,13793103;TYWZ008;2024
Mosonmagyaróvári járás;18,55670103;TYWZ008;2024
Nagyatádi járás;9,52380952;TYWZ008;2024
Nagykállói járás;17,39130435;TYWZ008;2024
Nagykanizsai járás;24,07407407;TYWZ008;2024
Nagykátai járás;16,41791045;TYWZ008;2024
Nagykőrösi járás;11,62790698;TYWZ008;2024
Nyíradonyi járás;25;TYWZ008;2024
Nyírbátori járás;22,3880597;TYWZ008;2024
Nyíregyházai járás;26,1682243;TYWZ008;2024
Orosházi járás;26,86567164;TYWZ008;2024
Oroszlányi járás;28,57142857;TYWZ008;2024
Ózdi járás;28,26086957;TYWZ008;2024
Paksi járás;17,74193548;TYWZ008;2024
Pannonhalmi járás;16;TYWZ008;2024
Pápai járás;18,68131868;TYWZ008;2024
Pásztói járás;12,24489796;TYWZ008;2024
Pécsi járás;23,43234323;TYWZ008;2024
Pécsváradi járás;14,28571429;TYWZ008;2024
Pétervásárai járás;15;TYWZ008;2024
Pilisvörösvári járás;30,76923077;TYWZ008;2024
Putnoki járás;28,57142857;TYWZ008;2024
Püspökladányi járás;21,15384615;TYWZ008;2024
Ráckevei járás;15,90909091;TYWZ008;2024
Rétsági járás;8,10810811;TYWZ008;2024
Salgótarjáni járás;22,82608696;TYWZ008;2024
Sárbogárdi járás;18,18181818;TYWZ008;2024
Sarkadi járás;17,39130435;TYWZ008;2024
Sárospataki járás;33,33333333;TYWZ008;2024
Sárvári járás;15,25423729;TYWZ008;2024
Sátoraljaújhelyi járás;0;TYWZ008;2024
Sellyei járás;27,77777778;TYWZ008;2024
Siklósi járás;26,82926829;TYWZ008;2024
Siófoki járás;8,49056604;TYWZ008;2024
Soproni járás;27,94117647;TYWZ008;2024
Sümegi járás;29,41176471;TYWZ008;2024
Szarvasi járás;23,80952381;TYWZ008;2024
Szécsényi járás;37,14285714;TYWZ008;2024
Szegedi járás;20,73170732;TYWZ008;2024
Szeghalmi járás;43,47826087;TYWZ008;2024
Székesfehérvári járás;22,0657277;TYWZ008;2024
Szekszárdi járás;17,39130435;TYWZ008;2024
Szentendrei járás;15,84158416;TYWZ008;2024
Szentesi járás;16,66666667;TYWZ008;2024
Szentgotthárdi járás;16,66666667;TYWZ008;2024
Szentlőrinci járás;5,88235294;TYWZ008;2024
Szerencsi járás;29,16666667;TYWZ008;2024
Szigetszentmiklósi járás;22,79411765;TYWZ008;2024
Szigetvári járás;26,47058824;TYWZ008;2024
Szikszói járás;22,22222222;TYWZ008;2024
Szobi járás;17,39130435;TYWZ008;2024
Szolnoki járás;24,02234637;TYWZ008;2024
Szombathelyi járás;22,55319149;TYWZ008;2024
Tabi járás;12,5;TYWZ008;2024
Tamási járás;18,51851852;TYWZ008;2024
Tapolcai járás;11,86440678;TYWZ008;2024
Tatabányai járás;21,27659574;TYWZ008;2024
Tatai járás;24,69135802;TYWZ008;2024
Téti járás;23,07692308;TYWZ008;2024
Tiszafüredi járás;35;TYWZ008;2024
Tiszakécskei járás;14,28571429;TYWZ008;2024
Tiszaújvárosi járás;14,81481481;TYWZ008;2024
Tiszavasvári járás;28,07017544;TYWZ008;2024
Tokaji járás;15,78947368;TYWZ008;2024
Tolnai járás;19,35483871;TYWZ008;2024
Törökszentmiklósi járás;13,95348837;TYWZ008;2024
Váci járás;29,87012987;TYWZ008;2024
Várpalotai járás;15,38461538;TYWZ008;2024
Vásárosnaményi járás;21,05263158;TYWZ008;2024
Vasvári járás;17,39130435;TYWZ008;2024
Vecsési járás;16,04938272;TYWZ008;2024
Veszprémi járás;20,47244094;TYWZ008;2024
Záhonyi járás;27,27272727;TYWZ008;2024
Zalaegerszegi járás;34,30232558;TYWZ008;2024
Zalaszentgróti járás;20;TYWZ008;2024
Zirci járás;26,47058824;TYWZ008;2024
Ajkai járás;2,12765957;TYWZ009;2024
Aszódi járás;5,26315789;TYWZ009;2024
Bácsalmási járás;0;TYWZ009;2024
Bajai járás;7,89473684;TYWZ009;2024
Baktalórántházai járás;15,38461538;TYWZ009;2024
Balassagyarmati járás;5,79710145;TYWZ009;2024
Balatonalmádi járás;7,93650794;TYWZ009;2024
Balatonfüredi járás;3,44827586;TYWZ009;2024
Balmazújvárosi járás;2,63157895;TYWZ009;2024
Barcsi járás;0;TYWZ009;2024
Bátonyterenyei járás;14,28571429;TYWZ009;2024
Békéscsabai járás;4,59770115;TYWZ009;2024
Békési járás;9,375;TYWZ009;2024
Bélapátfalvai járás;0;TYWZ009;2024
Berettyóújfalui járás;6,66666667;TYWZ009;2024
Bicskei járás;7,01754386;TYWZ009;2024
Bólyi járás;5;TYWZ009;2024
Bonyhádi járás;2,12765957;TYWZ009;2024
Budakeszi járás;4,1322314;TYWZ009;2024
Budapest, illetve fiktív területi egység;4,3803056;TYWZ009;2024
Ceglédi járás;9,77443609;TYWZ009;2024
Celldömölki járás;12,12121212;TYWZ009;2024
Cigándi járás;0;TYWZ009;2024
Csengeri járás;4,34782609;TYWZ009;2024
Csongrádi járás;12,12121212;TYWZ009;2024
Csornai járás;0;TYWZ009;2024
Csurgói járás;0;TYWZ009;2024
Dabasi járás;7;TYWZ009;2024
Debreceni járás;4,14507772;TYWZ009;2024
Derecskei járás;4,65116279;TYWZ009;2024
Devecseri járás;3,03030303;TYWZ009;2024
Dombóvári járás;6,06060606;TYWZ009;2024
Dunakeszi járás;7,01754386;TYWZ009;2024
Dunaújvárosi járás;4,5045045;TYWZ009;2024
Edelényi járás;25;TYWZ009;2024
Egri járás;6,76691729;TYWZ009;2024
Encsi járás;6,25;TYWZ009;2024
Enyingi járás;0;TYWZ009;2024
Érdi járás;7,25806452;TYWZ009;2024
Esztergomi járás;7,43801653;TYWZ009;2024
Fehérgyarmati járás;7,31707317;TYWZ009;2024
Fonyódi járás;4,83870968;TYWZ009;2024
Füzesabonyi járás;4,91803279;TYWZ009;2024
Gárdonyi járás;10;TYWZ009;2024
Gödöllői járás;10,55276382;TYWZ009;2024
Gönci járás;13,33333333;TYWZ009;2024
Gyáli járás;5,43478261;TYWZ009;2024
Gyomaendrődi járás;2,85714286;TYWZ009;2024
Gyöngyösi járás;3,44827586;TYWZ009;2024
Győri járás;7,92349727;TYWZ009;2024
Gyulai járás;6;TYWZ009;2024
Hajdúböszörményi járás;7,31707317;TYWZ009;2024
Hajdúhadházi járás;5,71428571;TYWZ009;2024
Hajdúnánási járás;5,55555556;TYWZ009;2024
Hajdúszoboszlói járás;6,15384615;TYWZ009;2024
Hatvani járás;6,60377358;TYWZ009;2024
Hegyháti járás;0;TYWZ009;2024
Hevesi járás;7,14285714;TYWZ009;2024
Hódmezővásárhelyi járás;0;TYWZ009;2024
Ibrányi járás;14,28571429;TYWZ009;2024
Jánoshalmai járás;4,76190476;TYWZ009;2024
Jászapáti járás;7,40740741;TYWZ009;2024
Jászberényi járás;5,76923077;TYWZ009;2024
Kalocsai járás;7,69230769;TYWZ009;2024
Kaposvári járás;5,42168675;TYWZ009;2024
Kapuvári járás;0;TYWZ009;2024
Karcagi járás;1,4084507;TYWZ009;2024
Kazincbarcikai járás;3,57142857;TYWZ009;2024
Kecskeméti járás;5,78231293;TYWZ009;2024
Kemecsei járás;8;TYWZ009;2024
Keszthelyi járás;12,26415094;TYWZ009;2024
Kisbéri járás;3,125;TYWZ009;2024
Kiskőrösi járás;4,9382716;TYWZ009;2024
Kiskunfélegyházi járás;4,34782609;TYWZ009;2024
Kiskunhalasi járás;3,17460317;TYWZ009;2024
Kiskunmajsai járás;4;TYWZ009;2024
Kisteleki járás;5,71428571;TYWZ009;2024
Kisvárdai járás;9,375;TYWZ009;2024
Komáromi járás;3,44827586;TYWZ009;2024
Komlói járás;8,69565217;TYWZ009;2024
Körmendi járás;4,87804878;TYWZ009;2024
Kőszegi járás;4,34782609;TYWZ009;2024
Kunhegyesi járás;12,5;TYWZ009;2024
Kunszentmártoni járás;8,69565217;TYWZ009;2024
Kunszentmiklósi járás;6,81818182;TYWZ009;2024
Lenti járás;0;TYWZ009;2024
Letenyei járás;9,52380952;TYWZ009;2024
Makói járás;2;TYWZ009;2024
Marcali járás;1,5625;TYWZ009;2024
Martonvásári járás;11,11111111;TYWZ009;2024
Mátészalkai járás;11,81102362;TYWZ009;2024
Mezőcsáti járás;0;TYWZ009;2024
Mezőkovácsházai járás;11,11111111;TYWZ009;2024
Mezőkövesdi járás;1,96078431;TYWZ009;2024
Mezőtúri járás;3,03030303;TYWZ009;2024
Miskolci járás;5,24475524;TYWZ009;2024
Mohácsi járás;1,72413793;TYWZ009;2024
Monori járás;6,18556701;TYWZ009;2024
Mórahalmi járás;10,34482759;TYWZ009;2024
Móri járás;3,44827586;TYWZ009;2024
Mosonmagyaróvári járás;6,18556701;TYWZ009;2024
Nagyatádi járás;4,76190476;TYWZ009;2024
Nagykállói járás;8,69565217;TYWZ009;2024
Nagykanizsai járás;5,55555556;TYWZ009;2024
Nagykátai járás;4,47761194;TYWZ009;2024
Nagykőrösi járás;11,62790698;TYWZ009;2024
Nyíradonyi járás;5;TYWZ009;2024
Nyírbátori járás;7,46268657;TYWZ009;2024
Nyíregyházai járás;4,98442368;TYWZ009;2024
Orosházi járás;5,97014925;TYWZ009;2024
Oroszlányi járás;9,52380952;TYWZ009;2024
Ózdi járás;4,34782609;TYWZ009;2024
Paksi járás;8,06451613;TYWZ009;2024
Pannonhalmi járás;8;TYWZ009;2024
Pápai járás;10,98901099;TYWZ009;2024
Pásztói járás;8,16326531;TYWZ009;2024
Pécsi járás;4,62046205;TYWZ009;2024
Pécsváradi járás;4,76190476;TYWZ009;2024
Pétervásárai járás;15;TYWZ009;2024
Pilisvörösvári járás;1,92307692;TYWZ009;2024
Putnoki járás;17,85714286;TYWZ009;2024
Püspökladányi járás;5,76923077;TYWZ009;2024
Ráckevei járás;4,54545455;TYWZ009;2024
Rétsági járás;10,81081081;TYWZ009;2024
Salgótarjáni járás;13,04347826;TYWZ009;2024
Sárbogárdi járás;4,54545455;TYWZ009;2024
Sarkadi járás;8,69565217;TYWZ009;2024
Sárospataki járás;0;TYWZ009;2024
Sárvári járás;5,08474576;TYWZ009;2024
Sátoraljaújhelyi járás;0;TYWZ009;2024
Sellyei járás;5,55555556;TYWZ009;2024
Siklósi járás;9,75609756;TYWZ009;2024
Siófoki járás;1,88679245;TYWZ009;2024
Soproni járás;5,14705882;TYWZ009;2024
Sümegi járás;5,88235294;TYWZ009;2024
Szarvasi járás;0;TYWZ009;2024
Szécsényi járás;14,28571429;TYWZ009;2024
Szegedi járás;4,47154472;TYWZ009;2024
Szeghalmi járás;8,69565217;TYWZ009;2024
Székesfehérvári járás;7,51173709;TYWZ009;2024
Szekszárdi járás;5,43478261;TYWZ009;2024
Szentendrei járás;6,93069307;TYWZ009;2024
Szentesi járás;7,40740741;TYWZ009;2024
Szentgotthárdi járás;20,83333333;TYWZ009;2024
Szentlőrinci járás;11,76470588;TYWZ009;2024
Szerencsi járás;0;TYWZ009;2024
Szigetszentmiklósi járás;3,67647059;TYWZ009;2024
Szigetvári járás;5,88235294;TYWZ009;2024
Szikszói járás;11,11111111;TYWZ009;2024
Szobi járás;17,39130435;TYWZ009;2024
Szolnoki járás;2,79329609;TYWZ009;2024
Szombathelyi járás;7,23404255;TYWZ009;2024
Tabi járás;25;TYWZ009;2024
Tamási járás;3,7037037;TYWZ009;2024
Tapolcai járás;3,38983051;TYWZ009;2024
Tatabányai járás;4,25531915;TYWZ009;2024
Tatai járás;3,7037037;TYWZ009;2024
Téti járás;15,38461538;TYWZ009;2024
Tiszafüredi járás;0;TYWZ009;2024
Tiszakécskei járás;11,9047619;TYWZ009;2024
Tiszaújvárosi járás;0;TYWZ009;2024
Tiszavasvári járás;8,77192982;TYWZ009;2024
Tokaji járás;0;TYWZ009;2024
Tolnai járás;22,58064516;TYWZ009;2024
Törökszentmiklósi járás;4,65116279;TYWZ009;2024
Váci járás;6,49350649;TYWZ009;2024
Várpalotai járás;5,12820513;TYWZ009;2024
Vásárosnaményi járás;5,26315789;TYWZ009;2024
Vasvári járás;13,04347826;TYWZ009;2024
Vecsési járás;3,7037037;TYWZ009;2024
Veszprémi járás;0;TYWZ009;2024
Záhonyi járás;4,54545455;TYWZ009;2024
Zalaegerszegi járás;4,06976744;TYWZ009;2024
Zalaszentgróti járás;15;TYWZ009;2024
Zirci járás;8,82352941;TYWZ009;2024
